Type,Part Number,Brand,Model,Rank,Benchmark,Samples,URL
CPU,BX8071514900KS,Intel,Core i9-14900KS,1,133,1592,https://cpu.userbenchmark.com/SpeedTest/2295306/IntelR-CoreTM-i9-14900KS
CPU,BX8071514900KF,Intel,Core i9-14900KF,2,131,7773,https://cpu.userbenchmark.com/SpeedTest/2212218/IntelR-CoreTM-i9-14900KF
CPU,BX8071514900K,Intel,Core i9-14900K,3,131,19876,https://cpu.userbenchmark.com/Intel-Core-i9-14900K/Rating/4151
CPU,BX8071513900KS,Intel,Core i9-13900KS,4,131,4204,https://cpu.userbenchmark.com/SpeedTest/2000819/13th-Gen-IntelR-CoreTM-i9-13900KS
CPU,BX8071514700KF,Intel,Core i7-14700KF,5,130,4842,https://cpu.userbenchmark.com/SpeedTest/2212020/IntelR-CoreTM-i7-14700KF
CPU,BX8071514700K,Intel,Core i7-14700K,6,130,10287,https://cpu.userbenchmark.com/Intel-Core-i7-14700K/Rating/4152
CPU,100-100001973WOF,AMD,Ryzen 7 9850X3D,7,129,818,https://cpu.userbenchmark.com/SpeedTest/2499850/AMD-Ryzen-7-9850X3D-8-Core-Processor
CPU,BX8071513900KF,Intel,Core i9-13900KF,8,129,16914,https://cpu.userbenchmark.com/SpeedTest/1946957/13th-Gen-IntelR-CoreTM-i9-13900KF
CPU,BX8071513900K,Intel,Core i9-13900K,9,129,49132,https://cpu.userbenchmark.com/Intel-Core-i9-13900K/Rating/4129
CPU,100-100001084WOF,AMD,Ryzen 7 9800X3D,10,128,15972,https://cpu.userbenchmark.com/AMD-Ryzen-7-9800X3D/Rating/4191
CPU,BX8071513700KF,Intel,Core i7-13700KF,11,126,20009,https://cpu.userbenchmark.com/SpeedTest/1925886/13th-Gen-IntelR-CoreTM-i7-13700KF
CPU,BX8071513700K,Intel,Core i7-13700K,12,126,38490,https://cpu.userbenchmark.com/Intel-Core-i7-13700K/Rating/4137
CPU,BX80768250K,Intel,Core Ultra 5 250K (Plus),13,124,23,https://cpu.userbenchmark.com/SpeedTest/2517266/IntelR-CoreTM-Ultra-5-250K-Plus
CPU,BX8071514900,Intel,Core i9-14900,14,124,226,https://cpu.userbenchmark.com/SpeedTest/2278149/IntelR-CoreTM-i9-14900
CPU,BX8071514900F,Intel,Core i9-14900F,15,124,1023,https://cpu.userbenchmark.com/SpeedTest/2277046/IntelR-CoreTM-i9-14900F
CPU,BX8071514600KF,Intel,Core i5-14600KF,16,124,4869,https://cpu.userbenchmark.com/SpeedTest/2213004/IntelR-CoreTM-i5-14600KF
CPU,BX8071513900F,Intel,Core i9-13900F,17,124,824,https://cpu.userbenchmark.com/SpeedTest/1994287/13th-Gen-IntelR-CoreTM-i9-13900F
CPU,BX8071514600K,Intel,Core i5-14600K,18,124,3343,https://cpu.userbenchmark.com/Intel-Core-i5-14600K/Rating/4153
CPU,BX8071513900,Intel,Core i9-13900,19,123,1007,https://cpu.userbenchmark.com/SpeedTest/1977296/13th-Gen-IntelR-CoreTM-i9-13900
CPU,BX80768270K,Intel,Core Ultra 7 270K (Plus),20,122,78,https://cpu.userbenchmark.com/SpeedTest/2517302/IntelR-CoreTM-Ultra-7-270K-Plus
CPU,BX8071513600K,Intel,Core i5-13600K,21,122,27559,https://cpu.userbenchmark.com/Intel-Core-i5-13600K/Rating/4134
CPU,BX8071513600KF,Intel,Core i5-13600KF,22,122,33334,https://cpu.userbenchmark.com/SpeedTest/1950757/13th-Gen-IntelR-CoreTM-i5-13600KF
CPU,BX80768285K,Intel,Core Ultra 9 285K,23,121,259,https://cpu.userbenchmark.com/Intel-Core-Ultra-9-285K/Rating/4173
CPU,BX8071514700F,Intel,Core i7-14700F,24,121,7379,https://cpu.userbenchmark.com/SpeedTest/2271502/IntelR-CoreTM-i7-14700F
CPU,BX8071514700,Intel,Core i7-14700,25,121,1584,https://cpu.userbenchmark.com/SpeedTest/2275244/IntelR-CoreTM-i7-14700
CPU,100-100000910WOF,AMD,Ryzen 7 7800X3D,26,121,12540,https://cpu.userbenchmark.com/SpeedTest/2081998/AMD-Ryzen-7-7800X3D-8-Core-Processor
CPU,BX8071513700F,Intel,Core i7-13700F,27,121,4561,https://cpu.userbenchmark.com/SpeedTest/1997481/13th-Gen-IntelR-CoreTM-i7-13700F
CPU,BX8071513700,Intel,Core i7-13700,28,121,2216,https://cpu.userbenchmark.com/SpeedTest/1963418/13th-Gen-IntelR-CoreTM-i7-13700
CPU,100-100000719WOF,AMD,Ryzen 9 9950X3D,29,120,280,https://cpu.userbenchmark.com/SpeedTest/2397800/AMD-Ryzen-9-9950X3D-16-Core-Processor
CPU,100-100001978WOF,AMD,Ryzen 9 9950X3D2,30,120,25,https://cpu.userbenchmark.com/SpeedTest/2517448/AMD-Ryzen-9-9950X3D2-16-Core-Processor
CPU,BX8071512900KS,Intel,Core i9-12900KS,31,119,7188,https://cpu.userbenchmark.com/SpeedTest/1821519/12th-Gen-IntelR-CoreTM-i9-12900KS
CPU,BX80768265KF,Intel,Core Ultra 7 265KF,32,119,222,https://cpu.userbenchmark.com/SpeedTest/2356661/IntelR-CoreTM-Ultra-7-265KF
CPU,100-100001368WOF,AMD,Ryzen 9 9900X3D,33,119,82,https://cpu.userbenchmark.com/SpeedTest/2399325/AMD-Ryzen-9-9900X3D-12-Core-Processor
CPU,BX80768265K,Intel,Core Ultra 7 265K,34,119,536,https://cpu.userbenchmark.com/Intel-Core-Ultra-7-265K/Rating/4175
CPU,100-100001277WOF,AMD,Ryzen 9 9950X,35,118,218,https://cpu.userbenchmark.com/AMD-Ryzen-9-9950X/Rating/4172
CPU,,Intel,Core i9-14900HX,36,118,3762,https://cpu.userbenchmark.com/SpeedTest/2269186/IntelR-CoreTM-i9-14900HX
CPU,BX80768245K,Intel,Core Ultra 5 245K,37,117,76,https://cpu.userbenchmark.com/Intel-Core-Ultra-5-245K/Rating/4174
CPU,100-100000662WOF,AMD,Ryzen 9 9900X,38,117,319,https://cpu.userbenchmark.com/AMD-Ryzen-9-9900X/Rating/4171
CPU,BX8071512900K,Intel,Core i9-12900K,39,117,101563,https://cpu.userbenchmark.com/Intel-Core-i9-12900K/Rating/4118
CPU,BX8071512900KF,Intel,Core i9-12900KF,40,117,15291,https://cpu.userbenchmark.com/SpeedTest/1685583/12th-Gen-IntelR-CoreTM-i9-12900KF
CPU,BX80768245KF,Intel,Core Ultra 5 245KF,41,117,62,https://cpu.userbenchmark.com/SpeedTest/2359027/IntelR-CoreTM-Ultra-5-245KF
CPU,,Intel,Core i9-13980HX,42,117,6602,https://cpu.userbenchmark.com/SpeedTest/2030055/13th-Gen-IntelR-CoreTM-i9-13980HX
CPU,BX8071513600,Intel,Core i5-13600,43,117,97,https://cpu.userbenchmark.com/SpeedTest/2013466/13th-Gen-IntelR-CoreTM-i5-13600
CPU,100-100000908WOF,AMD,Ryzen 9 7950X3D,44,116,1499,https://cpu.userbenchmark.com/SpeedTest/2052977/AMD-Ryzen-9-7950X3D-16-Core-Processor
CPU,100-100001404WOF,AMD,Ryzen 7 9700X,45,116,801,https://cpu.userbenchmark.com/AMD-Ryzen-7-9700X/Rating/4169
CPU,BX8071514600,Intel,Core i5-14600,46,116,95,https://cpu.userbenchmark.com/SpeedTest/2279170/IntelR-CoreTM-i5-14600
CPU,,Intel,Core i9-13950HX,47,116,1007,https://cpu.userbenchmark.com/SpeedTest/2033250/13th-Gen-IntelR-CoreTM-i9-13950HX
CPU,100-100001405WOF,AMD,Ryzen 5 9600X,48,115,1975,https://cpu.userbenchmark.com/AMD-Ryzen-5-9600X/Rating/4170
CPU,100-100000909WOF,AMD,Ryzen 9 7900X3D,49,115,2814,https://cpu.userbenchmark.com/SpeedTest/2053257/AMD-Ryzen-9-7900X3D-12-Core-Processor
CPU,,Intel,Core i9-13900HX,50,115,8200,https://cpu.userbenchmark.com/SpeedTest/2023039/13th-Gen-IntelR-CoreTM-i9-13900HX
CPU,,Intel,Core Ultra 9 285HX,51,115,26,https://cpu.userbenchmark.com/SpeedTest/2399732/IntelR-CoreTM-Ultra-9-285HX
CPU,100-100000514WOF,AMD,Ryzen 9 7950X,52,114,2969,https://cpu.userbenchmark.com/AMD-Ryzen-9-7950X/Rating/4133
CPU,BX8071512700K,Intel,Core i7-12700K,53,114,133111,https://cpu.userbenchmark.com/Intel-Core-i7-12700K/Rating/4119
CPU,BX8071512700KF,Intel,Core i7-12700KF,54,114,70812,https://cpu.userbenchmark.com/SpeedTest/1699429/12th-Gen-IntelR-CoreTM-i7-12700KF
CPU,BX8071514500,Intel,Core i5-14500,55,114,345,https://cpu.userbenchmark.com/SpeedTest/2255984/IntelR-CoreTM-i5-14500
CPU,100-100000589WOF,AMD,Ryzen 9 7900X,56,113,6076,https://cpu.userbenchmark.com/AMD-Ryzen-9-7900X/Rating/4132
CPU,,Intel,Core Ultra 9 275HX,57,113,420,https://cpu.userbenchmark.com/SpeedTest/2389974/IntelR-CoreTM-Ultra-9-275HX
CPU,BX8071512900F,Intel,Core i9-12900F,58,113,2318,https://cpu.userbenchmark.com/SpeedTest/1757838/12th-Gen-IntelR-CoreTM-i9-12900F
CPU,BX8071513500,Intel,Core i5-13500,59,113,4279,https://cpu.userbenchmark.com/Intel-Core-i5-13500/Rating/4147
CPU,100-100000591WOF,AMD,Ryzen 7 7700X,60,112,7256,https://cpu.userbenchmark.com/AMD-Ryzen-7-7700X/Rating/4131
CPU,,Intel,Core i7-14700HX,61,112,1072,https://cpu.userbenchmark.com/SpeedTest/2222576/IntelR-CoreTM-i7-14700HX
CPU,,Intel,Core i7-13850HX,62,111,183,https://cpu.userbenchmark.com/SpeedTest/2085967/13th-Gen-IntelR-CoreTM-i7-13850HX
CPU,BX8071512900,Intel,Core i9-12900,63,111,2410,https://cpu.userbenchmark.com/SpeedTest/1668917/12th-Gen-IntelR-CoreTM-i9-12900
CPU,100-100000593WOF,AMD,Ryzen 5 7600X,64,111,18211,https://cpu.userbenchmark.com/AMD-Ryzen-5-7600X/Rating/4130
CPU,BX8071512600KF,Intel,Core i5-12600KF,65,109,40032,https://cpu.userbenchmark.com/SpeedTest/1700734/12th-Gen-IntelR-CoreTM-i5-12600KF
CPU,BX8071512700F,Intel,Core i7-12700F,66,109,31910,https://cpu.userbenchmark.com/Intel-Core-i7-12700F/Rating/4124
CPU,BX8071512600K,Intel,Core i5-12600K,67,109,101563,https://cpu.userbenchmark.com/Intel-Core-i5-12600K/Rating/4120
CPU,100-100000592BOX,AMD,Ryzen 7 7700,68,109,2291,https://cpu.userbenchmark.com/SpeedTest/2016389/AMD-Ryzen-7-7700-8-Core-Processor
CPU,100-100000590BOX,AMD,Ryzen 9 7900,69,109,939,https://cpu.userbenchmark.com/SpeedTest/2015863/AMD-Ryzen-9-7900-12-Core-Processor
CPU,BX8071512700,Intel,Core i7-12700,70,108,25535,https://cpu.userbenchmark.com/SpeedTest/1750830/12th-Gen-IntelR-CoreTM-i7-12700
CPU,,Intel,Core i7-13700HX,71,108,4526,https://cpu.userbenchmark.com/SpeedTest/1994585/13th-Gen-IntelR-CoreTM-i7-13700HX
CPU,,Intel,Core i9-13900H,72,107,4699,https://cpu.userbenchmark.com/SpeedTest/2035047/13th-Gen-IntelR-CoreTM-i9-13900H
CPU,BX8071514400F,Intel,Core i5-14400F,73,107,1254,https://cpu.userbenchmark.com/SpeedTest/2273207/IntelR-CoreTM-i5-14400F
CPU,BX8071514400,Intel,Core i5-14400,74,107,129,https://cpu.userbenchmark.com/SpeedTest/2274632/IntelR-CoreTM-i5-14400
CPU,,Intel,Core i9-12950HX,75,107,515,https://cpu.userbenchmark.com/SpeedTest/1842274/12th-Gen-IntelR-CoreTM-i9-12950HX
CPU,100-000001721,AMD,Ryzen 5 7600X3D,76,106,324,https://cpu.userbenchmark.com/SpeedTest/2342631/AMD-Ryzen-5-7600X3D-6-Core-Processor
CPU,BX8071513400F,Intel,Core i5-13400F,77,106,9951,https://cpu.userbenchmark.com/Intel-Core-i5-13400F/Rating/4144
CPU,,Intel,Core i7-14650HX,78,106,705,https://cpu.userbenchmark.com/SpeedTest/2277720/IntelR-CoreTM-i7-14650HX
CPU,,Intel,Core i7-13800H,79,106,298,https://cpu.userbenchmark.com/SpeedTest/2065142/13th-Gen-IntelR-CoreTM-i7-13800H
CPU,100-000001015BOX,AMD,Ryzen 5 7600,80,106,5938,https://cpu.userbenchmark.com/SpeedTest/2016198/AMD-Ryzen-5-7600-6-Core-Processor
CPU,BX8071513400,Intel,Core i5-13400,81,106,2742,https://cpu.userbenchmark.com/SpeedTest/1990711/13th-Gen-IntelR-CoreTM-i5-13400
CPU,,Intel,Core i9-12900HX,82,105,1278,https://cpu.userbenchmark.com/SpeedTest/1832602/12th-Gen-IntelR-CoreTM-i9-12900HX
CPU,,Intel,Core Ultra 9 285H,83,105,680,https://cpu.userbenchmark.com/SpeedTest/2390229/IntelR-CoreTM-Ultra-9-285H
CPU,100-100000651WOF,AMD,Ryzen 7 5800X3D,84,104,23248,https://cpu.userbenchmark.com/SpeedTest/1817839/AMD-Ryzen-7-5800X3D-8-Core-Processor
CPU,,Intel,Core i7-13650HX,85,104,5188,https://cpu.userbenchmark.com/SpeedTest/2049566/13th-Gen-IntelR-CoreTM-i7-13650HX
CPU,BX8070811900KF,Intel,Core i9-11900KF,86,104,17778,https://cpu.userbenchmark.com/SpeedTest/1515781/11th-Gen-IntelR-CoreTM-i9-11900KF---350GHz
CPU,,Intel,Core i7-13700H,87,104,4749,https://cpu.userbenchmark.com/SpeedTest/2039665/13th-Gen-IntelR-CoreTM-i7-13700H
CPU,BX8070811900K,Intel,Core i9-11900K,88,103,44319,https://cpu.userbenchmark.com/Intel-Core-i9-11900K/Rating/4110
CPU,100-000000597,AMD,Ryzen 5 7500F,89,103,5284,https://cpu.userbenchmark.com/SpeedTest/2144536/AMD-Ryzen-5-7500F-6-Core-Processor
CPU,,Intel,Core i7-13620H,90,103,7517,https://cpu.userbenchmark.com/SpeedTest/2049481/13th-Gen-IntelR-CoreTM-i7-13620H
CPU,BX8071512600,Intel,Core i5-12600,91,102,4164,https://cpu.userbenchmark.com/SpeedTest/1751978/12th-Gen-IntelR-CoreTM-i5-12600
CPU,BX8070811700KF,Intel,Core i7-11700KF,92,102,17565,https://cpu.userbenchmark.com/SpeedTest/1514594/11th-Gen-IntelR-CoreTM-i7-11700KF---360GHz
CPU,,Intel,Core i5-14500HX,93,102,93,https://cpu.userbenchmark.com/SpeedTest/2289428/IntelR-CoreTM-i5-14500HX
CPU,BX8070811700K,Intel,Core i7-11700K,94,101,65651,https://cpu.userbenchmark.com/Intel-Core-i7-11700K/Rating/4107
CPU,,Intel,Core Ultra 7 255H,95,101,205,https://cpu.userbenchmark.com/SpeedTest/2397209/IntelR-CoreTM-Ultra-7-255H
CPU,100-100000059WOF,AMD,Ryzen 9 5950X,96,100,33026,https://cpu.userbenchmark.com/AMD-Ryzen-9-5950X/Rating/4086
CPU,100-100001176WOF,AMD,Ryzen 5 5600X3D,97,100,1473,https://cpu.userbenchmark.com/SpeedTest/2142471/AMD-Ryzen-5-5600X3D-6-Core-Processor
CPU,BX8070811900F,Intel,Core i9-11900F,98,100,3566,https://cpu.userbenchmark.com/SpeedTest/1492552/11th-Gen-IntelR-CoreTM-i9-11900F---250GHz
CPU,,Intel,Core i5-13500H,99,99.9,2399,https://cpu.userbenchmark.com/SpeedTest/2055743/13th-Gen-IntelR-CoreTM-i5-13500H
CPU,BX8070811900,Intel,Core i9-11900,100,99.9,3353,https://cpu.userbenchmark.com/SpeedTest/1515871/11th-Gen-IntelR-CoreTM-i9-11900---250GHz
CPU,,Intel,Core i9-12900HK,101,99.7,2176,https://cpu.userbenchmark.com/SpeedTest/1763927/12th-Gen-IntelR-CoreTM-i9-12900HK
CPU,BX8070110900K,Intel,Core i9-10900K,102,99.6,107269,https://cpu.userbenchmark.com/Intel-Core-i9-10900K/Rating/4071
CPU,BX8070110900KF,Intel,Core i9-10900KF,103,99.5,21040,https://cpu.userbenchmark.com/SpeedTest/1174369/IntelR-CoreTM-i9-10900KF-CPU---370GHz
CPU,BX8070811600K,Intel,Core i5-11600K,104,99.3,43966,https://cpu.userbenchmark.com/Intel-Core-i5-11600K/Rating/4113
CPU,BX8071512500,Intel,Core i5-12500,105,99.2,3715,https://cpu.userbenchmark.com/Intel-Core-i5-12500/Rating/4123
CPU,,Intel,Core 7 240H,106,99.2,102,https://cpu.userbenchmark.com/SpeedTest/2402288/IntelR-CoreTM-7-240H
CPU,BX8070811600KF,Intel,Core i5-11600KF,107,99.1,9286,https://cpu.userbenchmark.com/SpeedTest/1512279/11th-Gen-IntelR-CoreTM-i5-11600KF---390GHz
CPU,100-100001582BOX,AMD,Ryzen 7 5800XT,108,99,193,https://cpu.userbenchmark.com/SpeedTest/2336668/AMD-Ryzen-7-5800XT-8-Core-Processor
CPU,,Intel,Core i9-12900H,109,99,15403,https://cpu.userbenchmark.com/SpeedTest/1757877/12th-Gen-IntelR-CoreTM-i9-12900H
CPU,100-100000061WOF,AMD,Ryzen 9 5900X,110,99,37992,https://cpu.userbenchmark.com/AMD-Ryzen-9-5900X/Rating/4087
CPU,BX8070110850K,Intel,Core i9-10850K,111,98.9,84873,https://cpu.userbenchmark.com/SpeedTest/1255865/IntelR-CoreTM-i9-10850K-CPU---360GHz
CPU,BX80684I99900KS,Intel,Core i9-9900KS,112,98.8,12840,https://cpu.userbenchmark.com/SpeedTest/929964/IntelR-CoreTM-i9-9900KS-CPU---400GHz
CPU,BX8071512400,Intel,Core i5-12400,113,98.2,17352,https://cpu.userbenchmark.com/Intel-Core-i5-12400/Rating/4122
CPU,BX8070811700F,Intel,Core i7-11700F,114,98.2,37740,https://cpu.userbenchmark.com/SpeedTest/1522100/11th-Gen-IntelR-CoreTM-i7-11700F---250GHz
CPU,BX8070811700,Intel,Core i7-11700,115,98.1,20430,https://cpu.userbenchmark.com/SpeedTest/1450761/11th-Gen-IntelR-CoreTM-i7-11700---250GHz
CPU,BX8071512400F,Intel,Core i5-12400F,116,98.1,54052,https://cpu.userbenchmark.com/Intel-Core-i5-12400F/Rating/4121
CPU,100-100001581WOF,AMD,Ryzen 9 5900XT,117,98,125,https://cpu.userbenchmark.com/SpeedTest/2334382/AMD-Ryzen-9-5900XT-16-Core-Processor
CPU,,Intel,Core i7-12800H,118,98,2192,https://cpu.userbenchmark.com/SpeedTest/1760724/12th-Gen-IntelR-CoreTM-i7-12800H
CPU,BX80684I99900K,Intel,Core i9-9900K,119,97.9,354223,https://cpu.userbenchmark.com/Intel-Core-i9-9900K/Rating/4028
CPU,100-100000063WOF,AMD,Ryzen 7 5800X,120,97.9,89263,https://cpu.userbenchmark.com/AMD-Ryzen-7-5800X/Rating/4085
CPU,100-100001590BOX,AMD,Ryzen 7 8700F,121,97.8,103,https://cpu.userbenchmark.com/SpeedTest/2317014/AMD-Ryzen-7-8700F-8-Core-Processor
CPU,BX80684I99900KF,Intel,Core i9-9900KF,122,97.8,50265,https://cpu.userbenchmark.com/SpeedTest/764533/IntelR-CoreTM-i9-9900KF-CPU---360GHz
CPU,,AMD,Ryzen 9 5900,123,97.2,1297,https://cpu.userbenchmark.com/SpeedTest/1528736/AMD-Ryzen-9-5900-12-Core-Processor
CPU,BX8071514100F,Intel,Core i3-14100F,124,97.2,488,https://cpu.userbenchmark.com/SpeedTest/2275778/IntelR-CoreTM-i3-14100F
CPU,BX80684I79700KF,Intel,Core i7-9700KF,125,97.1,32736,https://cpu.userbenchmark.com/SpeedTest/710154/IntelR-CoreTM-i7-9700KF-CPU---360GHz
CPU,BX8071514100,Intel,Core i3-14100,126,97.1,170,https://cpu.userbenchmark.com/SpeedTest/2277146/IntelR-CoreTM-i3-14100
CPU,,Intel,Core i7-12700H,127,97,52857,https://cpu.userbenchmark.com/SpeedTest/1750314/12th-Gen-IntelR-CoreTM-i7-12700H
CPU,100-100001503WOF,AMD,Ryzen 7 5700X3D,128,97,2015,https://cpu.userbenchmark.com/SpeedTest/2280831/AMD-Ryzen-7-5700X3D-8-Core-Processor
CPU,BX8070811600,Intel,Core i5-11600,129,97,2296,https://cpu.userbenchmark.com/SpeedTest/1543284/11th-Gen-IntelR-CoreTM-i5-11600---280GHz
CPU,,Intel,Core Ultra 5 225H,130,96.9,67,https://cpu.userbenchmark.com/SpeedTest/2396908/IntelR-CoreTM-Ultra-5-225H
CPU,BX80684I79700K,Intel,Core i7-9700K,131,96.9,550833,https://cpu.userbenchmark.com/Intel-Core-i7-9700K/Rating/4030
CPU,,Intel,Core i7-12650HX,132,96.8,25,https://cpu.userbenchmark.com/SpeedTest/1798547/12th-Gen-IntelR-CoreTM-i7-12650HX
CPU,BX8070110700K,Intel,Core i7-10700K,133,96.5,198859,https://cpu.userbenchmark.com/Intel-Core-i7-10700K/Rating/4070
CPU,BX8070110700KF,Intel,Core i7-10700KF,134,96.3,37394,https://cpu.userbenchmark.com/SpeedTest/1171560/IntelR-CoreTM-i7-10700KF-CPU---380GHz
CPU,,Intel,Core Ultra 9 288V,135,96.3,111,https://cpu.userbenchmark.com/SpeedTest/2357969/IntelR-CoreTM-Ultra-9-288V
CPU,,Intel,Core i5-12600H,136,96.2,83,https://cpu.userbenchmark.com/SpeedTest/1847567/12th-Gen-IntelR-CoreTM-i5-12600H
CPU,,Intel,Core i7-12650H,137,96.2,16339,https://cpu.userbenchmark.com/SpeedTest/1807229/12th-Gen-IntelR-CoreTM-i7-12650H
CPU,BX8071513100F,Intel,Core i3-13100F,138,96,1933,https://cpu.userbenchmark.com/Intel-Core-i3-13100F/Rating/4143
CPU,BX8071513100,Intel,Core i3-13100,139,96,304,https://cpu.userbenchmark.com/SpeedTest/2011672/13th-Gen-IntelR-CoreTM-i3-13100
CPU,100-100000926WOF,AMD,Ryzen 7 5700X,140,96,13351,https://cpu.userbenchmark.com/SpeedTest/1823386/AMD-Ryzen-7-5700X-8-Core-Processor
CPU,100-100000065BOX,AMD,Ryzen 5 5600X,141,95.9,383420,https://cpu.userbenchmark.com/AMD-Ryzen-5-5600X/Rating/4084
CPU,BX8070811500,Intel,Core i5-11500,142,95.9,5693,https://cpu.userbenchmark.com/SpeedTest/1496869/11th-Gen-IntelR-CoreTM-i5-11500---270GHz
CPU,,AMD,Ryzen 7 5800,143,95.9,1982,https://cpu.userbenchmark.com/SpeedTest/1496609/AMD-Ryzen-7-5800-8-Core-Processor
CPU,BX8071512300,Intel,Core i3-12300,144,95.5,25,https://cpu.userbenchmark.com/SpeedTest/1796462/12th-Gen-IntelR-CoreTM-i3-12300
CPU,BX8070110900F,Intel,Core i9-10900F,145,95.4,8499,https://cpu.userbenchmark.com/SpeedTest/1196789/IntelR-CoreTM-i9-10900F-CPU---280GHz
CPU,,Intel,Core i5-13420H,146,95.1,4686,https://cpu.userbenchmark.com/SpeedTest/2088006/13th-Gen-IntelR-CoreTM-i5-13420H
CPU,,Intel,Core Ultra 9 185H,147,95,1832,https://cpu.userbenchmark.com/SpeedTest/2281017/IntelR-CoreTM-Ultra-9-185H
CPU,100-100001236BOX,AMD,Ryzen 7 8700G,148,95,103,https://cpu.userbenchmark.com/SpeedTest/2282824/AMD-Ryzen-7-8700G-w-Radeon-780M-Graphics
CPU,,Intel,Core 5 210H,149,94.9,786,https://cpu.userbenchmark.com/SpeedTest/2393613/IntelR-CoreTM-5-210H
CPU,,Intel,Core i5-12500H,150,94.2,18053,https://cpu.userbenchmark.com/SpeedTest/1793224/12th-Gen-IntelR-CoreTM-i5-12500H
CPU,BX8070811400,Intel,Core i5-11400,151,94.2,24459,https://cpu.userbenchmark.com/Intel-Core-i5-11400/Rating/4112
CPU,BX8071512100,Intel,Core i3-12100,152,94.2,4192,https://cpu.userbenchmark.com/Intel-Core-i3-12100/Rating/4126
CPU,BX8071512100F,Intel,Core i3-12100F,153,94.1,11860,https://cpu.userbenchmark.com/Intel-Core-i3-12100F/Rating/4125
CPU,,Intel,Core i9-10900,154,94,11130,https://cpu.userbenchmark.com/SpeedTest/1169242/IntelR-CoreTM-i9-10900-CPU---280GHz
CPU,BX8070811400F,Intel,Core i5-11400F,155,94,84259,https://cpu.userbenchmark.com/Intel-Core-i5-11400F/Rating/4111
CPU,,Intel,Core i7-1370P,156,93.9,296,https://cpu.userbenchmark.com/SpeedTest/2086746/13th-Gen-IntelR-CoreTM-i7-1370P
CPU,100-100000927BOX,AMD,Ryzen 5 5600,157,93.3,7429,https://cpu.userbenchmark.com/SpeedTest/1822932/AMD-Ryzen-5-5600-6-Core-Processor
CPU,BX80684I59600K,Intel,Core i5-9600K,158,93.2,321194,https://cpu.userbenchmark.com/Intel-Core-i5-9600K/Rating/4031
CPU,BX8070110700F,Intel,Core i7-10700F,159,93.2,44448,https://cpu.userbenchmark.com/SpeedTest/1183814/IntelR-CoreTM-i7-10700F-CPU---290GHz
CPU,BX80684I59600KF,Intel,Core i5-9600KF,160,93.2,65122,https://cpu.userbenchmark.com/SpeedTest/772658/IntelR-CoreTM-i5-9600KF-CPU---370GHz
CPU,,Intel,Core i9-11980HK,161,93,1579,https://cpu.userbenchmark.com/SpeedTest/1569162/11th-Gen-IntelR-CoreTM-i9-11980HK---260GHz
CPU,100-100001591BOX,AMD,Ryzen 5 8400F,162,92.9,102,https://cpu.userbenchmark.com/SpeedTest/2312056/AMD-Ryzen-5-8400F-6-Core-Processor
CPU,,Intel,Core Ultra 7 268V,163,92.7,59,https://cpu.userbenchmark.com/SpeedTest/2389762/IntelR-CoreTM-Ultra-7-268V
CPU,BX8070110700,Intel,Core i7-10700,164,92.6,71010,https://cpu.userbenchmark.com/Intel-Core-i7-10700/Rating/4077
CPU,BX80684I59600,Intel,Core i5-9600,165,92.3,931,https://cpu.userbenchmark.com/SpeedTest/853186/IntelR-CoreTM-i5-9600-CPU---310GHz
CPU,BX8070110600K,Intel,Core i5-10600K,166,92.2,70951,https://cpu.userbenchmark.com/Intel-Core-i5-10600K/Rating/4072
CPU,,Intel,Core Ultra 7 266V,167,92.2,25,https://cpu.userbenchmark.com/SpeedTest/2389229/IntelR-CoreTM-Ultra-7-266V
CPU,,Intel,Core i7-1360P,168,92.2,1172,https://cpu.userbenchmark.com/SpeedTest/2032791/13th-Gen-IntelR-CoreTM-i7-1360P
CPU,100-100001237BOX,AMD,Ryzen 5 8600G,169,92.2,161,https://cpu.userbenchmark.com/SpeedTest/2284167/AMD-Ryzen-5-8600G-w-Radeon-760M-Graphics
CPU,BX80684I79700,Intel,Core i7-9700,170,92,79875,https://cpu.userbenchmark.com/SpeedTest/816180/IntelR-CoreTM-i7-9700-CPU---300GHz
CPU,,AMD,Ryzen 9 HX 370,171,92,199,https://cpu.userbenchmark.com/SpeedTest/2329463/AMD-Ryzen-AI-9-HX-370-w-Radeon-890M
CPU,BX80684I79700F,Intel,Core i7-9700F,172,92,54980,https://cpu.userbenchmark.com/SpeedTest/816132/IntelR-CoreTM-i7-9700F-CPU---300GHz
CPU,,Intel,Core i9-11950H,173,92,1090,https://cpu.userbenchmark.com/SpeedTest/1554081/11th-Gen-IntelR-CoreTM-i9-11950H---260GHz
CPU,BX8070110600KF,Intel,Core i5-10600KF,174,91.9,24257,https://cpu.userbenchmark.com/SpeedTest/1225152/IntelR-CoreTM-i5-10600KF-CPU---410GHz
CPU,BX80684I99900,Intel,Core i9-9900,175,91.4,11853,https://cpu.userbenchmark.com/SpeedTest/816115/IntelR-CoreTM-i9-9900-CPU---310GHz
CPU,,Intel,Core Ultra 5 238V,176,91.3,25,https://cpu.userbenchmark.com/SpeedTest/2397024/IntelR-CoreTM-Ultra-5-238V
CPU,,Intel,Core Ultra 7 256V,177,91.2,204,https://cpu.userbenchmark.com/SpeedTest/2350949/IntelR-CoreTM-Ultra-7-256V
CPU,BX80684I78086K,Intel,Core i7-8086K,178,90.8,38086,https://cpu.userbenchmark.com/SpeedTest/516988/IntelR-CoreTM-i7-8086K-CPU---400GHz
CPU,,Intel,Core Ultra 7 165H,179,90.8,167,https://cpu.userbenchmark.com/SpeedTest/2265297/IntelR-CoreTM-Ultra-7-165H
CPU,BX80684I58600K,Intel,Core i5-8600K,180,90.7,264837,https://cpu.userbenchmark.com/Intel-Core-i5-8600K/Rating/3941
CPU,,Intel,Core Ultra 7 258V,181,90.6,422,https://cpu.userbenchmark.com/SpeedTest/2348917/IntelR-CoreTM-Ultra-7-258V
CPU,,Intel,Core Ultra 5 236V,182,90.6,32,https://cpu.userbenchmark.com/SpeedTest/2398431/IntelR-CoreTM-Ultra-5-236V
CPU,BX8070110600,Intel,Core i5-10600,183,90.2,7605,https://cpu.userbenchmark.com/Intel-Core-i5-10600/Rating/4069
CPU,,AMD,Ryzen 9 7945HX,184,90.1,233,https://cpu.userbenchmark.com/SpeedTest/2064608/AMD-Ryzen-9-7945HX-with-Radeon-Graphics
CPU,,Intel,Core i5-12450H,185,90,18684,https://cpu.userbenchmark.com/SpeedTest/1814904/12th-Gen-IntelR-CoreTM-i5-12450H
CPU,,Intel,Core Ultra 5 228V,186,90,25,https://cpu.userbenchmark.com/SpeedTest/2363243/IntelR-CoreTM-Ultra-5-228V
CPU,,Intel,Core i9-11900H,187,90,5890,https://cpu.userbenchmark.com/SpeedTest/1539880/11th-Gen-IntelR-CoreTM-i9-11900H---250GHz
CPU,,Intel,Core i3-10320,188,89.6,620,https://cpu.userbenchmark.com/SpeedTest/1180543/IntelR-CoreTM-i3-10320-CPU---380GHz
CPU,100-100000051WOF,AMD,Ryzen 9 3950X,189,89.3,50170,https://cpu.userbenchmark.com/AMD-Ryzen-9-3950X/Rating/4057
CPU,BX80684I39350KF,Intel,Core i3-9350KF,190,89.3,1442,https://cpu.userbenchmark.com/Intel-Core-i3-9350KF/Rating/4055
CPU,,Intel,Core Ultra 5 226V,191,89.2,207,https://cpu.userbenchmark.com/SpeedTest/2361340/IntelR-CoreTM-Ultra-5-226V
CPU,,Intel,Core Ultra 7 155H,192,89.1,3014,https://cpu.userbenchmark.com/SpeedTest/2193961/IntelR-CoreTM-Ultra-7-155H
CPU,100-100000931BOX,AMD,Ryzen 5 8500G,193,89,165,https://cpu.userbenchmark.com/SpeedTest/2284775/AMD-Ryzen-5-8500G-w-Radeon-740M-Graphics
CPU,,Intel,Core i5-1350P,194,89,97,https://cpu.userbenchmark.com/SpeedTest/2086769/13th-Gen-IntelR-CoreTM-i5-1350P
CPU,,Intel,Core Ultra 7 265U,195,89,31,https://cpu.userbenchmark.com/SpeedTest/2408105/IntelR-CoreTM-Ultra-7-265U
CPU,,Intel,Core i7-11850H,196,88.9,3563,https://cpu.userbenchmark.com/SpeedTest/1557007/11th-Gen-IntelR-CoreTM-i7-11850H---250GHz
CPU,100-100000277WOF,AMD,Ryzen 9 3900XT,197,88.7,16922,https://cpu.userbenchmark.com/SpeedTest/1202614/AMD-Ryzen-9-3900XT-12-Core-Processor
CPU,BX80684I78700K,Intel,Core i7-8700K,198,88.4,746287,https://cpu.userbenchmark.com/Intel-Core-i7-8700K/Rating/3937
CPU,,AMD,Ryzen 9 7845HX,199,88.2,216,https://cpu.userbenchmark.com/SpeedTest/2064997/AMD-Ryzen-9-7845HX-with-Radeon-Graphics
CPU,BX80684I58600,Intel,Core i5-8600,200,88.2,18241,https://cpu.userbenchmark.com/SpeedTest/477251/IntelR-CoreTM-i5-8600-CPU---310GHz
CPU,,Intel,Core i7-11800H,201,88.2,79827,https://cpu.userbenchmark.com/SpeedTest/1542191/11th-Gen-IntelR-CoreTM-i7-11800H---230GHz
CPU,,Intel,Core i5-1340P,202,88.1,667,https://cpu.userbenchmark.com/SpeedTest/2033578/13th-Gen-IntelR-CoreTM-i5-1340P
CPU,100-100000279WOF,AMD,Ryzen 7 3800XT,203,88.1,13898,https://cpu.userbenchmark.com/SpeedTest/1218139/AMD-Ryzen-7-3800XT-8-Core-Processor
CPU,100-100000263BOX,AMD,Ryzen 7 5700G,204,88,5719,https://cpu.userbenchmark.com/SpeedTest/1552677/AMD-Ryzen-7-5700G-with-Radeon-Graphics
CPU,100-100000023BOX,AMD,Ryzen 9 3900X,205,87.9,197342,https://cpu.userbenchmark.com/AMD-Ryzen-9-3900X/Rating/4044
CPU,,Intel,Core Ultra 7 255U,206,87.7,39,https://cpu.userbenchmark.com/SpeedTest/2386876/IntelR-CoreTM-Ultra-7-255U
CPU,BX8070110300,Intel,Core i3-10300,207,87.4,391,https://cpu.userbenchmark.com/Intel-Core-i3-10300/Rating/4074
CPU,100-100000010WOF,AMD,Ryzen TR 3960X,208,87.2,6609,https://cpu.userbenchmark.com/SpeedTest/969111/AMD-Ryzen-Threadripper-3960X-24-Core-Processor
CPU,BX8069510920X,Intel,Core i9-10920X,209,87.2,3007,https://cpu.userbenchmark.com/SpeedTest/931866/IntelR-CoreTM-i9-10920X-CPU---350GHz
CPU,,Intel,Core i7-1280P,210,87.2,887,https://cpu.userbenchmark.com/SpeedTest/1817404/12th-Gen-IntelR-CoreTM-i7-1280P
CPU,100-100001488BOX,AMD,Ryzen 5 5600GT,211,87.1,146,https://cpu.userbenchmark.com/SpeedTest/2283304/AMD-Ryzen-5-5600GT-with-Radeon-Graphics
CPU,100-100000025BOX,AMD,Ryzen 7 3800X,212,87,141122,https://cpu.userbenchmark.com/AMD-Ryzen-7-3800X/Rating/4047
CPU,BX80677I77740X,Intel,Core i7-7740X,213,87,5094,https://cpu.userbenchmark.com/SpeedTest/304932/IntelR-CoreTM-i7-7740X-CPU---430GHz
CPU,BX80684I78700,Intel,Core i7-8700,214,87,349567,https://cpu.userbenchmark.com/Intel-Core-i7-8700/Rating/3940
CPU,BX80684I59500,Intel,Core i5-9500,215,87,9059,https://cpu.userbenchmark.com/SpeedTest/825467/IntelR-CoreTM-i5-9500-CPU---300GHz
CPU,,Intel,Core Ultra 5 125H,216,86.9,492,https://cpu.userbenchmark.com/SpeedTest/2226672/IntelR-CoreTM-Ultra-5-125H
CPU,BX80671I76950X,Intel,Core i7-6950X,217,86.8,6135,https://cpu.userbenchmark.com/Intel-Core-i7-6950X/Rating/3604
CPU,,Intel,Core Ultra 5 235U,218,86.6,52,https://cpu.userbenchmark.com/SpeedTest/2409506/IntelR-CoreTM-Ultra-5-235U
CPU,BX80684I59400,Intel,Core i5-9400,219,86.5,22187,https://cpu.userbenchmark.com/SpeedTest/735306/IntelR-CoreTM-i5-9400-CPU---290GHz
CPU,BX80673I99920X,Intel,Core i9-9920X,220,86.4,1009,https://cpu.userbenchmark.com/SpeedTest/656219/IntelR-CoreTM-i9-9920X-CPU---350GHz
CPU,,AMD,Ryzen 9 7940HS,221,86.1,930,https://cpu.userbenchmark.com/SpeedTest/2069169/AMD-Ryzen-9-7940HS-w-Radeon-780M-Graphics
CPU,100-100000011WOF,AMD,Ryzen TR 3970X,222,86.1,5130,https://cpu.userbenchmark.com/SpeedTest/970030/AMD-Ryzen-Threadripper-3970X-32-Core-Processor
CPU,100-100000457BOX,AMD,Ryzen 5 5500,223,85.9,7024,https://cpu.userbenchmark.com/SpeedTest/1820844/AMD-Ryzen-5-5500
CPU,100-100000071BOX,AMD,Ryzen 7 3700X,224,85.9,635419,https://cpu.userbenchmark.com/AMD-Ryzen-7-3700X/Rating/4043
CPU,100-100000252BOX,AMD,Ryzen 5 5600G,225,85.9,26607,https://cpu.userbenchmark.com/SpeedTest/1553183/AMD-Ryzen-5-5600G-with-Radeon-Graphics
CPU,BX80671I76900K,Intel,Core i7-6900K,226,85.9,6755,https://cpu.userbenchmark.com/Intel-Core-i7-6900K/Rating/3605
CPU,100-000000163,AMD,Ryzen TR 3990X,227,85.8,1222,https://cpu.userbenchmark.com/SpeedTest/1035665/AMD-Ryzen-Threadripper-3990X-64-Core-Processor
CPU,BX8069510940X,Intel,Core i9-10940X,228,85.7,1827,https://cpu.userbenchmark.com/SpeedTest/932085/IntelR-CoreTM-i9-10940X-CPU---330GHz
CPU,,Intel,Core i9-10900T,229,85.5,163,https://cpu.userbenchmark.com/SpeedTest/1238258/IntelR-CoreTM-i9-10900T-CPU---190GHz
CPU,BX80673I99940X,Intel,Core i9-9940X,230,85.4,1846,https://cpu.userbenchmark.com/SpeedTest/641326/IntelR-CoreTM-i9-9940X-CPU---330GHz
CPU,BX8070110400F,Intel,Core i5-10400F,231,85.2,153026,https://cpu.userbenchmark.com/Intel-Core-i5-10400F/Rating/4079
CPU,,Intel,Core i7-10700T,232,85.2,1608,https://cpu.userbenchmark.com/SpeedTest/1218230/IntelR-CoreTM-i7-10700T-CPU---200GHz
CPU,,Intel,Core i7-1260P,233,85.1,4690,https://cpu.userbenchmark.com/SpeedTest/1787416/12th-Gen-IntelR-CoreTM-i7-1260P
CPU,BX8069510900X,Intel,Core i9-10900X,234,85.1,6322,https://cpu.userbenchmark.com/SpeedTest/969950/IntelR-CoreTM-i9-10900X-CPU---370GHz
CPU,BX80658i75775C,Intel,Core i7-5775C,235,84.9,2527,https://cpu.userbenchmark.com/SpeedTest/30276/IntelR-CoreTM-i7-5775C-CPU---330GHz
CPU,,AMD,Ryzen 7 7745HX,236,84.9,109,https://cpu.userbenchmark.com/SpeedTest/2100010/AMD-Ryzen-7-7745HX-with-Radeon-Graphics
CPU,BX80673I99960X,Intel,Core i9-9960X,237,84.9,850,https://cpu.userbenchmark.com/SpeedTest/653060/IntelR-CoreTM-i9-9960X-CPU---310GHz
CPU,100-100000281BOX,AMD,Ryzen 5 3600XT,238,84.8,30318,https://cpu.userbenchmark.com/SpeedTest/1211585/AMD-Ryzen-5-3600XT-6-Core-Processor
CPU,BX80684I59400F,Intel,Core i5-9400F,239,84.8,299482,https://cpu.userbenchmark.com/Intel-Core-i5-9400F/Rating/4051
CPU,,Intel,Core i5-10600T,240,84.7,172,https://cpu.userbenchmark.com/SpeedTest/1250930/IntelR-CoreTM-i5-10600T-CPU---240GHz
CPU,BX8070110400,Intel,Core i5-10400,241,84.5,71804,https://cpu.userbenchmark.com/Intel-Core-i5-10400/Rating/4073
CPU,,Intel,Core i9-10980HK,242,84.4,7777,https://cpu.userbenchmark.com/SpeedTest/1065893/IntelR-CoreTM-i9-10980HK-CPU---240GHz
CPU,BX80677I77700K,Intel,Core i7-7700K,243,84.2,712312,https://cpu.userbenchmark.com/Intel-Core-i7-7700K/Rating/3647
CPU,BX8070110500,Intel,Core i5-10500,244,84.2,10180,https://cpu.userbenchmark.com/Intel-Core-i5-10500/Rating/4078
CPU,BX8069510980XE,Intel,Core i9-10980XE,245,84.2,4959,https://cpu.userbenchmark.com/SpeedTest/935899/IntelR-CoreTM-i9-10980XE-CPU---300GHz
CPU,BX80677I57640X,Intel,Core i5-7640X,246,84.1,2123,https://cpu.userbenchmark.com/SpeedTest/310543/IntelR-CoreTM-i5-7640X-CPU---400GHz
CPU,,Intel,Core Ultra 5 225U,247,84.1,25,https://cpu.userbenchmark.com/SpeedTest/2399171/IntelR-CoreTM-Ultra-5-225U
CPU,100-100000022BOX,AMD,Ryzen 5 3600X,248,84.1,294959,https://cpu.userbenchmark.com/AMD-Ryzen-5-3600X/Rating/4041
CPU,100-100001489BOX,AMD,Ryzen 5 5500GT,249,83.9,32,https://cpu.userbenchmark.com/SpeedTest/2286847/AMD-Ryzen-5-5500GT-with-Radeon-Graphics
CPU,BX80673I99900X,Intel,Core i9-9900X,250,83.7,3521,https://cpu.userbenchmark.com/SpeedTest/639130/IntelR-CoreTM-i9-9900X-CPU---350GHz
CPU,BX80671I76850K,Intel,Core i7-6850K,251,83.6,29279,https://cpu.userbenchmark.com/Intel-Core-i7-6850K/Rating/3606
CPU,BX80673I97940X,Intel,Core i9-7940X,252,83.3,4560,https://cpu.userbenchmark.com/SpeedTest/353078/IntelR-CoreTM-i9-7940X-CPU---310GHz
CPU,BX80673I97960X,Intel,Core i9-7960X,253,83.2,2322,https://cpu.userbenchmark.com/SpeedTest/357952/IntelR-CoreTM-i9-7960X-CPU---280GHz
CPU,100-100000031BOX,AMD,Ryzen 5 3600,254,83.1,1072639,https://cpu.userbenchmark.com/AMD-Ryzen-5-3600/Rating/4040
CPU,,Intel,Core i5-1240P,255,83,3751,https://cpu.userbenchmark.com/SpeedTest/1811937/12th-Gen-IntelR-CoreTM-i5-1240P
CPU,BX80673I99980X,Intel,Core i9-9980XE,256,83,2201,https://cpu.userbenchmark.com/SpeedTest/652504/IntelR-CoreTM-i9-9980XE-CPU---300GHz
CPU,,AMD,Ryzen 7 PRO 4750G,257,83,1521,https://cpu.userbenchmark.com/SpeedTest/1232646/AMD-Ryzen-7-PRO-4750G-with-Radeon-Graphics
CPU,BX80673I79800X,Intel,Core i7-9800X,258,82.9,4003,https://cpu.userbenchmark.com/SpeedTest/651256/IntelR-CoreTM-i7-9800X-CPU---380GHz
CPU,,AMD,Ryzen 7 7840HS,259,82.9,1237,https://cpu.userbenchmark.com/SpeedTest/2112343/AMD-Ryzen-7-7840HS-w-Radeon-780M-Graphics
CPU,CM8068403358708,Intel,Core i5-8600T,260,82.2,375,https://cpu.userbenchmark.com/SpeedTest/506080/IntelR-CoreTM-i5-8600T-CPU---230GHz
CPU,BX8070110105F,Intel,Core i3-10105F,261,82.2,14843,https://cpu.userbenchmark.com/SpeedTest/1482345/IntelR-CoreTM-i3-10105F-CPU---370GHz
CPU,BX80684I58500,Intel,Core i5-8500,262,82.1,43089,https://cpu.userbenchmark.com/SpeedTest/447884/IntelR-CoreTM-i5-8500-CPU---300GHz
CPU,,Intel,Xeon E3-1270 v6,263,81.9,593,https://cpu.userbenchmark.com/SpeedTest/278175/IntelR-XeonR-CPU-E3-1270-v6---380GHz
CPU,BX80673I97900X,Intel,Core i9-7900X,264,81.9,19432,https://cpu.userbenchmark.com/Intel-Core-i9-7900X/Rating/3936
CPU,BX80673I99820X,Intel,Core i9-9820X,265,81.9,2515,https://cpu.userbenchmark.com/SpeedTest/651318/IntelR-CoreTM-i9-9820X-CPU---330GHz
CPU,,Intel,Core i9-9980HK,266,81.8,8965,https://cpu.userbenchmark.com/SpeedTest/797907/IntelR-CoreTM-i9-9980HK-CPU---240GHz
CPU,BX80684I58400,Intel,Core i5-8400,267,81.8,312220,https://cpu.userbenchmark.com/Intel-Core-i5-8400/Rating/3939
CPU,100-1000000158,AMD,Ryzen 5 3500X,268,81.7,33544,https://cpu.userbenchmark.com/AMD-Ryzen-5-3500X/Rating/4052
CPU,BX80684I38350K,Intel,Core i3-8350K,269,81.7,23493,https://cpu.userbenchmark.com/Intel-Core-i3-8350K/Rating/3935
CPU,,Intel,Xeon E3-1245 v6,270,81.6,562,https://cpu.userbenchmark.com/SpeedTest/299743/IntelR-XeonR-CPU-E3-1245-v6---370GHz
CPU,BX80673I97920X,Intel,Core i9-7920X,271,81.6,5430,https://cpu.userbenchmark.com/SpeedTest/278103/IntelR-CoreTM-i9-7920X-CPU---350GHz
CPU,BX80658i55675C,Intel,Core i5-5675C,272,81.5,945,https://cpu.userbenchmark.com/SpeedTest/31828/IntelR-CoreTM-i5-5675C-CPU---310GHz
CPU,,AMD,Ryzen 7 4700G,273,81.3,607,https://cpu.userbenchmark.com/SpeedTest/1135003/AMD-Ryzen-7-4700G-8-Core-Processor
CPU,,Intel,Core i9-10885H,274,81.2,6135,https://cpu.userbenchmark.com/SpeedTest/1174414/IntelR-CoreTM-i9-10885H-CPU---240GHz
CPU,,Intel,Core i7-1365U,275,81.1,224,https://cpu.userbenchmark.com/SpeedTest/2082316/13th-Gen-IntelR-CoreTM-i7-1365U
CPU,YD295XA8UGAAF,AMD,Ryzen TR 2950X,276,81.1,10169,https://cpu.userbenchmark.com/SpeedTest/569025/AMD-Ryzen-Threadripper-2950X-16-Core-Processor
CPU,BX80671I76800K,Intel,Core i7-6800K,277,80.9,50196,https://cpu.userbenchmark.com/Intel-Core-i7-6800K/Rating/3607
CPU,100-1000000050,AMD,Ryzen 5 3500,278,80.9,16466,https://cpu.userbenchmark.com/AMD-Ryzen-5-3500/Rating/4053
CPU,BX80662I76700K,Intel,Core i7-6700K,279,80.8,588978,https://cpu.userbenchmark.com/Intel-Core-i7-6700K/Rating/3502
CPU,YD292XA8AFWOF,AMD,Ryzen TR 2920X,280,80.7,3902,https://cpu.userbenchmark.com/SpeedTest/625966/AMD-Ryzen-Threadripper-2920X-12-Core-Processor
CPU,,Intel,Core i7-5775R,281,80.5,158,https://cpu.userbenchmark.com/SpeedTest/39919/IntelR-CoreTM-i7-5775R-CPU---330GHz
CPU,,Intel,Core i7-8809G,282,80.5,3729,https://cpu.userbenchmark.com/SpeedTest/422264/IntelR-CoreTM-i7-8809G-CPU---310GHz
CPU,BX80648I75960X,Intel,Core i7-5960X,283,80.5,15468,https://cpu.userbenchmark.com/Intel-Core-i7-5960X/Rating/2580
CPU,,AMD,Ryzen 9 5980HX,284,80.4,673,https://cpu.userbenchmark.com/SpeedTest/1628488/AMD-Ryzen-9-5980HX-with-Radeon-Graphics
CPU,,Intel,Core i7-5950HQ,285,80.4,172,https://cpu.userbenchmark.com/SpeedTest/29765/IntelR-CoreTM-i7-5950HQ-CPU---290GHz
CPU,BX8070110100F,Intel,Core i3-10100F,286,80.4,39812,https://cpu.userbenchmark.com/Intel-Core-i3-10100F/Rating/4082
CPU,,Intel,Core i5-10500H,287,80.3,12921,https://cpu.userbenchmark.com/SpeedTest/1449890/IntelR-CoreTM-i5-10500H-CPU---250GHz
CPU,,AMD,Ryzen 5 PRO 4650G,288,80.2,6798,https://cpu.userbenchmark.com/SpeedTest/1232634/AMD-Ryzen-5-PRO-4650G-with-Radeon-Graphics
CPU,BX80673I77820X,Intel,Core i7-7820X,289,80.1,28524,https://cpu.userbenchmark.com/Intel-Core-i7-7820X/Rating/3928
CPU,BX80673I97980X,Intel,Core i9-7980XE,290,80.1,4653,https://cpu.userbenchmark.com/SpeedTest/352013/IntelR-CoreTM-i9-7980XE-CPU---260GHz
CPU,,Intel,Core i5-11400H,291,80.1,35470,https://cpu.userbenchmark.com/SpeedTest/1575224/11th-Gen-IntelR-CoreTM-i5-11400H---270GHz
CPU,BX80684I39100F,Intel,Core i3-9100F,292,80.1,34310,https://cpu.userbenchmark.com/Intel-Core-i3-9100F/Rating/4054
CPU,,AMD,Ryzen 7 4800U,293,80.1,2275,https://cpu.userbenchmark.com/SpeedTest/1005639/AMD-Ryzen-7-4800U-with-Radeon-Graphics
CPU,BX80684I38300,Intel,Core i3-8300,294,79.9,2273,https://cpu.userbenchmark.com/SpeedTest/484077/IntelR-CoreTM-i3-8300-CPU---370GHz
CPU,BX8070110100,Intel,Core i3-10100,295,79.9,24563,https://cpu.userbenchmark.com/Intel-Core-i3-10100/Rating/4075
CPU,BX80648I75930K,Intel,Core i7-5930K,296,79.8,34039,https://cpu.userbenchmark.com/Intel-Core-i7-5930K/Rating/2578
CPU,,AMD,Ryzen 9 6900HX,297,79.8,2259,https://cpu.userbenchmark.com/SpeedTest/1792755/AMD-Ryzen-9-6900HX-with-Radeon-Graphics
CPU,100-100000159BOX,AMD,Ryzen 3 3300X,298,79.7,15293,https://cpu.userbenchmark.com/AMD-Ryzen-3-3300X/Rating/4076
CPU,BX80684I39100,Intel,Core i3-9100,299,79.7,7621,https://cpu.userbenchmark.com/SpeedTest/806339/IntelR-CoreTM-i3-9100-CPU---360GHz
CPU,,Intel,Core i7-10850H,300,79.5,6246,https://cpu.userbenchmark.com/SpeedTest/1160496/IntelR-CoreTM-i7-10850H-CPU---270GHz
CPU,,Intel,Xeon E3-1230 v6,301,79.4,474,https://cpu.userbenchmark.com/SpeedTest/268848/IntelR-XeonR-CPU-E3-1230-v6---350GHz
CPU,CM8068403358413,Intel,Core i7-8700T,302,79.4,5592,https://cpu.userbenchmark.com/SpeedTest/480804/IntelR-CoreTM-i7-8700T-CPU---240GHz
CPU,,Intel,Core i5-10400H,303,79.2,625,https://cpu.userbenchmark.com/SpeedTest/1084904/IntelR-CoreTM-i5-10400H-CPU---260GHz
CPU,,Intel,Core i7-10870H,304,79.1,23498,https://cpu.userbenchmark.com/SpeedTest/1322918/IntelR-CoreTM-i7-10870H-CPU---220GHz
CPU,YD297XAZAFWOF,AMD,Ryzen TR 2970WX,305,79,1966,https://cpu.userbenchmark.com/SpeedTest/626249/AMD-Ryzen-Threadripper-2970WX-24-Core-Processor
CPU,,AMD,Ryzen 7 7735HS,306,79,1204,https://cpu.userbenchmark.com/SpeedTest/2011483/AMD-Ryzen-7-7735HS-with-Radeon-Graphics
CPU,BX80646I74790K,Intel,Core i7-4790K,307,78.9,455746,https://cpu.userbenchmark.com/Intel-Core-i7-4790K/Rating/2384
CPU,CL8068404069006,Intel,Core i9-9880H,308,78.9,11095,https://cpu.userbenchmark.com/SpeedTest/750169/IntelR-CoreTM-i9-9880H-CPU---230GHz
CPU,YD299XAZAFWOF,AMD,Ryzen TR 2990WX,309,78.9,3658,https://cpu.userbenchmark.com/SpeedTest/560423/AMD-Ryzen-Threadripper-2990WX-32-Core-Processor
CPU,,Intel,Core i5-9400H,310,78.9,773,https://cpu.userbenchmark.com/SpeedTest/843530/IntelR-CoreTM-i5-9400H-CPU---250GHz
CPU,,Intel,Core i7-10875H,311,78.8,35361,https://cpu.userbenchmark.com/SpeedTest/1111393/IntelR-CoreTM-i7-10875H-CPU---230GHz
CPU,,Intel,Core i3-10300T,312,78.6,25,https://cpu.userbenchmark.com/SpeedTest/1290166/IntelR-CoreTM-i3-10300T-CPU---300GHz
CPU,BX80633I74960X,Intel,Core i7-4960X,313,78.4,5121,https://cpu.userbenchmark.com/Intel-Core-i7-4960X/Rating/1977
CPU,,Intel,Core i7-11375H,314,78.2,706,https://cpu.userbenchmark.com/SpeedTest/1462657/11th-Gen-IntelR-CoreTM-i7-11375H---330GHz
CPU,,AMD,Ryzen 9 5900HX,315,78.2,12809,https://cpu.userbenchmark.com/SpeedTest/1449683/AMD-Ryzen-9-5900HX-with-Radeon-Graphics
CPU,,Intel,Core i5-10500T,316,78.2,1923,https://cpu.userbenchmark.com/SpeedTest/1204939/IntelR-CoreTM-i5-10500T-CPU---230GHz
CPU,,Intel,Core i5-10400T,317,78.1,1246,https://cpu.userbenchmark.com/SpeedTest/1189479/IntelR-CoreTM-i5-10400T-CPU---200GHz
CPU,,Intel,Xeon E3-1286 v3,318,78.1,33,https://cpu.userbenchmark.com/SpeedTest/33047/IntelR-XeonR-CPU-E3-1286-v3---370GHz
CPU,,AMD,Ryzen 7 6800H,319,78,7204,https://cpu.userbenchmark.com/SpeedTest/1786492/AMD-Ryzen-7-6800H-with-Radeon-Graphics
CPU,,AMD,Ryzen 5 4600G,320,78,3346,https://cpu.userbenchmark.com/SpeedTest/1344633/AMD-Ryzen-5-4600G-with-Radeon-Graphics
CPU,,AMD,Ryzen 9 5980HS,321,78,147,https://cpu.userbenchmark.com/SpeedTest/1493102/AMD-Ryzen-9-5980HS-with-Radeon-Graphics
CPU,,Intel,Core i7-3970X,322,77.9,2677,https://cpu.userbenchmark.com/SpeedTest/6794/IntelR-CoreTM-i7-3970X-CPU---350GHz
CPU,BX80673I77800X,Intel,Core i7-7800X,323,77.9,22334,https://cpu.userbenchmark.com/SpeedTest/304816/IntelR-CoreTM-i7-7800X-CPU---350GHz
CPU,,Intel,Core i7-5850HQ,324,77.8,55,https://cpu.userbenchmark.com/SpeedTest/35099/IntelR-CoreTM-i7-5850HQ-CPU---270GHz
CPU,FH8067703417418,Intel,Core i7-8706G,325,77.7,211,https://cpu.userbenchmark.com/SpeedTest/518066/IntelR-CoreTM-i7-8706G-CPU---310GHz
CPU,BX80619I73960X,Intel,Core i7-3960X,326,77.7,2165,https://cpu.userbenchmark.com/Intel-Core-i7-3960X/Rating/1973
CPU,,Intel,Core i7 X 990,327,77.7,4994,https://cpu.userbenchmark.com/SpeedTest/2590/IntelR-CoreTM-i7-CPU-------X-990----347GHz
CPU,YD192XA8AEWOF,AMD,Ryzen TR 1920X,328,77.6,10440,https://cpu.userbenchmark.com/AMD-Ryzen-TR-1920X/Rating/3934
CPU,FH8068403419332,Intel,Core i7-8559U,329,77.5,2379,https://cpu.userbenchmark.com/SpeedTest/543591/IntelR-CoreTM-i7-8559U-CPU---270GHz
CPU,,Intel,Core i3-10100T,330,77.2,423,https://cpu.userbenchmark.com/SpeedTest/1260090/IntelR-CoreTM-i3-10100T-CPU---300GHz
CPU,,Intel,Xeon E3-1275 v3,331,77.2,384,https://cpu.userbenchmark.com/SpeedTest/5652/IntelR-XeonR-CPU-E3-1275-v3---350GHz
CPU,BX80646E31276V3,Intel,Xeon E3-1276 v3,332,77.1,297,https://cpu.userbenchmark.com/SpeedTest/25180/IntelR-XeonR-CPU-E3-1276-v3---360GHz
CPU,,Intel,Core i7-9850H,333,77.1,9974,https://cpu.userbenchmark.com/SpeedTest/826055/IntelR-CoreTM-i7-9850H-CPU---260GHz
CPU,100-000000253,AMD,Ryzen 3 5300G,334,77,1608,https://cpu.userbenchmark.com/SpeedTest/1542116/AMD-Ryzen-3-5300G-with-Radeon-Graphics
CPU,,AMD,Ryzen 5 6600H,335,77,1412,https://cpu.userbenchmark.com/SpeedTest/1815652/AMD-Ryzen-5-6600H-with-Radeon-Graphics
CPU,BX80633I74930K,Intel,Core i7-4930K,336,76.9,22204,https://cpu.userbenchmark.com/Intel-Core-i7-4930K/Rating/1976
CPU,,Intel,Xeon W3690,337,76.9,4808,https://cpu.userbenchmark.com/SpeedTest/9677/IntelR-XeonR-CPU-----------W3690----347GHz
CPU,BX80648I75820K,Intel,Core i7-5820K,338,76.8,101694,https://cpu.userbenchmark.com/Intel-Core-i7-5820K/Rating/2579
CPU,,Intel,Xeon E5-1650 v3,339,76.8,7962,https://cpu.userbenchmark.com/SpeedTest/16320/IntelR-XeonR-CPU-E5-1650-v3---350GHz
CPU,,Intel,Core i7-10750H,340,76.8,206796,https://cpu.userbenchmark.com/SpeedTest/1053158/IntelR-CoreTM-i7-10750H-CPU---260GHz
CPU,YD195XA8AEWOF,AMD,Ryzen TR 1950X,341,76.7,23641,https://cpu.userbenchmark.com/AMD-Ryzen-TR-1950X/Rating/3932
CPU,,Intel,Xeon E3-1230 v5,342,76.6,2254,https://cpu.userbenchmark.com/SpeedTest/72554/IntelR-XeonR-CPU-E3-1230-v5---340GHz
CPU,CL8068403373614,Intel,Core i5-8400H,343,76.6,1303,https://cpu.userbenchmark.com/SpeedTest/524256/IntelR-CoreTM-i5-8400H-CPU---250GHz
CPU,YD190XA8AEWOF,AMD,Ryzen TR 1900X,344,76.3,7071,https://cpu.userbenchmark.com/SpeedTest/340638/AMD-Ryzen-Threadripper-1900X-8-Core-Processor
CPU,BX80677I77700,Intel,Core i7-7700,345,76.2,256717,https://cpu.userbenchmark.com/Intel-Core-i7-7700/Rating/3887
CPU,,Intel,Core i7-1355U,346,76.2,3790,https://cpu.userbenchmark.com/SpeedTest/2070236/13th-Gen-IntelR-CoreTM-i7-1355U
CPU,,AMD,Ryzen 5 4500,347,76.2,2402,https://cpu.userbenchmark.com/SpeedTest/1828229/AMD-Ryzen-5-4500-6-Core-Processor
CPU,,AMD,Ryzen 9 6900HS,348,76.1,1637,https://cpu.userbenchmark.com/SpeedTest/1796538/AMD-Ryzen-9-6900HS-with-Radeon-Graphics
CPU,,Intel,Xeon E5-1650 v2,349,76,10921,https://cpu.userbenchmark.com/SpeedTest/7574/IntelR-XeonR-CPU-E5-1650-v2---350GHz
CPU,,AMD,Ryzen 7 6800HS,350,76,515,https://cpu.userbenchmark.com/SpeedTest/1800947/AMD-Ryzen-7-6800HS-with-Radeon-Graphics
CPU,,Intel,Core i7 X 980,351,76,8133,https://cpu.userbenchmark.com/SpeedTest/1822/IntelR-CoreTM-i7-CPU-------X-980----333GHz
CPU,,AMD,Ryzen 9 5900HS,352,76,3016,https://cpu.userbenchmark.com/SpeedTest/1452199/AMD-Ryzen-9-5900HS-with-Radeon-Graphics
CPU,,Intel,Xeon E3-1271 v3,353,75.9,1699,https://cpu.userbenchmark.com/SpeedTest/17463/IntelR-XeonR-CPU-E3-1271-v3---360GHz
CPU,BX80677I57600K,Intel,Core i5-7600K,354,75.8,195006,https://cpu.userbenchmark.com/Intel-Core-i5-7600K/Rating/3885
CPU,YD270XBGAFBOX,AMD,Ryzen 7 2700X,355,75.7,159077,https://cpu.userbenchmark.com/AMD-Ryzen-7-2700X/Rating/3958
CPU,,Intel,Xeon W3680,356,75.3,6658,https://cpu.userbenchmark.com/SpeedTest/12335/IntelR-XeonR-CPU-----------W3680----333GHz
CPU,,Intel,Xeon E3-1270 v3,357,75.2,1918,https://cpu.userbenchmark.com/SpeedTest/11395/IntelR-XeonR-CPU-E3-1270-v3---350GHz
CPU,,AMD,Ryzen 5 7640HS,358,75.2,426,https://cpu.userbenchmark.com/SpeedTest/2119236/AMD-Ryzen-5-7640HS-w-Radeon-760M-Graphics
CPU,,Intel,Core i7 980,359,75.2,2215,https://cpu.userbenchmark.com/SpeedTest/3336/IntelR-CoreTM-i7-CPU---------980----333GHz
CPU,100-000000083,AMD,Ryzen 7 4700U,360,75.2,19248,https://cpu.userbenchmark.com/SpeedTest/1105478/AMD-Ryzen-7-4700U-with-Radeon-Graphics
CPU,BX80677I57600T,Intel,Core i5-7600T,361,75.1,477,https://cpu.userbenchmark.com/SpeedTest/246226/IntelR-CoreTM-i5-7600T-CPU---280GHz
CPU,,AMD,Ryzen 7 5800H,362,75,19785,https://cpu.userbenchmark.com/SpeedTest/1442974/AMD-Ryzen-7-5800H-with-Radeon-Graphics
CPU,BX80701G6600,Intel,Pentium Gold G6600,363,75,44,https://cpu.userbenchmark.com/SpeedTest/1454523/IntelR-PentiumR-Gold-G6600-CPU---420GHz
CPU,,Intel,Xeon X5690,364,74.7,4873,https://cpu.userbenchmark.com/SpeedTest/16752/IntelR-XeonR-CPU-----------X5690----347GHz
CPU,100-000000105,AMD,Ryzen 5 4600U,365,74.7,554,https://cpu.userbenchmark.com/SpeedTest/1152158/AMD-Ryzen-5-4600U-with-Radeon-Graphics
CPU,CM8068403358913,Intel,Core i5-8400T,366,74.7,4624,https://cpu.userbenchmark.com/SpeedTest/475176/IntelR-CoreTM-i5-8400T-CPU---170GHz
CPU,100-100000284BOX,AMD,Ryzen 3 3100,367,74.6,50446,https://cpu.userbenchmark.com/SpeedTest/1148404/AMD-Ryzen-3-3100-4-Core-Processor
CPU,BX80646E31241V3,Intel,Xeon E3-1241 v3,368,74.5,3580,https://cpu.userbenchmark.com/SpeedTest/15164/IntelR-XeonR-CPU-E3-1241-v3---350GHz
CPU,CL8068403805708,Intel,Core i9-8950HK,369,74.5,14729,https://cpu.userbenchmark.com/SpeedTest/486215/IntelR-CoreTM-i9-8950HK-CPU---290GHz
CPU,BX80619I73930K,Intel,Core i7-3930K,370,74.4,33172,https://cpu.userbenchmark.com/Intel-Core-i7-3930K/Rating/1487
CPU,,Intel,Core i5-10300H,371,74.3,82821,https://cpu.userbenchmark.com/SpeedTest/1027882/IntelR-CoreTM-i5-10300H-CPU---250GHz
CPU,,AMD,Ryzen 9 4900H,372,74.3,1531,https://cpu.userbenchmark.com/SpeedTest/1185620/AMD-Ryzen-9-4900H-with-Radeon-Graphics
CPU,,Intel,Core i5-8279U,373,74.2,740,https://cpu.userbenchmark.com/SpeedTest/807756/IntelR-CoreTM-i5-8279U-CPU---240GHz
CPU,,Intel,Xeon E3-1275 V2,374,74.2,461,https://cpu.userbenchmark.com/SpeedTest/4507/IntelR-XeonR-CPU-E3-1275-V2---350GHz
CPU,,Intel,Xeon E5-2687W 0,375,74.2,868,https://cpu.userbenchmark.com/SpeedTest/8860/IntelR-XeonR-CPU-E5-2687W-0---310GHz
CPU,100-000000098,AMD,Ryzen 7 4800H,376,74.1,26507,https://cpu.userbenchmark.com/SpeedTest/1032976/AMD-Ryzen-7-4800H-with-Radeon-Graphics
CPU,YD260XBCAFBOX,AMD,Ryzen 5 2600X,377,74,142983,https://cpu.userbenchmark.com/AMD-Ryzen-5-2600X/Rating/3956
CPU,,Intel,Core i7-11370H,378,74,12227,https://cpu.userbenchmark.com/SpeedTest/1444990/11th-Gen-IntelR-CoreTM-i7-11370H---330GHz
CPU,,Intel,Core i5-2550K,379,73.9,2925,https://cpu.userbenchmark.com/SpeedTest/5474/IntelR-CoreTM-i5-2550K-CPU---340GHz
CPU,YD2700BBAFBOX,AMD,Ryzen 7 2700,380,73.8,123820,https://cpu.userbenchmark.com/AMD-Ryzen-7-2700/Rating/3957
CPU,YD160XBCAEWOF,AMD,Ryzen 5 1600X,381,73.7,140440,https://cpu.userbenchmark.com/AMD-Ryzen-5-1600X/Rating/3920
CPU,BX80646I74770K,Intel,Core i7-4770K,382,73.6,172887,https://cpu.userbenchmark.com/Intel-Core-i7-4770K/Rating/1537
CPU,BX80646I74771,Intel,Core i7-4771,383,73.5,11180,https://cpu.userbenchmark.com/Intel-Core-i7-4771/Rating/2008
CPU,,Intel,Xeon E3-1220 v5,384,73.4,1202,https://cpu.userbenchmark.com/SpeedTest/139116/IntelR-XeonR-CPU-E3-1220-v5---300GHz
CPU,,Intel,Core i7 970,385,73.4,4313,https://cpu.userbenchmark.com/SpeedTest/8374/IntelR-CoreTM-i7-CPU---------970----320GHz
CPU,YD2600BBAFBOX,AMD,Ryzen 5 2600,386,73.3,179588,https://cpu.userbenchmark.com/AMD-Ryzen-5-2600/Rating/3955
CPU,BX80646E31231V3,Intel,Xeon E3-1231 v3,387,73.3,19313,https://cpu.userbenchmark.com/SpeedTest/11040/IntelR-XeonR-CPU-E3-1231-v3---340GHz
CPU,CL8068404121817,Intel,Core i7-9750H,388,73.3,328182,https://cpu.userbenchmark.com/SpeedTest/766364/IntelR-CoreTM-i7-9750H-CPU---260GHz
CPU,BX80677I37320,Intel,Core i3-7320,389,73.2,423,https://cpu.userbenchmark.com/Intel-Core-i3-7320/Rating/3888
CPU,FH8068403419522,Intel,Core i5-8259U,390,73.1,4608,https://cpu.userbenchmark.com/SpeedTest/543736/IntelR-CoreTM-i5-8259U-CPU---230GHz
CPU,,Intel,Core i5-10200H,391,73.1,5051,https://cpu.userbenchmark.com/SpeedTest/1303113/IntelR-CoreTM-i5-10200H-CPU---240GHz
CPU,,Intel,Core i5-1335U,392,73,2287,https://cpu.userbenchmark.com/SpeedTest/2065642/13th-Gen-IntelR-CoreTM-i5-1335U
CPU,BX80646E31246V3,Intel,Xeon E3-1246 v3,393,73,2511,https://cpu.userbenchmark.com/SpeedTest/11023/IntelR-XeonR-CPU-E3-1246-v3---350GHz
CPU,,AMD,Ryzen 9 4900HS,394,73,1924,https://cpu.userbenchmark.com/SpeedTest/1084184/AMD-Ryzen-9-4900HS-with-Radeon-Graphics
CPU,BX80623I72700K,Intel,Core i7-2700K,395,73,20692,https://cpu.userbenchmark.com/Intel-Core-i7-2700K/Rating/1985
CPU,,AMD,Ryzen 5 5600H,396,73,23730,https://cpu.userbenchmark.com/SpeedTest/1522632/AMD-Ryzen-5-5600H-with-Radeon-Graphics
CPU,,AMD,Ryzen 3 4100,397,73,1022,https://cpu.userbenchmark.com/SpeedTest/1830279/AMD-Ryzen-3-4100-4-Core-Processor
CPU,CM8068403362509,Intel,Core i5-8500T,398,73,5135,https://cpu.userbenchmark.com/SpeedTest/532888/IntelR-CoreTM-i5-8500T-CPU---210GHz
CPU,,Intel,Core i5-8305G,399,72.9,386,https://cpu.userbenchmark.com/SpeedTest/483074/IntelR-CoreTM-i5-8305G-CPU---280GHz
CPU,,AMD,Ryzen 7 5800HS,400,72.9,2861,https://cpu.userbenchmark.com/SpeedTest/1463823/AMD-Ryzen-7-5800HS-with-Radeon-Graphics
CPU,,Intel,Core i5-6600T,401,72.9,1363,https://cpu.userbenchmark.com/SpeedTest/37851/IntelR-CoreTM-i5-6600T-CPU---270GHz
CPU,BX80646E31230V3,Intel,Xeon E3-1230 v3,402,72.8,8137,https://cpu.userbenchmark.com/SpeedTest/2171/IntelR-XeonR-CPU-E3-1230-v3---330GHz
CPU,,Intel,Xeon E3-1270 V2,403,72.7,3610,https://cpu.userbenchmark.com/SpeedTest/11264/IntelR-XeonR-CPU-E3-1270-V2---350GHz
CPU,,Intel,Xeon W3570,404,72.7,423,https://cpu.userbenchmark.com/SpeedTest/12630/IntelR-XeonR-CPU-----------W3570----320GHz
CPU,,Intel,Xeon E5-1650 0,405,72.7,10189,https://cpu.userbenchmark.com/SpeedTest/7093/IntelR-XeonR-CPU-E5-1650-0---320GHz
CPU,,Intel,Xeon E3-1245 V2,406,72.6,2442,https://cpu.userbenchmark.com/SpeedTest/5622/IntelR-XeonR-CPU-E3-1245-V2---340GHz
CPU,YD250XBBM4KAF,AMD,Ryzen 5 2500X,407,72.6,2214,https://cpu.userbenchmark.com/SpeedTest/567224/AMD-Ryzen-5-2500X-Quad-Core-Processor
CPU,,Intel,Core i7-8705G,408,72.5,5922,https://cpu.userbenchmark.com/SpeedTest/453718/IntelR-CoreTM-i7-8705G-CPU---310GHz
CPU,,Intel,Core i5-4670S,409,72.4,1661,https://cpu.userbenchmark.com/SpeedTest/5523/IntelR-CoreTM-i5-4670S-CPU---310GHz
CPU,BX80637I73770K,Intel,Core i7-3770K,410,72.4,165979,https://cpu.userbenchmark.com/Intel-Core-i7-3770K/Rating/1317
CPU,,Intel,Core i7 975,411,72.4,3143,https://cpu.userbenchmark.com/SpeedTest/941/IntelR-CoreTM-i7-CPU---------975----333GHz
CPU,BX80662I56600K,Intel,Core i5-6600K,412,72.4,342244,https://cpu.userbenchmark.com/Intel-Core-i5-6600K/Rating/3503
CPU,BX80662I76700,Intel,Core i7-6700,413,72.3,282363,https://cpu.userbenchmark.com/Intel-Core-i7-6700/Rating/3515
CPU,,Intel,Xeon E3-1240 v3,414,72.2,3014,https://cpu.userbenchmark.com/SpeedTest/4602/IntelR-XeonR-CPU-E3-1240-v3---340GHz
CPU,BX80677I57600,Intel,Core i5-7600,415,72,39689,https://cpu.userbenchmark.com/Intel-Core-i5-7600/Rating/3890
CPU,,AMD,Ryzen 7 4800HS,416,72,2569,https://cpu.userbenchmark.com/SpeedTest/1064059/AMD-Ryzen-7-4800HS-with-Radeon-Graphics
CPU,YD1600BBAFBOX,AMD,Ryzen 5 1600AF,417,72,52721,https://cpu.userbenchmark.com/SpeedTest/563877/AMD-Ryzen-5-1600-Six-Core-Processor
CPU,BX80633I74820K,Intel,Core i7-4820K,418,71.8,23169,https://cpu.userbenchmark.com/Intel-Core-i7-4820K/Rating/1675
CPU,YD180XBCAEWOF,AMD,Ryzen 7 1800X,419,71.8,30050,https://cpu.userbenchmark.com/AMD-Ryzen-7-1800X/Rating/3916
CPU,,Intel,Core i7-4790S,420,71.8,13224,https://cpu.userbenchmark.com/SpeedTest/13424/IntelR-CoreTM-i7-4790S-CPU---320GHz
CPU,,Intel,Core i7-7820HK,421,71.7,18903,https://cpu.userbenchmark.com/SpeedTest/224965/IntelR-CoreTM-i7-7820HK-CPU---290GHz
CPU,BX80677I77700T,Intel,Core i7-7700T,422,71.7,7380,https://cpu.userbenchmark.com/SpeedTest/232624/IntelR-CoreTM-i7-7700T-CPU---290GHz
CPU,BX80677I37350K,Intel,Core i3-7350K,423,71.5,4002,https://cpu.userbenchmark.com/Intel-Core-i3-7350K/Rating/3889
CPU,,Intel,Xeon E3-1245 v3,424,71.5,2834,https://cpu.userbenchmark.com/SpeedTest/4697/IntelR-XeonR-CPU-E3-1245-v3---340GHz
CPU,,Intel,Xeon E5-2690 v2,425,71.4,1083,https://cpu.userbenchmark.com/SpeedTest/13436/IntelR-XeonR-CPU-E5-2690-v2---300GHz
CPU,100-000000084,AMD,Ryzen 5 4500U,426,71.4,28533,https://cpu.userbenchmark.com/SpeedTest/1052299/AMD-Ryzen-5-4500U-with-Radeon-Graphics
CPU,BX80646I74790,Intel,Core i7-4790,427,71.4,255027,https://cpu.userbenchmark.com/Intel-Core-i7-4790/Rating/2293
CPU,,Intel,Xeon E3-1240 V2,428,71.4,4997,https://cpu.userbenchmark.com/SpeedTest/5484/IntelR-XeonR-CPU-E3-1240-V2---340GHz
CPU,,Intel,Core i7-7920HQ,429,71.4,1337,https://cpu.userbenchmark.com/SpeedTest/243546/IntelR-CoreTM-i7-7920HQ-CPU---310GHz
CPU,,Intel,Xeon E3-1226 v3,430,71.3,2019,https://cpu.userbenchmark.com/SpeedTest/18482/IntelR-XeonR-CPU-E3-1226-v3---330GHz
CPU,,Intel,Xeon X5660,431,71.3,6950,https://cpu.userbenchmark.com/SpeedTest/17750/IntelR-XeonR-CPU-----------X5660----280GHz
CPU,,Intel,Xeon E3-1265L v3,432,71.3,187,https://cpu.userbenchmark.com/SpeedTest/20266/IntelR-XeonR-CPU-E3-1265L-v3---250GHz
CPU,,Intel,Core i7-4770S,433,71.2,13157,https://cpu.userbenchmark.com/SpeedTest/2123/IntelR-CoreTM-i7-4770S-CPU---310GHz
CPU,BX80701G6500,Intel,Pentium Gold G6500,434,71.2,137,https://cpu.userbenchmark.com/SpeedTest/1323006/IntelR-PentiumR-Gold-G6500-CPU---410GHz
CPU,,Intel,Core i5-11300H,435,71.1,21459,https://cpu.userbenchmark.com/SpeedTest/1504890/11th-Gen-IntelR-CoreTM-i5-11300H---310GHz
CPU,CM8068403377415,Intel,Core i3-8100T,436,71.1,2145,https://cpu.userbenchmark.com/SpeedTest/509371/IntelR-CoreTM-i3-8100T-CPU---310GHz
CPU,YD170XBCAEWOF,AMD,Ryzen 7 1700X,437,71,66470,https://cpu.userbenchmark.com/AMD-Ryzen-7-1700X/Rating/3915
CPU,,Intel,Core i5-1334U,438,71,500,https://cpu.userbenchmark.com/SpeedTest/2095738/13th-Gen-IntelR-CoreTM-i5-1334U
CPU,,Intel,Xeon E5-1620 v2,439,71,10301,https://cpu.userbenchmark.com/SpeedTest/8354/IntelR-XeonR-CPU-E5-1620-v2---370GHz
CPU,,Intel,Core i7-4790T,440,70.9,1099,https://cpu.userbenchmark.com/SpeedTest/13586/IntelR-CoreTM-i7-4790T-CPU---270GHz
CPU,,Intel,Core i5-2450P,441,70.9,222,https://cpu.userbenchmark.com/SpeedTest/2795/IntelR-CoreTM-i5-2450P-CPU---320GHz
CPU,,Intel,Xeon X5667,442,70.8,365,https://cpu.userbenchmark.com/SpeedTest/21709/IntelR-XeonR-CPU-----------X5667----307GHz
CPU,,Intel,Xeon E31270,443,70.7,3539,https://cpu.userbenchmark.com/SpeedTest/5604/IntelR-XeonR-CPU-E31270---340GHz
CPU,CL8068403359725,Intel,Core i7-8850H,444,70.7,20669,https://cpu.userbenchmark.com/SpeedTest/485626/IntelR-CoreTM-i7-8850H-CPU---260GHz
CPU,BX80684I38100,Intel,Core i3-8100,445,70.6,81392,https://cpu.userbenchmark.com/Intel-Core-i3-8100/Rating/3942
CPU,,Intel,Core i7 880,446,70.6,808,https://cpu.userbenchmark.com/SpeedTest/15321/IntelR-CoreTM-i7-CPU---------880----307GHz
CPU,BX80623I72600K,Intel,Core i7-2600K,447,70.6,147533,https://cpu.userbenchmark.com/Intel-Core-i7-2600K/Rating/621
CPU,BX80646I74770,Intel,Core i7-4770,448,70.5,176321,https://cpu.userbenchmark.com/Intel-Core-i7-4770/Rating/1978
CPU,,Intel,Xeon E3-1230 V2,449,70.5,8235,https://cpu.userbenchmark.com/SpeedTest/652/IntelR-XeonR-CPU-E3-1230-V2---330GHz
CPU,,Intel,Core i7 K 875,450,70.4,2354,https://cpu.userbenchmark.com/SpeedTest/476/IntelR-CoreTM-i7-CPU-------K-875----293GHz
CPU,,Intel,Xeon E3-1240,451,70.3,2292,https://cpu.userbenchmark.com/SpeedTest/5243/IntelR-XeonR-CPU-E31240---330GHz
CPU,,Intel,Core i7-4770T,452,70.3,629,https://cpu.userbenchmark.com/SpeedTest/4415/IntelR-CoreTM-i7-4770T-CPU---250GHz
CPU,YD1600BBAEBOX,AMD,Ryzen 5 1600,453,70.2,392253,https://cpu.userbenchmark.com/AMD-Ryzen-5-1600/Rating/3919
CPU,CL8068403359524,Intel,Core i7-8750H,454,70.1,442631,https://cpu.userbenchmark.com/SpeedTest/470418/IntelR-CoreTM-i7-8750H-CPU---220GHz
CPU,100-000000100,AMD,Ryzen 5 4600H,455,70.1,27218,https://cpu.userbenchmark.com/SpeedTest/1110331/AMD-Ryzen-5-4600H-with-Radeon-Graphics
CPU,,Intel,Xeon X5650,456,70.1,13757,https://cpu.userbenchmark.com/SpeedTest/355/IntelR-XeonR-CPU-----------X5650----267GHz
CPU,,Intel,Xeon E3-1505M v6,457,70.1,4124,https://cpu.userbenchmark.com/SpeedTest/233404/IntelR-XeonR-CPU-E3-1505M-v6---300GHz
CPU,BX80677I37300,Intel,Core i3-7300,458,70,1568,https://cpu.userbenchmark.com/Intel-Core-i3-7300/Rating/3893
CPU,CM8066201920202,Intel,Core i7-6700T,459,69.9,9225,https://cpu.userbenchmark.com/SpeedTest/36439/IntelR-CoreTM-i7-6700T-CPU---280GHz
CPU,,Intel,Xeon E3-1225 V2,460,69.8,2869,https://cpu.userbenchmark.com/SpeedTest/5015/IntelR-XeonR-CPU-E3-1225-V2---320GHz
CPU,,Intel,Xeon E5-1620 0,461,69.7,17464,https://cpu.userbenchmark.com/SpeedTest/2930/IntelR-XeonR-CPU-E5-1620-0---360GHz
CPU,,Intel,Core i7-3940XM,462,69.6,2187,https://cpu.userbenchmark.com/SpeedTest/7092/IntelR-CoreTM-i7-3940XM-CPU---300GHz
CPU,BX80684G5600,Intel,Pentium Gold G5600,463,69.6,766,https://cpu.userbenchmark.com/SpeedTest/469126/IntelR-PentiumR-Gold-G5600-CPU---390GHz
CPU,,AMD,Ryzen 5 4600HS,464,69.6,337,https://cpu.userbenchmark.com/SpeedTest/1134526/AMD-Ryzen-5-4600HS-with-Radeon-Graphics
CPU,BX80646I54690K,Intel,Core i5-4690K,465,69.6,229359,https://cpu.userbenchmark.com/Intel-Core-i5-4690K/Rating/2432
CPU,,Intel,Core i7-3820,466,69.5,38674,https://cpu.userbenchmark.com/SpeedTest/739/IntelR-CoreTM-i7-3820-CPU---360GHz
CPU,,Intel,Core i7-6920HQ,467,69.5,3282,https://cpu.userbenchmark.com/SpeedTest/56225/IntelR-CoreTM-i7-6920HQ-CPU---290GHz
CPU,,Intel,Xeon E3-1220 V2,468,69.5,3748,https://cpu.userbenchmark.com/SpeedTest/3482/IntelR-XeonR-CPU-E3-1220-V2---310GHz
CPU,BX80662I36320,Intel,Core i3-6320,469,69.4,1734,https://cpu.userbenchmark.com/Intel-Core-i3-6320/Rating/3535
CPU,,Intel,Core i7-1195G7,470,69.4,3862,https://cpu.userbenchmark.com/SpeedTest/1654461/11th-Gen-IntelR-CoreTM-i7-1195G7---290GHz
CPU,,Intel,Xeon E31230,471,69.4,2472,https://cpu.userbenchmark.com/SpeedTest/6750/IntelR-XeonR-CPU-E31230---320GHz
CPU,,Intel,Xeon E3-1220 v3,472,69.4,5273,https://cpu.userbenchmark.com/SpeedTest/5983/IntelR-XeonR-CPU-E3-1220-v3---310GHz
CPU,,Intel,Core i7-4940MX,473,69.3,2383,https://cpu.userbenchmark.com/SpeedTest/9756/IntelR-CoreTM-i7-4940MX-CPU---310GHz
CPU,,Intel,Core i7-3770S,474,69.3,10699,https://cpu.userbenchmark.com/SpeedTest/2218/IntelR-CoreTM-i7-3770S-CPU---310GHz
CPU,,Intel,Xeon X5570,475,69.2,1343,https://cpu.userbenchmark.com/SpeedTest/12230/IntelR-XeonR-CPU-----------X5570----293GHz
CPU,BX80684G5500,Intel,Pentium Gold G5500,476,69.1,971,https://cpu.userbenchmark.com/SpeedTest/484140/IntelR-PentiumR-Gold-G5500-CPU---380GHz
CPU,,Intel,Core i7-4930MX,477,69.1,1497,https://cpu.userbenchmark.com/SpeedTest/2453/IntelR-CoreTM-i7-4930MX-CPU---300GHz
CPU,,Intel,Xeon E3-1225 v3,478,69.1,4850,https://cpu.userbenchmark.com/SpeedTest/12983/IntelR-XeonR-CPU-E3-1225-v3---320GHz
CPU,YD1700BBAEBOX,AMD,Ryzen 7 1700,479,69,144475,https://cpu.userbenchmark.com/AMD-Ryzen-7-1700/Rating/3917
CPU,BX80637I73770,Intel,Core i7-3770,480,69,278207,https://cpu.userbenchmark.com/Intel-Core-i7-3770/Rating/1979
CPU,BX80637I53450S,Intel,Core i5-3450S,481,68.9,1491,https://cpu.userbenchmark.com/SpeedTest/2071/IntelR-CoreTM-i5-3450S-CPU---280GHz
CPU,,Intel,Core i7-5700HQ,482,68.8,14004,https://cpu.userbenchmark.com/SpeedTest/30103/IntelR-CoreTM-i7-5700HQ-CPU---270GHz
CPU,,Intel,Core i7-6820HK,483,68.8,20362,https://cpu.userbenchmark.com/SpeedTest/36404/IntelR-CoreTM-i7-6820HK-CPU---270GHz
CPU,,Intel,Core i5-1145G7,484,68.8,4608,https://cpu.userbenchmark.com/SpeedTest/1345527/11th-Gen-IntelR-CoreTM-i5-1145G7---260GHz
CPU,,Intel,Xeon X3470,485,68.7,8730,https://cpu.userbenchmark.com/SpeedTest/24530/IntelR-XeonR-CPU-----------X3470----293GHz
CPU,,Intel,Xeon E5-2643 0,486,68.7,1000,https://cpu.userbenchmark.com/SpeedTest/3389/IntelR-XeonR-CPU-E5-2643-0---330GHz
CPU,,Intel,Core i5-3550,487,68.6,23599,https://cpu.userbenchmark.com/SpeedTest/846/IntelR-CoreTM-i5-3550-CPU---330GHz
CPU,,Intel,Xeon E31225,488,68.6,3353,https://cpu.userbenchmark.com/SpeedTest/4210/IntelR-XeonR-CPU-E31225---310GHz
CPU,,Intel,Core i5-3475S,489,68.5,1383,https://cpu.userbenchmark.com/SpeedTest/10117/IntelR-CoreTM-i5-3475S-CPU---290GHz
CPU,,Intel,Xeon E5-2630 v3,490,68.5,1838,https://cpu.userbenchmark.com/SpeedTest/22651/IntelR-XeonR-CPU-E5-2630-v3---240GHz
CPU,BX80701G6400,Intel,Pentium Gold G6400,491,68.4,3112,https://cpu.userbenchmark.com/SpeedTest/1221579/IntelR-PentiumR-Gold-G6400-CPU---400GHz
CPU,,Intel,Core i5-1135G7,492,68.3,82426,https://cpu.userbenchmark.com/SpeedTest/1286124/11th-Gen-IntelR-CoreTM-i5-1135G7---240GHz
CPU,,Intel,Core i7-3920XM,493,68.2,797,https://cpu.userbenchmark.com/SpeedTest/5061/IntelR-CoreTM-i7-3920XM-CPU---290GHz
CPU,YD3400C5FHBOX,AMD,Ryzen 5 3400G,494,68.1,93718,https://cpu.userbenchmark.com/SpeedTest/825156/AMD-Ryzen-5-3400G-with-Radeon-Vega-Graphics
CPU,,Intel,Xeon X5560,495,68.1,520,https://cpu.userbenchmark.com/SpeedTest/16614/IntelR-XeonR-CPU-----------X5560----280GHz
CPU,BX80715G7400,Intel,Pentium Gold G7400,496,68.1,281,https://cpu.userbenchmark.com/SpeedTest/1755065/IntelR-PentiumR-Gold-G7400
CPU,,Intel,Core i7-10710U,497,68,6640,https://cpu.userbenchmark.com/SpeedTest/900004/IntelR-CoreTM-i7-10710U-CPU---110GHz
CPU,100-000000085,AMD,Ryzen 3 4300U,498,68,4587,https://cpu.userbenchmark.com/SpeedTest/1135301/AMD-Ryzen-3-4300U-with-Radeon-Graphics
CPU,,AMD,Ryzen 7 5800U,499,68,1948,https://cpu.userbenchmark.com/SpeedTest/1433044/AMD-Ryzen-7-5800U-with-Radeon-Graphics
CPU,,Intel,Core i7-4960HQ,500,68,314,https://cpu.userbenchmark.com/SpeedTest/9629/IntelR-CoreTM-i7-4960HQ-CPU---260GHz
CPU,BX80646I54670K,Intel,Core i5-4670K,501,68,128482,https://cpu.userbenchmark.com/Intel-Core-i5-4670K/Rating/1538
CPU,,Intel,Xeon E31220,502,67.9,2507,https://cpu.userbenchmark.com/SpeedTest/6171/IntelR-XeonR-CPU-E31220---310GHz
CPU,,AMD,Ryzen 9 4900U,503,67.8,1,https://cpu.userbenchmark.com/SpeedTest/1097507/AMD-Ryzen-9-4900U-with-Radeon-Graphics
CPU,X1E84100,Snapdragon,X Elite 84100,504,67.7,21,https://cpu.userbenchmark.com/SpeedTest/2322028/SnapdragonR-X-Elite---X1E84100---QualcommR-OryonTM-CPU
CPU,,Intel,Xeon X3460,505,67.7,780,https://cpu.userbenchmark.com/SpeedTest/3739/IntelR-XeonR-CPU-----------X3460----280GHz
CPU,,Intel,Core i7 960,506,67.6,16233,https://cpu.userbenchmark.com/SpeedTest/778/IntelR-CoreTM-i7-CPU---------960----320GHz
CPU,BX80647I74900MQ,Intel,Core i7-4900MQ,507,67.6,5651,https://cpu.userbenchmark.com/Intel-Core-i7-4900MQ/Rating/1994
CPU,BX80637I53570K,Intel,Core i5-3570K,508,67.6,185516,https://cpu.userbenchmark.com/Intel-Core-i5-3570K/Rating/1316
CPU,BX80662I56600,Intel,Core i5-6600,509,67.6,80688,https://cpu.userbenchmark.com/Intel-Core-i5-6600/Rating/3514
CPU,,Intel,Xeon L5639,510,67.5,87,https://cpu.userbenchmark.com/SpeedTest/5958/IntelR-XeonR-CPU-----------L5639----213GHz
CPU,BX80621E52670,Intel,Xeon E5-2670,511,67.3,4803,https://cpu.userbenchmark.com/SpeedTest/18501/IntelR-XeonR-CPU-E5-2670-0---260GHz
CPU,,Intel,Core i7-4910MQ,512,67.3,6703,https://cpu.userbenchmark.com/SpeedTest/9700/IntelR-CoreTM-i7-4910MQ-CPU---290GHz
CPU,,Intel,Core i5-4590S,513,67.1,11598,https://cpu.userbenchmark.com/SpeedTest/13459/IntelR-CoreTM-i5-4590S-CPU---300GHz
CPU,,Intel,Core i7-1185G7,514,67.1,9588,https://cpu.userbenchmark.com/SpeedTest/1268967/11th-Gen-IntelR-CoreTM-i7-1185G7---300GHz
CPU,BX80623I72600,Intel,Core i7-2600,515,67.1,185630,https://cpu.userbenchmark.com/Intel-Core-i7-2600/Rating/620
CPU,BX80646I54690,Intel,Core i5-4690,516,67.1,73695,https://cpu.userbenchmark.com/Intel-Core-i5-4690/Rating/2311
CPU,,Intel,Xeon E5-2670 v2,517,67,831,https://cpu.userbenchmark.com/SpeedTest/18414/IntelR-XeonR-CPU-E5-2670-v2---250GHz
CPU,,AMD,Ryzen 7 5700U,518,67,6833,https://cpu.userbenchmark.com/SpeedTest/1482042/AMD-Ryzen-7-5700U-with-Radeon-Graphics
CPU,,Intel,Xeon W3565,519,67,7121,https://cpu.userbenchmark.com/SpeedTest/6324/IntelR-XeonR-CPU-----------W3565----320GHz
CPU,,Intel,Core i7-2600S,520,67,3026,https://cpu.userbenchmark.com/SpeedTest/6489/IntelR-CoreTM-i7-2600S-CPU---280GHz
CPU,BX80677I37300T,Intel,Core i3-7300T,521,66.8,75,https://cpu.userbenchmark.com/SpeedTest/230231/IntelR-CoreTM-i3-7300T-CPU---350GHz
CPU,BX80677I57500,Intel,Core i5-7500,522,66.8,149467,https://cpu.userbenchmark.com/Intel-Core-i5-7500/Rating/3648
CPU,BX80677G4620,Intel,Pentium G4620,523,66.7,3147,https://cpu.userbenchmark.com/Intel-Pentium-G4620/Rating/3895
CPU,BX80662I36300,Intel,Core i3-6300,524,66.7,3672,https://cpu.userbenchmark.com/Intel-Core-i3-6300/Rating/3536
CPU,,Intel,Core i5-4670,525,66.5,49019,https://cpu.userbenchmark.com/SpeedTest/630/IntelR-CoreTM-i5-4670-CPU---340GHz
CPU,YD150XBBAEBOX,AMD,Ryzen 5 1500X,526,66.4,70038,https://cpu.userbenchmark.com/AMD-Ryzen-5-1500X/Rating/3921
CPU,BX80677I57500T,Intel,Core i5-7500T,527,66.3,5419,https://cpu.userbenchmark.com/SpeedTest/218898/IntelR-CoreTM-i5-7500T-CPU---270GHz
CPU,,Intel,Core i7-3820QM,528,66.3,3135,https://cpu.userbenchmark.com/SpeedTest/4339/IntelR-CoreTM-i7-3820QM-CPU---270GHz
CPU,,Intel,Core i5-1130G7,529,66.3,295,https://cpu.userbenchmark.com/SpeedTest/1418235/11th-Gen-IntelR-CoreTM-i5-1130G7---110GHz
CPU,,Intel,Core i5-3450,530,66.3,34199,https://cpu.userbenchmark.com/SpeedTest/161/IntelR-CoreTM-i5-3450-CPU---310GHz
CPU,,Intel,Core i7-1165G7,531,66.2,51565,https://cpu.userbenchmark.com/SpeedTest/1195374/11th-Gen-IntelR-CoreTM-i7-1165G7---280GHz
CPU,,Intel,Core i5-4570S,532,66.2,11172,https://cpu.userbenchmark.com/SpeedTest/5965/IntelR-CoreTM-i5-4570S-CPU---290GHz
CPU,,Intel,Core i5-4460S,533,66.1,10941,https://cpu.userbenchmark.com/SpeedTest/14679/IntelR-CoreTM-i5-4460S-CPU---290GHz
CPU,,Intel,Core i5-3340,534,66.1,8792,https://cpu.userbenchmark.com/SpeedTest/2710/IntelR-CoreTM-i5-3340-CPU---310GHz
CPU,,Intel,Core i7 870,535,66.1,37228,https://cpu.userbenchmark.com/SpeedTest/961/IntelR-CoreTM-i7-CPU---------870----293GHz
CPU,,Intel,Core i7-3840QM,536,66.1,3981,https://cpu.userbenchmark.com/SpeedTest/2451/IntelR-CoreTM-i7-3840QM-CPU---280GHz
CPU,,Intel,Core i7-4850HQ,537,66,818,https://cpu.userbenchmark.com/SpeedTest/7877/IntelR-CoreTM-i7-4850HQ-CPU---230GHz
CPU,,Intel,Xeon X3450,538,66,3425,https://cpu.userbenchmark.com/SpeedTest/10439/IntelR-XeonR-CPU-----------X3450----267GHz
CPU,,AMD,Ryzen 5 5560U,539,66,110,https://cpu.userbenchmark.com/SpeedTest/1921123/AMD-Ryzen-5-5560U-with-Radeon-Graphics
CPU,BX80646I34350,Intel,Core i3-4350,540,65.9,512,https://cpu.userbenchmark.com/Intel-Core-i3-4350/Rating/2433
CPU,BX80623I52500K,Intel,Core i5-2500K,541,65.9,143007,https://cpu.userbenchmark.com/Intel-Core-i5-2500K/Rating/619
CPU,BX80601950,Intel,Core i7-950,542,65.9,36389,https://cpu.userbenchmark.com/Intel-Core-i7-950/Rating/617
CPU,,AMD,Ryzen 5 5600U,543,65.9,1288,https://cpu.userbenchmark.com/SpeedTest/1461589/AMD-Ryzen-5-5600U-with-Radeon-Graphics
CPU,BX80646I34370,Intel,Core i3-4370,544,65.8,1504,https://cpu.userbenchmark.com/Intel-Core-i3-4370/Rating/2817
CPU,,Intel,Xeon W3550,545,65.8,7649,https://cpu.userbenchmark.com/SpeedTest/3628/IntelR-XeonR-CPU-----------W3550----307GHz
CPU,,Intel,Core i7 940,546,65.5,2107,https://cpu.userbenchmark.com/SpeedTest/606/IntelR-CoreTM-i7-CPU---------940----293GHz
CPU,YD130XBBAEBOX,AMD,Ryzen 3 1300X,547,65.4,38959,https://cpu.userbenchmark.com/AMD-Ryzen-3-1300X/Rating/3930
CPU,,Intel,Core i7-1160G7,548,65.4,357,https://cpu.userbenchmark.com/SpeedTest/1300243/11th-Gen-IntelR-CoreTM-i7-1160G7---120GHz
CPU,,Intel,Core i5-3470S,549,65.3,14631,https://cpu.userbenchmark.com/SpeedTest/6387/IntelR-CoreTM-i5-3470S-CPU---290GHz
CPU,BX80677I57400T,Intel,Core i5-7400T,550,65.3,4070,https://cpu.userbenchmark.com/SpeedTest/244917/IntelR-CoreTM-i5-7400T-CPU---240GHz
CPU,,Intel,Core i5-3350P,551,65.3,21413,https://cpu.userbenchmark.com/SpeedTest/3018/IntelR-CoreTM-i5-3350P-CPU---310GHz
CPU,BX80662I36300T,Intel,Core i3-6300T,552,65.2,152,https://cpu.userbenchmark.com/SpeedTest/75733/IntelR-CoreTM-i3-6300T-CPU---330GHz
CPU,,Intel,Xeon X3440,553,65.2,6034,https://cpu.userbenchmark.com/SpeedTest/6655/IntelR-XeonR-CPU-----------X3440----253GHz
CPU,,Intel,Core i5-4570R,554,65.2,1007,https://cpu.userbenchmark.com/SpeedTest/6445/IntelR-CoreTM-i5-4570R-CPU---270GHz
CPU,,AMD,Ryzen 5 2600H,555,65.2,231,https://cpu.userbenchmark.com/SpeedTest/617618/AMD-Ryzen-5-2600H-with-Radeon-Vega-Graphics
CPU,,Intel,Core i5-4430,556,65.2,24837,https://cpu.userbenchmark.com/SpeedTest/1920/IntelR-CoreTM-i5-4430-CPU---300GHz
CPU,,Intel,Core i5-3570,557,65.1,104858,https://cpu.userbenchmark.com/SpeedTest/793/IntelR-CoreTM-i5-3570-CPU---340GHz
CPU,FH8068403419422,Intel,Core i3-8109U,558,65,2079,https://cpu.userbenchmark.com/SpeedTest/609620/IntelR-CoreTM-i3-8109U-CPU---300GHz
CPU,,Intel,Core i5-9300H,559,65,116682,https://cpu.userbenchmark.com/SpeedTest/744904/IntelR-CoreTM-i5-9300H-CPU---240GHz
CPU,,Intel,Core i7-3720QM,560,64.8,9911,https://cpu.userbenchmark.com/SpeedTest/1619/IntelR-CoreTM-i7-3720QM-CPU---260GHz
CPU,,Intel,Core i5-2310,561,64.8,15623,https://cpu.userbenchmark.com/SpeedTest/2055/IntelR-CoreTM-i5-2310-CPU---290GHz
CPU,CL8068403373522,Intel,Core i5-8300H,562,64.7,167898,https://cpu.userbenchmark.com/SpeedTest/425634/IntelR-CoreTM-i5-8300H-CPU---230GHz
CPU,BX80646I34360,Intel,Core i3-4360,563,64.7,1789,https://cpu.userbenchmark.com/Intel-Core-i3-4360/Rating/2819
CPU,,Intel,Core i7-2960XM,564,64.6,863,https://cpu.userbenchmark.com/SpeedTest/2390/IntelR-CoreTM-i7-2960XM-CPU---270GHz
CPU,,Intel,Xeon W3530,565,64.6,5773,https://cpu.userbenchmark.com/SpeedTest/3000/IntelR-XeonR-CPU-----------W3530----280GHz
CPU,BX80646I34340,Intel,Core i3-4340,566,64.5,866,https://cpu.userbenchmark.com/Intel-Core-i3-4340/Rating/2877
CPU,,Intel,Core i7-3740QM,567,64.4,14369,https://cpu.userbenchmark.com/SpeedTest/2919/IntelR-CoreTM-i7-3740QM-CPU---270GHz
CPU,,Intel,Core i5-2500S,568,64.3,3031,https://cpu.userbenchmark.com/SpeedTest/1699/IntelR-CoreTM-i5-2500S-CPU---270GHz
CPU,,Intel,Core i7 860,569,64.2,51451,https://cpu.userbenchmark.com/SpeedTest/841/IntelR-CoreTM-i7-CPU---------860----280GHz
CPU,,AMD,Ryzen 7 2800H,570,64.1,68,https://cpu.userbenchmark.com/SpeedTest/667422/AMD-Ryzen-7-2800H-with-Radeon-Vega-Graphics
CPU,,Intel,Core i5-3330S,571,64.1,4454,https://cpu.userbenchmark.com/SpeedTest/4366/IntelR-CoreTM-i5-3330S-CPU---270GHz
CPU,,AMD,Ryzen 5 5500U,572,64.1,16234,https://cpu.userbenchmark.com/SpeedTest/1471250/AMD-Ryzen-5-5500U-with-Radeon-Graphics
CPU,,Intel,Core i5-2300,573,64,19722,https://cpu.userbenchmark.com/SpeedTest/291/IntelR-CoreTM-i5-2300-CPU---280GHz
CPU,,Intel,Core i7-4770HQ,574,64,1692,https://cpu.userbenchmark.com/SpeedTest/18784/IntelR-CoreTM-i7-4770HQ-CPU---220GHz
CPU,,Intel,Core i7 930,575,64,19497,https://cpu.userbenchmark.com/SpeedTest/79/IntelR-CoreTM-i7-CPU---------930----280GHz
CPU,,Intel,Core i5-2320,576,63.9,38345,https://cpu.userbenchmark.com/SpeedTest/1735/IntelR-CoreTM-i5-2320-CPU---300GHz
CPU,,Intel,Core i5-2405S,577,63.9,194,https://cpu.userbenchmark.com/SpeedTest/10048/IntelR-CoreTM-i5-2405S-CPU---250GHz
CPU,,Intel,Core i7-7567U,578,63.9,1965,https://cpu.userbenchmark.com/SpeedTest/219709/IntelR-CoreTM-i7-7567U-CPU---350GHz
CPU,X1E80100,Snapdragon,X Elite 80100,579,63.9,241,https://cpu.userbenchmark.com/SpeedTest/2321682/SnapdragonR-X-12-core-X1E80100---340-GHz
CPU,,Intel,Core i5 760,580,63.6,34495,https://cpu.userbenchmark.com/SpeedTest/717/IntelR-CoreTM-i5-CPU---------760----280GHz
CPU,BX80662I56500,Intel,Core i5-6500,581,63.6,241476,https://cpu.userbenchmark.com/Intel-Core-i5-6500/Rating/3513
CPU,BX80677I57400,Intel,Core i5-7400,582,63.5,234266,https://cpu.userbenchmark.com/Intel-Core-i5-7400/Rating/3886
CPU,CM8068403360212,Intel,Pentium G5400T,583,63.5,187,https://cpu.userbenchmark.com/SpeedTest/528812/IntelR-PentiumR-Gold-G5400T-CPU---310GHz
CPU,BX80646I54590,Intel,Core i5-4590,584,63.5,151366,https://cpu.userbenchmark.com/Intel-Core-i5-4590/Rating/2604
CPU,,Intel,Core i7-4750HQ,585,63.4,5497,https://cpu.userbenchmark.com/SpeedTest/3709/IntelR-CoreTM-i7-4750HQ-CPU---200GHz
CPU,,Intel,Core i7-4800MQ,586,63.3,22632,https://cpu.userbenchmark.com/SpeedTest/3437/IntelR-CoreTM-i7-4800MQ-CPU---270GHz
CPU,,Intel,Xeon E5540,587,63.1,486,https://cpu.userbenchmark.com/SpeedTest/13822/IntelR-XeonR-CPU-----------E5540----253GHz
CPU,BX80637I53470,Intel,Core i5-3470,588,63.1,223595,https://cpu.userbenchmark.com/Intel-Core-i5-3470/Rating/2771
CPU,,Intel,Xeon W3520,589,63.1,6508,https://cpu.userbenchmark.com/SpeedTest/3585/IntelR-XeonR-CPU-----------W3520----267GHz
CPU,FD9590FHHKWOF,AMD,FX-9590,590,63.1,26109,https://cpu.userbenchmark.com/AMD-FX-9590/Rating/1812
CPU,,Intel,Core i7-7820HQ,591,63,15851,https://cpu.userbenchmark.com/SpeedTest/185229/IntelR-CoreTM-i7-7820HQ-CPU---290GHz
CPU,BX80677G4600,Intel,Pentium G4600,592,62.9,16729,https://cpu.userbenchmark.com/Intel-Pentium-G4600/Rating/3894
CPU,,Intel,Core i5-2500,593,62.9,82538,https://cpu.userbenchmark.com/SpeedTest/517/IntelR-CoreTM-i5-2500-CPU---330GHz
CPU,,Intel,Core i5-10310U,594,62.8,4431,https://cpu.userbenchmark.com/SpeedTest/1150155/IntelR-CoreTM-i5-10310U-CPU---170GHz
CPU,YD3200C5FHBOX,AMD,Ryzen 3 3200G,595,62.7,104122,https://cpu.userbenchmark.com/SpeedTest/824486/AMD-Ryzen-3-3200G-with-Radeon-Vega-Graphics
CPU,CM8068403377713,Intel,Pentium G5500T,596,62.6,54,https://cpu.userbenchmark.com/SpeedTest/519437/IntelR-PentiumR-Gold-G5500T-CPU---320GHz
CPU,YD2400C5FBBOX,AMD,Ryzen 5 2400G,597,62.5,127344,https://cpu.userbenchmark.com/SpeedTest/433194/AMD-Ryzen-5-2400G-with-Radeon-Vega-Graphics
CPU,X1E78100,Snapdragon,X Elite 78100,598,62.5,128,https://cpu.userbenchmark.com/SpeedTest/2321775/SnapdragonR-X-Elite---X1E78100---QualcommR-OryonTM-CPU
CPU,FD9370FHHKWOF,AMD,FX-9370,599,62.5,9054,https://cpu.userbenchmark.com/AMD-FX-9370/Rating/2005
CPU,BX80646I54570,Intel,Core i5-4570,600,62.4,129272,https://cpu.userbenchmark.com/Intel-Core-i5-4570/Rating/2770
CPU,,Intel,Core i7-3615QM,601,62.4,2657,https://cpu.userbenchmark.com/SpeedTest/806/IntelR-CoreTM-i7-3615QM-CPU---230GHz
CPU,,Intel,Core i7-2920XM,602,62.2,906,https://cpu.userbenchmark.com/SpeedTest/459/IntelR-CoreTM-i7-2920XM-CPU---250GHz
CPU,BX80646I54460,Intel,Core i5-4460,603,62.1,245403,https://cpu.userbenchmark.com/Intel-Core-i5-4460/Rating/2310
CPU,FD8370FRHKBOX,AMD,FX-8370,604,62.1,34720,https://cpu.userbenchmark.com/AMD-FX-8370/Rating/2983
CPU,,Intel,Core i7-3635QM,605,62.1,2986,https://cpu.userbenchmark.com/SpeedTest/2465/IntelR-CoreTM-i7-3635QM-CPU---240GHz
CPU,BX80684G5400,Intel,Pentium Gold G5400,606,62.1,15354,https://cpu.userbenchmark.com/SpeedTest/484278/IntelR-PentiumR-Gold-G5400-CPU---370GHz
CPU,,Intel,Core i7-7700HQ,607,62,473208,https://cpu.userbenchmark.com/SpeedTest/211019/IntelR-CoreTM-i7-7700HQ-CPU---280GHz
CPU,AW8063801013511,Intel,Core i7-3610QM,608,62,38575,https://cpu.userbenchmark.com/Intel-Core-i7-3610QM/Rating/2730
CPU,,Intel,Core i3-6098P,609,62,6133,https://cpu.userbenchmark.com/SpeedTest/80177/IntelR-CoreTM-i3-6098P-CPU---360GHz
CPU,,Intel,Core i7-4700HQ,610,61.9,42062,https://cpu.userbenchmark.com/Intel-Core-i7-4700HQ/Rating/2728
CPU,BX80646I34330,Intel,Core i3-4330,611,61.9,6343,https://cpu.userbenchmark.com/Intel-Core-i3-4330/Rating/2876
CPU,,Intel,Core i7-4702HQ,612,61.8,3582,https://cpu.userbenchmark.com/SpeedTest/297/IntelR-CoreTM-i7-4702HQ-CPU---220GHz
CPU,,Intel,Core i7-2860QM,613,61.7,4317,https://cpu.userbenchmark.com/SpeedTest/103/IntelR-CoreTM-i7-2860QM-CPU---250GHz
CPU,,Intel,Core i7-4810MQ,614,61.7,26927,https://cpu.userbenchmark.com/SpeedTest/7168/IntelR-CoreTM-i7-4810MQ-CPU---280GHz
CPU,BX80601920,Intel,Core i7-920,615,61.6,69074,https://cpu.userbenchmark.com/Intel-Core-i7-920/Rating/1981
CPU,,Intel,Core i5-7260U,616,61.5,2757,https://cpu.userbenchmark.com/SpeedTest/269906/IntelR-CoreTM-i5-7260U-CPU---220GHz
CPU,BX80605I5750,Intel,Core i5-750,617,61.5,43796,https://cpu.userbenchmark.com/Intel-Core-i5-750/Rating/2773
CPU,X1P64100,Snapdragon,X Plus 64100,618,61.4,137,https://cpu.userbenchmark.com/SpeedTest/2321781/SnapdragonR-X-10-core-X1P64100---340-GHz
CPU,BX80646I54440,Intel,Core i5-4440,619,61.3,81111,https://cpu.userbenchmark.com/Intel-Core-i5-4440/Rating/1993
CPU,,Intel,Xeon X3430,620,61.3,4096,https://cpu.userbenchmark.com/SpeedTest/5225/IntelR-XeonR-CPU-----------X3430----240GHz
CPU,,Intel,Core i5-3330,621,61.3,51926,https://cpu.userbenchmark.com/SpeedTest/10/IntelR-CoreTM-i5-3330-CPU---300GHz
CPU,,Intel,Xeon E5530,622,61.1,662,https://cpu.userbenchmark.com/SpeedTest/4018/IntelR-XeonR-CPU-----------E5530----240GHz
CPU,YD1400BBAEBOX,AMD,Ryzen 5 1400,623,61,71313,https://cpu.userbenchmark.com/AMD-Ryzen-5-1400/Rating/3922
CPU,,Intel,Core i7-4702MQ,624,61,21618,https://cpu.userbenchmark.com/SpeedTest/2674/IntelR-CoreTM-i7-4702MQ-CPU---220GHz
CPU,BX80662I56400,Intel,Core i5-6400,625,60.8,171457,https://cpu.userbenchmark.com/Intel-Core-i5-6400/Rating/3512
CPU,AW8063801106200,Intel,Core i7-3630QM,626,60.8,65927,https://cpu.userbenchmark.com/Intel-Core-i7-3630QM/Rating/626
CPU,FD8350FRHKBOX,AMD,FX-8350,627,60.8,313196,https://cpu.userbenchmark.com/AMD-FX-8350/Rating/1489
CPU,,Intel,Core i7-4712HQ,628,60.7,5396,https://cpu.userbenchmark.com/SpeedTest/10973/IntelR-CoreTM-i7-4712HQ-CPU---230GHz
CPU,,Intel,Core i7-3632QM,629,60.7,24912,https://cpu.userbenchmark.com/SpeedTest/36/IntelR-CoreTM-i7-3632QM-CPU---220GHz
CPU,,Intel,Core i7-5557U,630,60.6,1590,https://cpu.userbenchmark.com/SpeedTest/27386/IntelR-CoreTM-i7-5557U-CPU---310GHz
CPU,BX80623I52400,Intel,Core i5-2400,631,60.6,166255,https://cpu.userbenchmark.com/Intel-Core-i5-2400/Rating/803
CPU,BX80677I37100T,Intel,Core i3-7100T,632,60.5,2911,https://cpu.userbenchmark.com/SpeedTest/230301/IntelR-CoreTM-i3-7100T-CPU---340GHz
CPU,YD2200C5FBBOX,AMD,Ryzen 3 2200G,633,60.5,181631,https://cpu.userbenchmark.com/SpeedTest/441832/AMD-Ryzen-3-2200G-with-Radeon-Vega-Graphics
CPU,,Intel,Core i7-3612QM,634,60.5,11760,https://cpu.userbenchmark.com/SpeedTest/329/IntelR-CoreTM-i7-3612QM-CPU---210GHz
CPU,,Intel,Core i7 X 940,635,60.4,592,https://cpu.userbenchmark.com/SpeedTest/2801/IntelR-CoreTM-i7-CPU-------X-940----213GHz
CPU,,Intel,Core i5-2400S,636,60.4,10987,https://cpu.userbenchmark.com/SpeedTest/304/IntelR-CoreTM-i5-2400S-CPU---250GHz
CPU,,Intel,Core i3-2125,637,60.3,639,https://cpu.userbenchmark.com/SpeedTest/3545/IntelR-CoreTM-i3-2125-CPU---330GHz
CPU,CM8067703016117,Intel,Pentium G4560T,638,60.2,468,https://cpu.userbenchmark.com/SpeedTest/467086/IntelR-PentiumR-CPU-G4560T---290GHz
CPU,BX80662G4520,Intel,Pentium G4520,639,60.1,384,https://cpu.userbenchmark.com/Intel-Pentium-G4520/Rating/3537
CPU,,Intel,Core i7-6820HQ,640,60.1,33920,https://cpu.userbenchmark.com/SpeedTest/43500/IntelR-CoreTM-i7-6820HQ-CPU---270GHz
CPU,,Intel,Core i7-8665U,641,60,11139,https://cpu.userbenchmark.com/SpeedTest/740553/IntelR-CoreTM-i7-8665U-CPU---190GHz
CPU,,Intel,Core i7-2760QM,642,59.9,10423,https://cpu.userbenchmark.com/SpeedTest/949/IntelR-CoreTM-i7-2760QM-CPU---240GHz
CPU,FD837EWMHKBOX,AMD,FX-8370E,643,59.9,5639,https://cpu.userbenchmark.com/AMD-FX-8370E/Rating/2984
CPU,,Intel,Xeon E5-1603 0,644,59.9,3589,https://cpu.userbenchmark.com/SpeedTest/9880/IntelR-XeonR-CPU-E5-1603-0---280GHz
CPU,,Intel,Xeon E5-2620 v2,645,59.9,2742,https://cpu.userbenchmark.com/SpeedTest/4718/IntelR-XeonR-CPU-E5-2620-v2---210GHz
CPU,,Intel,Core i7-4710MQ,646,59.7,15557,https://cpu.userbenchmark.com/SpeedTest/9397/IntelR-CoreTM-i7-4710MQ-CPU---250GHz
CPU,,Intel,Core i7-5550U,647,59.7,102,https://cpu.userbenchmark.com/SpeedTest/203876/IntelR-CoreTM-i7-5550U-CPU---200GHz
CPU,,AMD,FX-8310,648,59.6,1697,https://cpu.userbenchmark.com/SpeedTest/18534/AMD-FXtm-8310-Eight-Core-Processor
CPU,,Intel,Xeon L5520,649,59.5,184,https://cpu.userbenchmark.com/SpeedTest/6285/IntelR-XeonR-CPU-----------L5520----227GHz
CPU,,Intel,Xeon E5620,650,59.4,3527,https://cpu.userbenchmark.com/SpeedTest/6971/IntelR-XeonR-CPU-----------E5620----240GHz
CPU,,Intel,Xeon E5-2630 0,651,59.3,1768,https://cpu.userbenchmark.com/SpeedTest/6512/IntelR-XeonR-CPU-E5-2630-0---230GHz
CPU,,AMD,FX-6350 Six-Core,652,59.2,29222,https://cpu.userbenchmark.com/SpeedTest/713/AMD-FXtm-6350-Six-Core-Processor
CPU,,Intel,Core i3-7167U,653,59.2,41,https://cpu.userbenchmark.com/SpeedTest/357115/IntelR-CoreTM-i3-7167U-CPU---280GHz
CPU,,Intel,Xeon E5520,654,59.1,1397,https://cpu.userbenchmark.com/SpeedTest/5884/IntelR-XeonR-CPU-----------E5520----227GHz
CPU,,Intel,Pentium G3470,655,59.1,131,https://cpu.userbenchmark.com/SpeedTest/28614/IntelR-PentiumR-CPU-G3470---360GHz
CPU,YD240GC6FBBOX,AMD,Athlon 240GE,656,59.1,487,https://cpu.userbenchmark.com/SpeedTest/705151/AMD-Athlon-240GE-with-Radeon-Vega-Graphics
CPU,,Intel,Core i3-3250,657,58.7,4164,https://cpu.userbenchmark.com/SpeedTest/4950/IntelR-CoreTM-i3-3250-CPU---350GHz
CPU,,Intel,Core i7-6700HQ,658,58.7,320434,https://cpu.userbenchmark.com/SpeedTest/34954/IntelR-CoreTM-i7-6700HQ-CPU---260GHz
CPU,HDE00ZFBGRBOX,AMD,Phenom II X6 1100T,659,58.6,12769,https://cpu.userbenchmark.com/AMD-Phenom-II-X6-1100T/Rating/2004
CPU,CW8064701470702,Intel,Core i7-4700MQ,660,58.6,69603,https://cpu.userbenchmark.com/Intel-Core-i7-4700MQ/Rating/2727
CPU,FD8150FRGUBOX,AMD,FX-8150,661,58.6,22181,https://cpu.userbenchmark.com/AMD-FX-8150/Rating/2006
CPU,BX80637I33225,Intel,Core i3-3225,662,58.5,3345,https://cpu.userbenchmark.com/Intel-Core-i3-3225/Rating/1488
CPU,,Intel,Core i7-2820QM,663,58.5,4929,https://cpu.userbenchmark.com/SpeedTest/3145/IntelR-CoreTM-i7-2820QM-CPU---230GHz
CPU,FD8320FRHKBOX,AMD,FX-8320,664,58.5,106454,https://cpu.userbenchmark.com/AMD-FX-8320/Rating/1983
CPU,,Intel,Core i3-2105,665,58.5,1052,https://cpu.userbenchmark.com/SpeedTest/2747/IntelR-CoreTM-i3-2105-CPU---310GHz
CPU,,AMD,FX-6200 Six-Core,666,58.5,5908,https://cpu.userbenchmark.com/SpeedTest/2658/AMD-FXtm-6200-Six-Core-Processor
CPU,,AMD,Ryzen 3 5400U,667,58.4,395,https://cpu.userbenchmark.com/SpeedTest/1535428/AMD-Ryzen-3-5400U-with-Radeon-Graphics
CPU,,Intel,Core i7-4610M,668,58.3,4524,https://cpu.userbenchmark.com/SpeedTest/11649/IntelR-CoreTM-i7-4610M-CPU---300GHz
CPU,,AMD,Phenom II X4 B65,669,58.1,226,https://cpu.userbenchmark.com/SpeedTest/6054/AMD-Phenomtm-II-X4-B65-Processor
CPU,,Intel,Core i7-2675QM,670,58,1033,https://cpu.userbenchmark.com/SpeedTest/597/IntelR-CoreTM-i7-2675QM-CPU---220GHz
CPU,,AMD,Phenom II X4 980,671,58,1088,https://cpu.userbenchmark.com/SpeedTest/5445/AMD-Phenomtm-II-X4-980-Processor
CPU,,Intel,Core i5-5287U,672,58,444,https://cpu.userbenchmark.com/SpeedTest/25610/IntelR-CoreTM-i5-5287U-CPU---290GHz
CPU,,Intel,Core i7-4710HQ,673,57.9,69536,https://cpu.userbenchmark.com/SpeedTest/11499/IntelR-CoreTM-i7-4710HQ-CPU---250GHz
CPU,,Intel,Core i5-8365U,674,57.8,12935,https://cpu.userbenchmark.com/SpeedTest/774761/IntelR-CoreTM-i5-8365U-CPU---160GHz
CPU,,Intel,Core i7-4720HQ,675,57.8,80960,https://cpu.userbenchmark.com/SpeedTest/20045/IntelR-CoreTM-i7-4720HQ-CPU---260GHz
CPU,FD832EWMHKBOX,AMD,FX-8320E,676,57.8,33199,https://cpu.userbenchmark.com/AMD-FX-8320E/Rating/2985
CPU,,Intel,Core i7-4558U,677,57.7,811,https://cpu.userbenchmark.com/SpeedTest/4092/IntelR-CoreTM-i7-4558U-CPU---280GHz
CPU,,Intel,Core i5-1035G7,678,57.7,4822,https://cpu.userbenchmark.com/SpeedTest/920409/IntelR-CoreTM-i5-1035G7-CPU---120GHz
CPU,YD220GC6FBBOX,AMD,Athlon 220GE,679,57.7,578,https://cpu.userbenchmark.com/SpeedTest/700311/AMD-Athlon-220GE-with-Radeon-Vega-Graphics
CPU,,Intel,Core i5-4570T,680,57.7,7298,https://cpu.userbenchmark.com/SpeedTest/6853/IntelR-CoreTM-i5-4570T-CPU---290GHz
CPU,,Intel,Core i7-2720QM,681,57.7,7798,https://cpu.userbenchmark.com/SpeedTest/532/IntelR-CoreTM-i7-2720QM-CPU---220GHz
CPU,BX80662I36100T,Intel,Core i3-6100T,682,57.6,6076,https://cpu.userbenchmark.com/SpeedTest/40317/IntelR-CoreTM-i3-6100T-CPU---320GHz
CPU,,AMD,FX-8300,683,57.6,49767,https://cpu.userbenchmark.com/SpeedTest/7163/AMD-FXtm-8300-Eight-Core-Processor
CPU,,Intel,Pentium G3460,684,57.6,1153,https://cpu.userbenchmark.com/Intel-Pentium-G3460/Rating/2818
CPU,,Intel,Xeon E5-2620 0,685,57.5,3540,https://cpu.userbenchmark.com/SpeedTest/5895/IntelR-XeonR-CPU-E5-2620-0---200GHz
CPU,,AMD,Athlon II X4 555,686,57.5,115,https://cpu.userbenchmark.com/SpeedTest/12528/AMD-Athlontm-II-X4-555-Processor
CPU,,Intel,Core i3-2130,687,57.5,6759,https://cpu.userbenchmark.com/SpeedTest/424/IntelR-CoreTM-i3-2130-CPU---340GHz
CPU,,Intel,Core i7-2635QM,688,57.4,347,https://cpu.userbenchmark.com/SpeedTest/12770/IntelR-CoreTM-i7-2635QM-CPU---200GHz
CPU,,Intel,Core i7-6567U,689,57.4,456,https://cpu.userbenchmark.com/SpeedTest/150864/IntelR-CoreTM-i7-6567U-CPU---330GHz
CPU,BX80677G4560,Intel,Pentium G4560,690,57.3,70054,https://cpu.userbenchmark.com/Intel-Pentium-G4560/Rating/3892
CPU,FD4350FRHKBOX,AMD,FX-4350,691,57.3,11995,https://cpu.userbenchmark.com/AMD-FX-4350/Rating/2880
CPU,,Intel,Core i3-3210,692,57.2,7331,https://cpu.userbenchmark.com/SpeedTest/3090/IntelR-CoreTM-i3-3210-CPU---320GHz
CPU,BX80715G6900,Intel,Celeron G6900,693,57.1,184,https://cpu.userbenchmark.com/SpeedTest/1771393/IntelR-CeleronR-G6900
CPU,BX80646G3440,Intel,Pentium G3440,694,57.1,558,https://cpu.userbenchmark.com/Intel-Pentium-G3440/Rating/2435
CPU,,AMD,Phenom II X4 975,695,57,1372,https://cpu.userbenchmark.com/SpeedTest/3020/AMD-Phenomtm-II-X4-975-Processor
CPU,,AMD,Phenom II X6 1090T,696,57,23506,https://cpu.userbenchmark.com/SpeedTest/417/AMD-Phenomtm-II-X6-1090T-Processor
CPU,BX80677I37100,Intel,Core i3-7100,697,57,79299,https://cpu.userbenchmark.com/Intel-Core-i3-7100/Rating/3891
CPU,,AMD,Ryzen 3 5300U,698,57,2860,https://cpu.userbenchmark.com/SpeedTest/1536212/AMD-Ryzen-3-5300U-with-Radeon-Graphics
CPU,YD1200BBAEBOX,AMD,Ryzen 3 1200,699,57,83528,https://cpu.userbenchmark.com/AMD-Ryzen-3-1200/Rating/3931
CPU,,Intel,Core i5-4200H,700,57,11882,https://cpu.userbenchmark.com/SpeedTest/8854/IntelR-CoreTM-i5-4200H-CPU---280GHz
CPU,,Intel,Core i5-10210Y,701,57,115,https://cpu.userbenchmark.com/SpeedTest/1005724/IntelR-CoreTM-i5-10210Y-CPU---100GHz
CPU,BX80646I34170,Intel,Core i3-4170,702,56.9,48178,https://cpu.userbenchmark.com/SpeedTest/28214/IntelR-CoreTM-i3-4170-CPU---370GHz
CPU,,Intel,Core2 Extreme X9770,703,56.8,522,https://cpu.userbenchmark.com/SpeedTest/10543/IntelR-CoreTM2-Extreme-CPU-X9770----320GHz
CPU,,Intel,Core i7 X 920,704,56.6,998,https://cpu.userbenchmark.com/SpeedTest/4179/IntelR-CoreTM-i7-CPU-------X-920----200GHz
CPU,BX80646G3430,Intel,Pentium G3430,705,56.5,263,https://cpu.userbenchmark.com/Intel-Pentium-G3430/Rating/1969
CPU,,Intel,Core i5-7300HQ,706,56.5,170871,https://cpu.userbenchmark.com/SpeedTest/223877/IntelR-CoreTM-i5-7300HQ-CPU---250GHz
CPU,,Intel,Core i3-6167U,707,56.5,25,https://cpu.userbenchmark.com/SpeedTest/175469/IntelR-CoreTM-i3-6167U-CPU---270GHz
CPU,,Intel,Core i7-10510U,708,56.4,51080,https://cpu.userbenchmark.com/SpeedTest/891469/IntelR-CoreTM-i7-10510U-CPU---180GHz
CPU,,AMD,FX-8120,709,56.4,25690,https://cpu.userbenchmark.com/SpeedTest/173/AMD-FXtm-8120-Eight-Core-Processor
CPU,,AMD,Phenom II X4 970,710,56.3,2539,https://cpu.userbenchmark.com/SpeedTest/2231/AMD-Phenomtm-II-X4-970-Processor
CPU,,Intel,Core i7-2670QM,711,56.3,51169,https://cpu.userbenchmark.com/Intel-Core-i7-2670QM/Rating/1982
CPU,,Intel,Xeon E5-2609 0,712,56.3,759,https://cpu.userbenchmark.com/SpeedTest/2762/IntelR-XeonR-CPU-E5-2609-0---240GHz
CPU,BX80662G4500,Intel,Pentium G4500,713,56.3,3191,https://cpu.userbenchmark.com/Intel-Pentium-G4500/Rating/3538
CPU,,Intel,Core i5-4258U,714,56.3,1278,https://cpu.userbenchmark.com/SpeedTest/5904/IntelR-CoreTM-i5-4258U-CPU---240GHz
CPU,BX80677G3950,Intel,Celeron G3950,715,56.2,228,https://cpu.userbenchmark.com/SpeedTest/242877/IntelR-CeleronR-CPU-G3950---300GHz
CPU,,Intel,Core i3-4130T,716,56.2,5264,https://cpu.userbenchmark.com/SpeedTest/13080/IntelR-CoreTM-i3-4130T-CPU---290GHz
CPU,,Intel,Core i7-5650U,717,56.1,248,https://cpu.userbenchmark.com/SpeedTest/26818/IntelR-CoreTM-i7-5650U-CPU---220GHz
CPU,,Intel,Core i7 Q 840,718,56.1,1339,https://cpu.userbenchmark.com/SpeedTest/2642/IntelR-CoreTM-i7-CPU-------Q-840----187GHz
CPU,,Intel,Pentium G3450,719,56,1246,https://cpu.userbenchmark.com/SpeedTest/24201/IntelR-PentiumR-CPU-G3450---340GHz
CPU,,Intel,Core i7-4600M,720,56,7260,https://cpu.userbenchmark.com/SpeedTest/4429/IntelR-CoreTM-i7-4600M-CPU---290GHz
CPU,,Intel,Core i7-3540M,721,56,6652,https://cpu.userbenchmark.com/SpeedTest/921/IntelR-CoreTM-i7-3540M-CPU---300GHz
CPU,,Intel,Core i5-6260U,722,55.9,1781,https://cpu.userbenchmark.com/SpeedTest/37385/IntelR-CoreTM-i5-6260U-CPU---180GHz
CPU,BX80701G5920,Intel,Celeron G5920,723,55.9,68,https://cpu.userbenchmark.com/SpeedTest/1197531/IntelR-CeleronR-G5920-CPU---350GHz
CPU,,AMD,Phenom II X6 1075T,724,55.9,4420,https://cpu.userbenchmark.com/SpeedTest/913/AMD-Phenomtm-II-X6-1075T-Processor
CPU,,AMD,Phenom II X4 B60,725,55.8,1386,https://cpu.userbenchmark.com/SpeedTest/8154/AMD-Phenomtm-II-X4-B60-Processor
CPU,,Intel,Core i5-3470T,726,55.8,3684,https://cpu.userbenchmark.com/SpeedTest/2220/IntelR-CoreTM-i5-3470T-CPU---290GHz
CPU,,AMD,FX-4170 Quad-Core,727,55.6,4257,https://cpu.userbenchmark.com/SpeedTest/114/AMD-FXtm-4170-Quad-Core-Processor
CPU,BX80701G5900,Intel,Celeron G5900,728,55.5,415,https://cpu.userbenchmark.com/SpeedTest/1187562/IntelR-CeleronR-G5900-CPU---340GHz
CPU,,Intel,Core i5-1035G4,729,55.5,13243,https://cpu.userbenchmark.com/SpeedTest/921077/IntelR-CoreTM-i5-1035G4-CPU---110GHz
CPU,,AMD,FX-6120 Six-Core,730,55.4,1739,https://cpu.userbenchmark.com/SpeedTest/7026/AMD-FXtm-6120-Six-Core-Processor
CPU,,Intel,Core i5-3380M,731,55.4,2989,https://cpu.userbenchmark.com/SpeedTest/5308/IntelR-CoreTM-i5-3380M-CPU---290GHz
CPU,BX80662I36100,Intel,Core i3-6100,732,55.4,110166,https://cpu.userbenchmark.com/Intel-Core-i3-6100/Rating/3511
CPU,BX80646I34150,Intel,Core i3-4150,733,55.2,36627,https://cpu.userbenchmark.com/Intel-Core-i3-4150/Rating/2309
CPU,FF8062700837005,Intel,Core i7-2630QM,734,55.2,39605,https://cpu.userbenchmark.com/Intel-Core-i7-2630QM/Rating/2729
CPU,FD6300WMHKBOX,AMD,FX-6300,735,55.2,261607,https://cpu.userbenchmark.com/AMD-FX-6300/Rating/1555
CPU,,Intel,Core i3-3240,736,55.1,37789,https://cpu.userbenchmark.com/SpeedTest/2133/IntelR-CoreTM-i3-3240-CPU---340GHz
CPU,BX80646I34160,Intel,Core i3-4160,737,55.1,48506,https://cpu.userbenchmark.com/Intel-Core-i3-4160/Rating/2816
CPU,,AMD,Ryzen 3 2300U,738,55,3165,https://cpu.userbenchmark.com/SpeedTest/511816/AMD-Ryzen-3-2300U-with-Radeon-Vega-Mobile-Gfx
CPU,,Intel,Core i7-7560U,739,54.9,1528,https://cpu.userbenchmark.com/SpeedTest/262014/IntelR-CoreTM-i7-7560U-CPU---240GHz
CPU,,Intel,Core i3-7130U,740,54.9,4991,https://cpu.userbenchmark.com/SpeedTest/376899/IntelR-CoreTM-i3-7130U-CPU---270GHz
CPU,FJ8068404064405,Intel,Core i7-8565U,741,54.7,81207,https://cpu.userbenchmark.com/SpeedTest/591977/IntelR-CoreTM-i7-8565U-CPU---180GHz
CPU,,Intel,Core i5-5257U,742,54.6,3465,https://cpu.userbenchmark.com/SpeedTest/25441/IntelR-CoreTM-i5-5257U-CPU---270GHz
CPU,,Intel,Core i3-3220T,743,54.6,2218,https://cpu.userbenchmark.com/SpeedTest/2602/IntelR-CoreTM-i3-3220T-CPU---280GHz
CPU,,AMD,Ryzen 3 3300U,744,54.5,2913,https://cpu.userbenchmark.com/SpeedTest/827713/AMD-Ryzen-3-3300U-with-Radeon-Vega-Mobile-Gfx
CPU,,Intel,Xeon X5470,745,54.5,1638,https://cpu.userbenchmark.com/SpeedTest/14102/IntelR-XeonR-CPU-----------X5470----333GHz
CPU,,Intel,Core i3-6157U,746,54.4,479,https://cpu.userbenchmark.com/SpeedTest/187565/IntelR-CoreTM-i3-6157U-CPU---240GHz
CPU,,Intel,Xeon E5506,747,54.2,722,https://cpu.userbenchmark.com/SpeedTest/11152/IntelR-XeonR-CPU-----------E5506----213GHz
CPU,,Intel,Core i7-7660U,748,54.2,4146,https://cpu.userbenchmark.com/SpeedTest/274151/IntelR-CoreTM-i7-7660U-CPU---250GHz
CPU,,AMD,Ryzen 7 3750H,749,54.1,42271,https://cpu.userbenchmark.com/SpeedTest/786211/AMD-Ryzen-7-3750H-with-Radeon-Vega-Mobile-Gfx
CPU,HDT55TFBGRBOX,AMD,Phenom II X6 1055T,750,54,23835,https://cpu.userbenchmark.com/AMD-Phenom-II-X6-1055T/Rating/2003
CPU,,AMD,Phenom II X4 B55,751,54,3005,https://cpu.userbenchmark.com/SpeedTest/878/AMD-Phenomtm-II-X4-B55-Processor
CPU,,AMD,Phenom II X4 960T,752,53.9,4461,https://cpu.userbenchmark.com/SpeedTest/1813/AMD-Phenomtm-II-X4-960T-Processor
CPU,,Intel,Core i5-3360M,753,53.9,5754,https://cpu.userbenchmark.com/SpeedTest/701/IntelR-CoreTM-i5-3360M-CPU---280GHz
CPU,,Intel,Core i7 Q 740,754,53.8,13278,https://cpu.userbenchmark.com/SpeedTest/415/IntelR-CoreTM-i7-CPU-------Q-740----173GHz
CPU,,Intel,Core i5-6300HQ,755,53.7,41531,https://cpu.userbenchmark.com/SpeedTest/38166/IntelR-CoreTM-i5-6300HQ-CPU---230GHz
CPU,,Intel,Core i7-2640M,756,53.7,12152,https://cpu.userbenchmark.com/SpeedTest/791/IntelR-CoreTM-i7-2640M-CPU---280GHz
CPU,,Intel,Pentium G2130,757,53.6,1838,https://cpu.userbenchmark.com/SpeedTest/9126/IntelR-PentiumR-CPU-G2130---320GHz
CPU,FD6100WMGUSBX,AMD,FX-6100,758,53.5,44863,https://cpu.userbenchmark.com/AMD-FX-6100/Rating/1984
CPU,YD200GC6FBBOX,AMD,Athlon 200GE,759,53.5,12631,https://cpu.userbenchmark.com/SpeedTest/592714/AMD-Athlon-200GE-with-Radeon-Vega-Graphics
CPU,BX80646G3420,Intel,Pentium G3420,760,53.5,4757,https://cpu.userbenchmark.com/Intel-Pentium-G3420/Rating/1968
CPU,,AMD,Phenom II X6 1045T,761,53.5,5709,https://cpu.userbenchmark.com/SpeedTest/1873/AMD-Phenomtm-II-X6-1045T-Processor
CPU,,Intel,Core i5-10210U,762,53.4,54859,https://cpu.userbenchmark.com/SpeedTest/819403/IntelR-CoreTM-i5-10210U-CPU---160GHz
CPU,,AMD,A10-6790K APU (2013 D.Ri),763,53.3,1723,https://cpu.userbenchmark.com/SpeedTest/13499/AMD-A10-6790K-APU-with-Radeontm-HD-Graphics
CPU,,Intel,Core i3-2120T,764,53.3,1170,https://cpu.userbenchmark.com/SpeedTest/2686/IntelR-CoreTM-i3-2120T-CPU---260GHz
CPU,,Intel,Core i7-3520M,765,53.2,19660,https://cpu.userbenchmark.com/SpeedTest/50/IntelR-CoreTM-i7-3520M-CPU---290GHz
CPU,,AMD,Ryzen 5 3550H,766,53.2,57853,https://cpu.userbenchmark.com/SpeedTest/718601/AMD-Ryzen-5-3550H-with-Radeon-Vega-Mobile-Gfx
CPU,,Intel,Core i7-1065G7,767,53.2,58314,https://cpu.userbenchmark.com/SpeedTest/888368/IntelR-CoreTM-i7-1065G7-CPU---130GHz
CPU,,Intel,Core i5-8250U,768,53.1,234942,https://cpu.userbenchmark.com/SpeedTest/338266/IntelR-CoreTM-i5-8250U-CPU---160GHz
CPU,,Intel,Core i7-6650U,769,53.1,6131,https://cpu.userbenchmark.com/SpeedTest/40238/IntelR-CoreTM-i7-6650U-CPU---220GHz
CPU,,Intel,Core i7-8550U,770,53,184356,https://cpu.userbenchmark.com/SpeedTest/320742/IntelR-CoreTM-i7-8550U-CPU---180GHz
CPU,,Intel,Core i5-2435M,771,52.9,524,https://cpu.userbenchmark.com/SpeedTest/968/IntelR-CoreTM-i5-2435M-CPU---240GHz
CPU,YD3000C6FHBOX,AMD,Athlon 3000G,772,52.9,11076,https://cpu.userbenchmark.com/SpeedTest/968952/AMD-Athlon-3000G-with-Radeon-Vega-Graphics
CPU,,AMD,Phenom II X6 1035T,773,52.9,2528,https://cpu.userbenchmark.com/SpeedTest/1603/AMD-Phenomtm-II-X6-1035T-Processor
CPU,,AMD,Phenom II X4 840T,774,52.9,1104,https://cpu.userbenchmark.com/SpeedTest/8545/AMD-Phenomtm-II-X4-840T-Processor
CPU,,Intel,Core i3-8145U,775,52.8,15431,https://cpu.userbenchmark.com/SpeedTest/616038/IntelR-CoreTM-i3-8145U-CPU---210GHz
CPU,FJ8068404064604,Intel,Core i5-8265U,776,52.7,87841,https://cpu.userbenchmark.com/SpeedTest/566107/IntelR-CoreTM-i5-8265U-CPU---160GHz
CPU,,Intel,Core i7-3687U,777,52.6,2933,https://cpu.userbenchmark.com/SpeedTest/2934/IntelR-CoreTM-i7-3687U-CPU---210GHz
CPU,,Intel,Pentium G2120,778,52.6,1827,https://cpu.userbenchmark.com/SpeedTest/448/IntelR-PentiumR-CPU-G2120---310GHz
CPU,BX80646G3258,Intel,Pentium G3258,779,52.6,23497,https://cpu.userbenchmark.com/Intel-Pentium-G3258/Rating/2434
CPU,,Intel,Core2 Extreme X9650,780,52.6,3122,https://cpu.userbenchmark.com/SpeedTest/2662/IntelR-CoreTM2-Extreme-CPU-X9650----300GHz
CPU,,Intel,Core i5-3340M,781,52.6,12487,https://cpu.userbenchmark.com/SpeedTest/1915/IntelR-CoreTM-i5-3340M-CPU---270GHz
CPU,HDZ965FBGMBOX,AMD,Phenom II X4 965,782,52.6,43442,https://cpu.userbenchmark.com/AMD-Phenom-II-X4-965/Rating/606
CPU,BX80646G1850,Intel,Celeron G1850,783,52.5,342,https://cpu.userbenchmark.com/Intel-Celeron-G1850/Rating/2850
CPU,,Intel,Core i7 Q 820,784,52.5,2269,https://cpu.userbenchmark.com/SpeedTest/3571/IntelR-CoreTM-i7-CPU-------Q-820----173GHz
CPU,BX80646G1830,Intel,Celeron G1830,785,52.4,187,https://cpu.userbenchmark.com/Intel-Celeron-G1830/Rating/2848
CPU,,Intel,Pentium G870,786,52.4,1800,https://cpu.userbenchmark.com/SpeedTest/9348/IntelR-PentiumR-CPU-G870---310GHz
CPU,BX80646I34130,Intel,Core i3-4130,787,52.3,49509,https://cpu.userbenchmark.com/Intel-Core-i3-4130/Rating/1621
CPU,,Intel,Core i7-8650U,788,52.3,42414,https://cpu.userbenchmark.com/SpeedTest/353957/IntelR-CoreTM-i7-8650U-CPU---190GHz
CPU,,Intel,Core i7-2620M,789,52.2,16111,https://cpu.userbenchmark.com/SpeedTest/643/IntelR-CoreTM-i7-2620M-CPU---270GHz
CPU,,AMD,Phenom II X4 830,790,52.2,1495,https://cpu.userbenchmark.com/SpeedTest/2164/AMD-Phenomtm-II-X4-830-Processor
CPU,,Intel,Core i3-3220,791,52.1,71790,https://cpu.userbenchmark.com/SpeedTest/272/IntelR-CoreTM-i3-3220-CPU---330GHz
CPU,BX80684G4900,Intel,Celeron G4900,792,52.1,1971,https://cpu.userbenchmark.com/SpeedTest/482751/IntelR-CeleronR-G4900-CPU---310GHz
CPU,,AMD,Ryzen 7 2700U,793,52.1,8291,https://cpu.userbenchmark.com/SpeedTest/432558/AMD-Ryzen-7-2700U-with-Radeon-Vega-Mobile-Gfx
CPU,,Intel,Xeon E5-2680 v2,794,52,56,https://cpu.userbenchmark.com/SpeedTest/17083/IntelR-XeonR-CPU-E5-2680-v2---280GHz
CPU,,AMD,FX-4130 Quad-Core,795,52,8564,https://cpu.userbenchmark.com/SpeedTest/2420/AMD-FXtm-4130-Quad-Core-Processor
CPU,,Intel,Xeon E5504,796,51.9,489,https://cpu.userbenchmark.com/SpeedTest/6261/IntelR-XeonR-CPU-----------E5504----200GHz
CPU,,Intel,Pentium G3260,797,51.8,9453,https://cpu.userbenchmark.com/SpeedTest/31434/IntelR-PentiumR-CPU-G3260---330GHz
CPU,,Intel,Core i5 680,798,51.8,781,https://cpu.userbenchmark.com/SpeedTest/3693/IntelR-CoreTM-i5-CPU---------680----360GHz
CPU,,AMD,Phenom II X4 910e,799,51.8,214,https://cpu.userbenchmark.com/SpeedTest/10427/AMD-Phenomtm-II-X4-910e-Processor
CPU,,AMD,A10-5800B APU (2012 D.Tr),800,51.7,1191,https://cpu.userbenchmark.com/SpeedTest/14080/AMD-A10-5800B-APU-with-Radeontm-HD-Graphics
CPU,FD4300WMHKBOX,AMD,FX-4300,801,51.6,55454,https://cpu.userbenchmark.com/AMD-FX-4300/Rating/2879
CPU,,Intel,Core i5-8350U,802,51.6,19808,https://cpu.userbenchmark.com/SpeedTest/388461/IntelR-CoreTM-i5-8350U-CPU---170GHz
CPU,,Intel,Xeon X5460,803,51.6,10360,https://cpu.userbenchmark.com/SpeedTest/5754/IntelR-XeonR-CPU-----------X5460----316GHz
CPU,,AMD,Phenom II X4 B50,804,51.6,3245,https://cpu.userbenchmark.com/SpeedTest/5205/AMD-Phenomtm-II-X4-B50-Processor
CPU,,Intel,Core i5-2540M,805,51.5,16964,https://cpu.userbenchmark.com/SpeedTest/1616/IntelR-CoreTM-i5-2540M-CPU---260GHz
CPU,,Intel,Core i7-3537U,806,51.5,17065,https://cpu.userbenchmark.com/SpeedTest/504/IntelR-CoreTM-i7-3537U-CPU---200GHz
CPU,,Intel,Core i5-4300M,807,51.5,13678,https://cpu.userbenchmark.com/SpeedTest/5215/IntelR-CoreTM-i5-4300M-CPU---260GHz
CPU,,AMD,Phenom II X4 945,808,51.5,12746,https://cpu.userbenchmark.com/SpeedTest/101/AMD-Phenomtm-II-X4-945-Processor
CPU,HDZ955FBGMBOX,AMD,Phenom II X4 955,809,51.5,41403,https://cpu.userbenchmark.com/AMD-Phenom-II-X4-955/Rating/2935
CPU,AD680KWOHLBOX,AMD,A10-6800K APU (2013 D.Ri),810,51.5,11295,https://cpu.userbenchmark.com/AMD-A10-6800K-APU-2013-DRi/Rating/2936
CPU,,AMD,Athlon II X4 760K (2013 D.Ri),811,51.5,6408,https://cpu.userbenchmark.com/SpeedTest/9072/AMD-Athlontm-X4-760K-Quad-Core-Processor
CPU,,Intel,Core i7-2677M,812,51.4,694,https://cpu.userbenchmark.com/SpeedTest/4939/IntelR-CoreTM-i7-2677M-CPU---180GHz
CPU,,Intel,Pentium G860,813,51.4,3842,https://cpu.userbenchmark.com/SpeedTest/2650/IntelR-PentiumR-CPU-G860---300GHz
CPU,,AMD,FX-4100,814,51.4,32471,https://cpu.userbenchmark.com/AMD-FX-4100/Rating/2878
CPU,,Intel,Pentium G840,815,51.3,2557,https://cpu.userbenchmark.com/SpeedTest/3067/IntelR-PentiumR-CPU-G840---280GHz
CPU,,Intel,Core i5-4210M,816,51.3,15981,https://cpu.userbenchmark.com/SpeedTest/12839/IntelR-CoreTM-i5-4210M-CPU---260GHz
CPU,,Intel,Pentium G3250,817,51.2,11326,https://cpu.userbenchmark.com/SpeedTest/18077/IntelR-PentiumR-CPU-G3250---320GHz
CPU,,Intel,Core i5-2415M,818,51.1,656,https://cpu.userbenchmark.com/SpeedTest/4223/IntelR-CoreTM-i5-2415M-CPU---230GHz
CPU,,Intel,Core i7-4650U,819,51.1,4310,https://cpu.userbenchmark.com/SpeedTest/6364/IntelR-CoreTM-i7-4650U-CPU---170GHz
CPU,,Intel,Core i7-2637M,820,51.1,599,https://cpu.userbenchmark.com/SpeedTest/5436/IntelR-CoreTM-i7-2637M-CPU---170GHz
CPU,,Intel,Core i5-1035G1,821,51.1,53170,https://cpu.userbenchmark.com/SpeedTest/895407/IntelR-CoreTM-i5-1035G1-CPU---100GHz
CPU,AD750KWOHJBOX,AMD,Athlon II X4 750K,822,51.1,5882,https://cpu.userbenchmark.com/AMD-Athlon-II-X4-750K/Rating/1548
CPU,,AMD,Phenom II X4 B45,823,51.1,1025,https://cpu.userbenchmark.com/SpeedTest/4111/AMD-Phenomtm-II-X4-B45-Processor
CPU,,Intel,Core i3-4000M,824,51,7973,https://cpu.userbenchmark.com/SpeedTest/6476/IntelR-CoreTM-i3-4000M-CPU---240GHz
CPU,,Intel,Core i3-1115G4,825,51,18815,https://cpu.userbenchmark.com/SpeedTest/1333512/11th-Gen-IntelR-CoreTM-i3-1115G4---300GHz
CPU,,AMD,Phenom II X4 B40,826,50.9,465,https://cpu.userbenchmark.com/SpeedTest/9803/AMD-Phenomtm-II-X4-B40-Processor
CPU,,Intel,Pentium G850,827,50.9,2785,https://cpu.userbenchmark.com/SpeedTest/2522/IntelR-PentiumR-CPU-G850---290GHz
CPU,,Intel,Core i7-3667U,828,50.9,3556,https://cpu.userbenchmark.com/SpeedTest/2815/IntelR-CoreTM-i7-3667U-CPU---200GHz
CPU,,Intel,Core i3-2100,829,50.9,63701,https://cpu.userbenchmark.com/SpeedTest/41/IntelR-CoreTM-i3-2100-CPU---310GHz
CPU,,Intel,Xeon X5472,830,50.8,333,https://cpu.userbenchmark.com/SpeedTest/3914/IntelR-XeonR-CPU-----------X5472----300GHz
CPU,,Intel,Core2 Quad Q9650,831,50.7,16719,https://cpu.userbenchmark.com/SpeedTest/1706/IntelR-CoreTM2-Quad-CPU----Q9650----300GHz
CPU,,Intel,Core i3-2120,832,50.7,77810,https://cpu.userbenchmark.com/SpeedTest/2227/IntelR-CoreTM-i3-2120-CPU---330GHz
CPU,,Intel,Core i7 Q 720,833,50.7,13149,https://cpu.userbenchmark.com/SpeedTest/140/IntelR-CoreTM-i7-CPU-------Q-720----160GHz
CPU,,Intel,Core i7-3517U,834,50.7,8454,https://cpu.userbenchmark.com/SpeedTest/663/IntelR-CoreTM-i7-3517U-CPU---190GHz
CPU,,AMD,Phenom II X4 925,835,50.7,5211,https://cpu.userbenchmark.com/SpeedTest/2581/AMD-Phenomtm-II-X4-925-Processor
CPU,,Intel,Xeon E5472,836,50.7,771,https://cpu.userbenchmark.com/SpeedTest/20269/IntelR-XeonR-CPU-----------E5472----300GHz
CPU,,Intel,Pentium G2010,837,50.6,3290,https://cpu.userbenchmark.com/SpeedTest/8691/IntelR-PentiumR-CPU-G2010---280GHz
CPU,,Intel,Xeon E5450,838,50.5,10801,https://cpu.userbenchmark.com/SpeedTest/5890/IntelR-XeonR-CPU-----------E5450----300GHz
CPU,,Intel,Xeon W3505,839,50.5,755,https://cpu.userbenchmark.com/SpeedTest/12714/IntelR-XeonR-CPU-----------W3505----253GHz
CPU,,Intel,Core i7-4550U,840,50.5,323,https://cpu.userbenchmark.com/SpeedTest/6199/IntelR-CoreTM-i7-4550U-CPU---150GHz
CPU,,Intel,Core i5-4250U,841,50.4,1765,https://cpu.userbenchmark.com/SpeedTest/1787/IntelR-CoreTM-i5-4250U-CPU---130GHz
CPU,BX80646G3240 ,Intel,Pentium G3240,842,50.2,10752,https://cpu.userbenchmark.com/Intel-Pentium-G3240/Rating/2820
CPU,,AMD,Phenom II X4 920,843,50.2,1017,https://cpu.userbenchmark.com/SpeedTest/1945/AMD-Phenomtm-II-X4-920-Processor
CPU,,Intel,Xeon E5-2603 0,844,50.2,224,https://cpu.userbenchmark.com/SpeedTest/4629/IntelR-XeonR-CPU-E5-2603-0---180GHz
CPU,,Intel,Core i7-8500Y,845,50.1,528,https://cpu.userbenchmark.com/SpeedTest/590466/IntelR-CoreTM-i7-8500Y-CPU---150GHz
CPU,,Intel,Core i7-4500U,846,50.1,39249,https://cpu.userbenchmark.com/Intel-Core-i7-4500U/Rating/2743
CPU,,Intel,Core i3-3120M,847,50.1,14372,https://cpu.userbenchmark.com/SpeedTest/923/IntelR-CoreTM-i3-3120M-CPU---250GHz
CPU,,Intel,Pentium G645,848,49.9,5700,https://cpu.userbenchmark.com/SpeedTest/3264/IntelR-PentiumR-CPU-G645---290GHz
CPU,AD580KWOHJBOX,AMD,A10-5800K APU (2012 D.Tr),849,49.9,18312,https://cpu.userbenchmark.com/AMD-A10-5800K-APU-2012-DTr/Rating/2007
CPU,,AMD,A8-6600K APU,850,49.8,21890,https://cpu.userbenchmark.com/SpeedTest/3344/AMD-A8-6600K-APU-with-Radeontm-HD-Graphics
CPU,,Intel,Core i5 661,851,49.8,2457,https://cpu.userbenchmark.com/SpeedTest/548/IntelR-CoreTM-i5-CPU---------661----333GHz
CPU,,Intel,Xeon E7- 4870,852,49.8,40,https://cpu.userbenchmark.com/SpeedTest/8256/IntelR-XeonR-CPU-E7--4870----240GHz
CPU,,Intel,Pentium 5405U,853,49.8,963,https://cpu.userbenchmark.com/SpeedTest/767922/IntelR-PentiumR-CPU-5405U---230GHz
CPU,,AMD,A8-6500 APU,854,49.8,7219,https://cpu.userbenchmark.com/SpeedTest/5272/AMD-A8-6500-APU-with-Radeontm-HD-Graphics
CPU,AD6700OKHLBOX,AMD,A10-6700 APU (2013 D.Ri),855,49.7,12547,https://cpu.userbenchmark.com/AMD-A10-6700-APU-2013-DRi/Rating/2938
CPU,,Intel,Core i5-2557M,856,49.7,714,https://cpu.userbenchmark.com/SpeedTest/5422/IntelR-CoreTM-i5-2557M-CPU---170GHz
CPU,,Intel,Core i5-4200M,857,49.6,33019,https://cpu.userbenchmark.com/SpeedTest/2341/IntelR-CoreTM-i5-4200M-CPU---250GHz
CPU,,Intel,Core i7-7600U,858,49.6,13451,https://cpu.userbenchmark.com/SpeedTest/220838/IntelR-CoreTM-i7-7600U-CPU---280GHz
CPU,,AMD,Athlon II X4 651,859,49.6,1008,https://cpu.userbenchmark.com/SpeedTest/3526/AMD-Athlontm-II-X4-651-Quad-Core-Processor
CPU,,Intel,Core i7-5600U,860,49.6,20423,https://cpu.userbenchmark.com/SpeedTest/22612/IntelR-CoreTM-i7-5600U-CPU---260GHz
CPU,,Intel,Xeon X5450,861,49.6,5870,https://cpu.userbenchmark.com/SpeedTest/5169/IntelR-XeonR-CPU-----------X5450----300GHz
CPU,,Intel,Core i5-2430M,862,49.5,41461,https://cpu.userbenchmark.com/SpeedTest/429/IntelR-CoreTM-i5-2430M-CPU---240GHz
CPU,,AMD,Phenom II X4 810,863,49.5,2243,https://cpu.userbenchmark.com/SpeedTest/4242/AMD-Phenomtm-II-X4-810-Processor
CPU,,Intel,Celeron G1620,864,49.5,2566,https://cpu.userbenchmark.com/SpeedTest/6930/IntelR-CeleronR-CPU-G1620---270GHz
CPU,BX80662G3900,Intel,Celeron G3900,865,49.5,6695,https://cpu.userbenchmark.com/SpeedTest/86156/IntelR-CeleronR-CPU-G3900---280GHz
CPU,,AMD,Phenom II X4 850,866,49.4,1360,https://cpu.userbenchmark.com/SpeedTest/3577/AMD-Phenomtm-II-X4-850-Processor
CPU,,AMD,Ryzen 7 3700U,867,49.4,23686,https://cpu.userbenchmark.com/SpeedTest/765724/AMD-Ryzen-7-3700U-with-Radeon-Vega-Mobile-Gfx
CPU,,Intel,Core i5-5250U,868,49.4,4386,https://cpu.userbenchmark.com/SpeedTest/24945/IntelR-CoreTM-i5-5250U-CPU---160GHz
CPU,,Intel,Core i5-4310U,869,49.4,14648,https://cpu.userbenchmark.com/SpeedTest/12941/IntelR-CoreTM-i5-4310U-CPU---200GHz
CPU,BX80646G1820,Intel,Celeron G1820,870,49.2,4011,https://cpu.userbenchmark.com/Intel-Celeron-G1820/Rating/1992
CPU,,Intel,Core2 Quad Q9450,871,49.2,5335,https://cpu.userbenchmark.com/SpeedTest/765/IntelR-CoreTM2-Quad--CPU---Q9450----266GHz
CPU,,Intel,Core i7-4600U,872,49.1,26548,https://cpu.userbenchmark.com/SpeedTest/2752/IntelR-CoreTM-i7-4600U-CPU---210GHz
CPU,,AMD,A8-5600K APU,873,49.1,14744,https://cpu.userbenchmark.com/SpeedTest/1766/AMD-A8-5600K-APU-with-Radeontm-HD-Graphics
CPU,,Intel,Pentium 3550M,874,49.1,685,https://cpu.userbenchmark.com/SpeedTest/9225/IntelR-PentiumR-CPU-3550M---230GHz
CPU,,AMD,Phenom II X4 940,875,49,3675,https://cpu.userbenchmark.com/SpeedTest/2203/AMD-Phenomtm-II-X4-940-Processor
CPU,,Intel,Core i5-3437U,876,49,3817,https://cpu.userbenchmark.com/SpeedTest/4219/IntelR-CoreTM-i5-3437U-CPU---190GHz
CPU,,Intel,Xeon E5440,877,49,3689,https://cpu.userbenchmark.com/SpeedTest/18165/IntelR-XeonR-CPU-----------E5440----283GHz
CPU,,Intel,Core2 Quad Q9550,878,48.9,34093,https://cpu.userbenchmark.com/SpeedTest/334/IntelR-CoreTM2-Quad-CPU----Q9550----283GHz
CPU,,Intel,Pentium G2020,879,48.9,15664,https://cpu.userbenchmark.com/SpeedTest/3604/IntelR-PentiumR-CPU-G2020---290GHz
CPU,,AMD,Ryzen 5 2500U,880,48.9,61910,https://cpu.userbenchmark.com/SpeedTest/378273/AMD-Ryzen-5-2500U-with-Radeon-Vega-Mobile-Gfx
CPU,,Intel,Core i3-2370M,881,48.9,10169,https://cpu.userbenchmark.com/SpeedTest/1959/IntelR-CoreTM-i3-2370M-CPU---240GHz
CPU,,Intel,Core i5-2450M,882,48.9,51836,https://cpu.userbenchmark.com/Intel-Core-i5-2450M/Rating/2815
CPU,,Intel,Pentium G2030,883,48.9,18277,https://cpu.userbenchmark.com/SpeedTest/3273/IntelR-PentiumR-CPU-G2030---300GHz
CPU,,Intel,Xeon W3503,884,48.8,1688,https://cpu.userbenchmark.com/SpeedTest/3723/IntelR-XeonR-CPU-----------W3503----240GHz
CPU,,AMD,Athlon II X4 740K,885,48.8,4318,https://cpu.userbenchmark.com/SpeedTest/4559/AMD-Athlontm-X4-740-Quad-Core-Processor
CPU,,Intel,Core i3-2348M,886,48.8,5289,https://cpu.userbenchmark.com/SpeedTest/2278/IntelR-CoreTM-i3-2348M-CPU---230GHz
CPU,,Intel,Core i5 660,887,48.7,5902,https://cpu.userbenchmark.com/SpeedTest/2846/IntelR-CoreTM-i5-CPU---------660----333GHz
CPU,,Intel,Core i5-3427U,888,48.7,4182,https://cpu.userbenchmark.com/SpeedTest/909/IntelR-CoreTM-i5-3427U-CPU---180GHz
CPU,AW8063801208001,Intel,Core i5-3230M,889,48.7,61311,https://cpu.userbenchmark.com/Intel-Core-i5-3230M/Rating/2772
CPU,FJ8067702739932,Intel,Pentium 4415U,890,48.7,6525,https://cpu.userbenchmark.com/SpeedTest/267685/IntelR-PentiumR-CPU-4415U---230GHz
CPU,,Intel,Celeron G1610,891,48.6,5236,https://cpu.userbenchmark.com/SpeedTest/3109/IntelR-CeleronR-CPU-G1610---260GHz
CPU,,Intel,Core i5-8200Y,892,48.6,154,https://cpu.userbenchmark.com/SpeedTest/623840/IntelR-CoreTM-i5-8200Y-CPU---130GHz
CPU,BX80646G1840,Intel,Celeron G1840,893,48.6,7524,https://cpu.userbenchmark.com/Intel-Celeron-G1840/Rating/2849
CPU,,Intel,Core i5-8210Y,894,48.5,352,https://cpu.userbenchmark.com/SpeedTest/651922/IntelR-CoreTM-i5-8210Y-CPU---160GHz
CPU,,Intel,Pentium 4417U,895,48.5,2782,https://cpu.userbenchmark.com/SpeedTest/747524/IntelR-PentiumR-CPU-4417U---230GHz
CPU,,Intel,Pentium G640,896,48.3,3040,https://cpu.userbenchmark.com/SpeedTest/618/IntelR-PentiumR-CPU-G640---280GHz
CPU,AD5700OKHJBOX,AMD,A10-5700 APU (2012 D.Tr),897,48.3,6606,https://cpu.userbenchmark.com/AMD-A10-5700-APU-2012-DTr/Rating/2939
CPU,BX80646G3220,Intel,Pentium G3220,898,48.3,19337,https://cpu.userbenchmark.com/Intel-Pentium-G3220/Rating/1967
CPU,BX80677G3930,Intel,Celeron G3930,899,48.2,9606,https://cpu.userbenchmark.com/SpeedTest/235058/IntelR-CeleronR-CPU-G3930---290GHz
CPU,,Intel,Core i3-3110M,900,48.2,34445,https://cpu.userbenchmark.com/SpeedTest/844/IntelR-CoreTM-i3-3110M-CPU---240GHz
CPU,,AMD,Ryzen 5 3500U,901,48.1,78189,https://cpu.userbenchmark.com/SpeedTest/760067/AMD-Ryzen-5-3500U-with-Radeon-Vega-Mobile-Gfx
CPU,,AMD,Phenom II X3 720,902,48.1,2612,https://cpu.userbenchmark.com/SpeedTest/326/AMD-Phenomtm-II-X3-720-Processor
CPU,,Intel,Core i7-7500U,903,48.1,139101,https://cpu.userbenchmark.com/SpeedTest/171274/IntelR-CoreTM-i7-7500U-CPU---270GHz
CPU,,Intel,Xeon E5430,904,48,1961,https://cpu.userbenchmark.com/SpeedTest/16038/IntelR-XeonR-CPU-----------E5430----266GHz
CPU,FJ8066201930905,Intel,Pentium 4405U,905,48,3663,https://cpu.userbenchmark.com/SpeedTest/54474/IntelR-PentiumR-CPU-4405U---210GHz
CPU,,Intel,Core i5-3320M,906,48,30496,https://cpu.userbenchmark.com/SpeedTest/402/IntelR-CoreTM-i5-3320M-CPU---260GHz
CPU,,AMD,Phenom II X2 565,907,48,383,https://cpu.userbenchmark.com/SpeedTest/2173/AMD-Phenomtm-II-X2-565-Processor
CPU,,AMD,Athlon II X4 641,908,47.9,1109,https://cpu.userbenchmark.com/SpeedTest/1698/AMD-Athlontm-II-X4-641-Quad-Core-Processor
CPU,AD5500OKHJBOX,AMD,A8-5500 APU,909,47.9,10478,https://cpu.userbenchmark.com/SpeedTest/3432/AMD-A8-5500-APU-with-Radeontm-HD-Graphics
CPU,,Intel,Core i5-2410M,910,47.9,46742,https://cpu.userbenchmark.com/Intel-Core-i5-2410M/Rating/2769
CPU,,Intel,Core2 Quad Q9500,911,47.9,5111,https://cpu.userbenchmark.com/SpeedTest/1778/IntelR-CoreTM2-Quad-CPU----Q9500----283GHz
CPU,AW8063801032301,Intel,Core i5-3210M,912,47.8,79744,https://cpu.userbenchmark.com/Intel-Core-i5-3210M/Rating/2719
CPU,,Intel,Core i3-5015U,913,47.8,3979,https://cpu.userbenchmark.com/SpeedTest/32615/IntelR-CoreTM-i3-5015U-CPU---210GHz
CPU,,Intel,Core i3-5010U,914,47.7,11105,https://cpu.userbenchmark.com/SpeedTest/23565/IntelR-CoreTM-i3-5010U-CPU---210GHz
CPU,,Intel,Xeon E5462,915,47.6,662,https://cpu.userbenchmark.com/SpeedTest/16556/IntelR-XeonR-CPU-----------E5462----280GHz
CPU,,Intel,Celeron G550,916,47.6,1902,https://cpu.userbenchmark.com/SpeedTest/5014/IntelR-CeleronR-CPU-G550---260GHz
CPU,,Intel,Core i5-2520M,917,47.6,45308,https://cpu.userbenchmark.com/SpeedTest/29/IntelR-CoreTM-i5-2520M-CPU---250GHz
CPU,FJ8067703282227,Intel,Core i3-8130U,918,47.6,25471,https://cpu.userbenchmark.com/SpeedTest/468020/IntelR-CoreTM-i3-8130U-CPU---220GHz
CPU,,Intel,Core i3-2328M,919,47.5,7778,https://cpu.userbenchmark.com/SpeedTest/2488/IntelR-CoreTM-i3-2328M-CPU---220GHz
CPU,BX80662G4400,Intel,Pentium G4400,920,47.5,36432,https://cpu.userbenchmark.com/Intel-Pentium-G4400/Rating/3539
CPU,,Intel,Core m3-8100Y,921,47.4,1387,https://cpu.userbenchmark.com/SpeedTest/648336/IntelR-CoreTM-m3-8100Y-CPU---110GHz
CPU,,AMD,A8-7670K APU (2014 D.Ka),922,47.4,1733,https://cpu.userbenchmark.com/SpeedTest/37178/AMD-A8-7670K-Radeon-R7-10-Compute-Cores-4C-6G
CPU,,AMD,Phenom II X4 840,923,47.3,5147,https://cpu.userbenchmark.com/SpeedTest/3302/AMD-Phenomtm-II-X4-840-Processor
CPU,,Intel,Pentium G630,924,47.3,12397,https://cpu.userbenchmark.com/SpeedTest/3112/IntelR-PentiumR-CPU-G630---270GHz
CPU,,Intel,Core i5-3317U,925,47.2,26848,https://cpu.userbenchmark.com/Intel-Core-i5-3317U/Rating/2744
CPU,,AMD,Phenom II X3 710,926,47.2,965,https://cpu.userbenchmark.com/SpeedTest/2275/AMD-Phenomtm-II-X3-710-Processor
CPU,,Intel,Core i5-7Y54,927,47.2,1509,https://cpu.userbenchmark.com/SpeedTest/193628/IntelR-CoreTM-i5-7Y54-CPU---120GHz
CPU,,Intel,Core i5-3337U,928,47.2,33616,https://cpu.userbenchmark.com/SpeedTest/737/IntelR-CoreTM-i5-3337U-CPU---180GHz
CPU,,Intel,Core i7-4510U,929,47.1,63054,https://cpu.userbenchmark.com/SpeedTest/10660/IntelR-CoreTM-i7-4510U-CPU---200GHz
CPU,,Intel,Core i3-2330M,930,47,20066,https://cpu.userbenchmark.com/SpeedTest/1853/IntelR-CoreTM-i3-2330M-CPU---220GHz
CPU,,Intel,Core i3 550,931,47,19058,https://cpu.userbenchmark.com/SpeedTest/632/IntelR-CoreTM-i3-CPU---------550----320GHz
CPU,,Intel,Core i3-2350M,932,47,24896,https://cpu.userbenchmark.com/SpeedTest/934/IntelR-CoreTM-i3-2350M-CPU---230GHz
CPU,,Intel,Core m3-7Y32,933,47,57,https://cpu.userbenchmark.com/SpeedTest/513740/IntelR-CoreTM-m3-7Y32-CPU---110GHz
CPU,,Intel,Core2 Quad Q9505,934,47,2124,https://cpu.userbenchmark.com/SpeedTest/3041/IntelR-CoreTM2-Quad-CPU----Q9505----283GHz
CPU,AD789KXDJCHBX,AMD,A10-7890K APU (2014 D.Ka),935,47,6638,https://cpu.userbenchmark.com/SpeedTest/118648/AMD-A10-7890K-Radeon-R7-12-Compute-Cores-4C-8G
CPU,,Intel,Core i3-10110U,936,46.9,11481,https://cpu.userbenchmark.com/SpeedTest/915083/IntelR-CoreTM-i3-10110U-CPU---210GHz
CPU,,Intel,Xeon E5-2660 v2,937,46.9,32,https://cpu.userbenchmark.com/SpeedTest/13068/IntelR-XeonR-CPU-E5-2660-v2---220GHz
CPU,,Intel,Celeron G540,938,46.9,1658,https://cpu.userbenchmark.com/SpeedTest/5981/IntelR-CeleronR-CPU-G540---250GHz
CPU,,Intel,Xeon L5420,939,46.7,1165,https://cpu.userbenchmark.com/SpeedTest/10433/IntelR-XeonR-CPU-----------L5420----250GHz
CPU,,AMD,A10-6700T APU (2013 D.Ri),940,46.7,84,https://cpu.userbenchmark.com/SpeedTest/5691/AMD-A10-6700T-APU-with-Radeontm-HD-Graphics
CPU,,Intel,Pentium 2020M,941,46.7,9778,https://cpu.userbenchmark.com/SpeedTest/1723/IntelR-PentiumR-CPU-2020M---240GHz
CPU,,AMD,A8-3870 APU,942,46.7,6332,https://cpu.userbenchmark.com/SpeedTest/3870/AMD-A8-3870-APU-with-Radeontm-HD-Graphics
CPU,,Intel,Core2 Extreme Q6850,943,46.7,1078,https://cpu.userbenchmark.com/SpeedTest/7118/IntelR-CoreTM2-Extreme-CPU-Q6850----300GHz
CPU,,Intel,Core M-5Y10,944,46.5,478,https://cpu.userbenchmark.com/SpeedTest/17561/IntelR-Processor-5Y10-CPU---080GHz
CPU,,AMD,Phenom 9950,945,46.5,2150,https://cpu.userbenchmark.com/SpeedTest/2758/AMD-Phenomtm-9950-Quad-Core-Processor
CPU,,AMD,Phenom II X2 560,946,46.5,1794,https://cpu.userbenchmark.com/SpeedTest/5408/AMD-Phenomtm-II-X2-560-Processor
CPU,,Intel,Core i3-2310M,947,46.5,25542,https://cpu.userbenchmark.com/SpeedTest/159/IntelR-CoreTM-i3-2310M-CPU---210GHz
CPU,,Intel,Core m3-7Y30,948,46.4,4585,https://cpu.userbenchmark.com/SpeedTest/196956/IntelR-CoreTM-m3-7Y30-CPU---100GHz
CPU,,AMD,Athlon II X4 631,949,46.4,1364,https://cpu.userbenchmark.com/SpeedTest/2944/AMD-Athlontm-II-X4-631-Quad-Core-Processor
CPU,,Intel,Pentium G620,950,46.4,12899,https://cpu.userbenchmark.com/SpeedTest/2636/IntelR-PentiumR-CPU-G620---260GHz
CPU,,Intel,Core i5 650,951,46.3,42063,https://cpu.userbenchmark.com/SpeedTest/340/IntelR-CoreTM-i5-CPU---------650----320GHz
CPU,,AMD,Athlon II X3 460,952,46.3,1087,https://cpu.userbenchmark.com/SpeedTest/6695/AMD-Athlontm-II-X3-460-Processor
CPU,AD870KXBJCSBX,AMD,Athlon II X4 870K,953,46.2,2094,https://cpu.userbenchmark.com/SpeedTest/83847/AMD-Athlontm-X4-870K-Quad-Core-Processor
CPU,,Intel,Core i7-5500U,954,46.2,73655,https://cpu.userbenchmark.com/SpeedTest/22316/IntelR-CoreTM-i7-5500U-CPU---240GHz
CPU,,Intel,Core2 Extreme Q9300,955,46.1,660,https://cpu.userbenchmark.com/SpeedTest/4063/IntelR-CoreTM2-Extreme-CPU-Q9300----253GHz
CPU,,Intel,Core2 Quad Q9400,956,46.1,24176,https://cpu.userbenchmark.com/SpeedTest/244/IntelR-CoreTM2-Quad-CPU----Q9400----266GHz
CPU,,Intel,Pentium B980,957,46.1,3640,https://cpu.userbenchmark.com/SpeedTest/6036/IntelR-PentiumR-CPU-B980---240GHz
CPU,AD880KXBJCSBX,AMD,Athlon X4 880K,958,46.1,8721,https://cpu.userbenchmark.com/SpeedTest/121029/AMD-Athlontm-X4-880K-Quad-Core-Processor
CPU,,AMD,A8-3850 APU,959,46,3108,https://cpu.userbenchmark.com/SpeedTest/4311/AMD-A8-3850-APU-with-Radeontm-HD-Graphics
CPU,,AMD,A6-3670 APU,960,46,2400,https://cpu.userbenchmark.com/SpeedTest/4657/AMD-A6-3670-APU-with-Radeontm-HD-Graphics
CPU,,AMD,Athlon II X4 645,961,46,5346,https://cpu.userbenchmark.com/SpeedTest/2408/AMD-Athlontm-II-X4-645-Processor
CPU,,Intel,Core M-5Y70,962,46,792,https://cpu.userbenchmark.com/SpeedTest/16573/IntelR-Processor-5Y70-CPU---110GHz
CPU,,AMD,Phenom 9850,963,45.9,2080,https://cpu.userbenchmark.com/SpeedTest/2967/AMD-Phenomtm-9850-Quad-Core-Processor
CPU,,Intel,Core i3 540,964,45.9,24563,https://cpu.userbenchmark.com/SpeedTest/2936/IntelR-CoreTM-i3-CPU---------540----307GHz
CPU,,Intel,Celeron G530,965,45.9,3833,https://cpu.userbenchmark.com/SpeedTest/229/IntelR-CeleronR-CPU-G530---240GHz
CPU,AD787KXDJCBOX,AMD,A10-7870K APU (2014 D.Ka),966,45.8,9821,https://cpu.userbenchmark.com/SpeedTest/29728/AMD-A10-7870K-Radeon-R7-12-Compute-Cores-4C-8G
CPU,,AMD,Phenom II X2 550,967,45.8,3836,https://cpu.userbenchmark.com/SpeedTest/2418/AMD-Phenomtm-II-X2-550-Processor
CPU,,Intel,Core i7-6500U,968,45.6,102213,https://cpu.userbenchmark.com/SpeedTest/36930/IntelR-CoreTM-i7-6500U-CPU---250GHz
CPU,,Intel,Pentium B970,969,45.6,2956,https://cpu.userbenchmark.com/SpeedTest/559/IntelR-PentiumR-CPU-B970---230GHz
CPU,,Intel,Core i3 530,970,45.6,16724,https://cpu.userbenchmark.com/SpeedTest/132/IntelR-CoreTM-i3-CPU---------530----293GHz
CPU,,Intel,Core2 Quad Q9300,971,45.5,10428,https://cpu.userbenchmark.com/SpeedTest/832/IntelR-CoreTM2-Quad--CPU---Q9300----250GHz
CPU,,Intel,Core i5-7200U,972,45.4,205332,https://cpu.userbenchmark.com/SpeedTest/153577/IntelR-CoreTM-i5-7200U-CPU---250GHz
CPU,AD860KXBJASBX,AMD,Athlon II X4 860K,973,45.4,29887,https://cpu.userbenchmark.com/AMD-Athlon-II-X4-860K/Rating/3265
CPU,,Intel,Core i3-3227U,974,45.4,7282,https://cpu.userbenchmark.com/SpeedTest/5042/IntelR-CoreTM-i3-3227U-CPU---190GHz
CPU,,AMD,Athlon II X2 265,975,45.4,677,https://cpu.userbenchmark.com/SpeedTest/986/AMD-Athlontm-II-X2-265-Processor
CPU,,AMD,Athlon II X4 635,976,45.3,5306,https://cpu.userbenchmark.com/SpeedTest/3369/AMD-Athlontm-II-X4-635-Processor
CPU,,Intel,Core i5-2467M,977,45.3,4235,https://cpu.userbenchmark.com/SpeedTest/854/IntelR-CoreTM-i5-2467M-CPU---160GHz
CPU,,AMD,Phenom II X2 555,978,45.3,4836,https://cpu.userbenchmark.com/SpeedTest/2917/AMD-Phenomtm-II-X2-555-Processor
CPU,,AMD,Athlon II X3 455,979,45.2,3733,https://cpu.userbenchmark.com/SpeedTest/1884/AMD-Athlontm-II-X3-455-Processor
CPU,,Intel,Xeon E5420,980,45.2,1391,https://cpu.userbenchmark.com/SpeedTest/11278/IntelR-XeonR-CPU-----------E5420----250GHz
CPU,,AMD,Ryzen 3 2200U,981,45.1,15631,https://cpu.userbenchmark.com/SpeedTest/480281/AMD-Ryzen-3-2200U-with-Radeon-Vega-Mobile-Gfx
CPU,,AMD,Phenom II X2 545,982,45.1,1088,https://cpu.userbenchmark.com/SpeedTest/8398/AMD-Phenomtm-II-X2-545-Processor
CPU,AD785KXBJABOX,AMD,A10-7850K APU (2014 D.Ka),983,45.1,19875,https://cpu.userbenchmark.com/AMD-A10-7850K-APU-2014-DKa/Rating/2937
CPU,,AMD,A8-7500 APU (2014 M.Ka),984,45,345,https://cpu.userbenchmark.com/SpeedTest/60388/AMD-A8-7500-Radeon-R7-10-Compute-Cores-4C-6G
CPU,AD845XACKASBX,AMD,Athlon X4 845,985,45,6391,https://cpu.userbenchmark.com/SpeedTest/84491/AMD-Athlontm-X4-845-Quad-Core-Processor
CPU,,Intel,Core M-5Y71,986,45,3052,https://cpu.userbenchmark.com/SpeedTest/24191/IntelR-CoreTM-M-5Y71-CPU---120GHz
CPU,,Intel,Core i5-7300U,987,45,24421,https://cpu.userbenchmark.com/SpeedTest/223355/IntelR-CoreTM-i5-7300U-CPU---260GHz
CPU,YM300UC4T2OFG,AMD,Athlon 300U,988,44.9,1541,https://cpu.userbenchmark.com/SpeedTest/852003/AMD-Athlon-300U-with-Radeon-Vega-Mobile-Gfx
CPU,,AMD,Athlon II X4 640,989,44.8,18839,https://cpu.userbenchmark.com/SpeedTest/225/AMD-Athlontm-II-X4-640-Processor
CPU,,Intel,Core2 Quad Q8400,990,44.6,18432,https://cpu.userbenchmark.com/SpeedTest/1663/IntelR-CoreTM2-Quad-CPU----Q8400----266GHz
CPU,,AMD,Athlon II X4 630,991,44.6,7197,https://cpu.userbenchmark.com/SpeedTest/471/AMD-Athlontm-II-X4-630-Processor
CPU,,Intel,Core i3-4030U,992,44.6,24177,https://cpu.userbenchmark.com/SpeedTest/13661/IntelR-CoreTM-i3-4030U-CPU---190GHz
CPU,,AMD,A10-7700K APU (2014 D.Ka),993,44.6,11026,https://cpu.userbenchmark.com/SpeedTest/9888/AMD-A10-7700K-APU-with-RadeonTM-R7-Graphics
CPU,,Intel,Core i7-6600U,994,44.5,31982,https://cpu.userbenchmark.com/SpeedTest/36828/IntelR-CoreTM-i7-6600U-CPU---260GHz
CPU,,Intel,Core m3-6Y30,995,44.4,5480,https://cpu.userbenchmark.com/SpeedTest/38171/IntelR-CoreTM-m3-6Y30-CPU---090GHz
CPU,,Intel,Core i5-4210Y,996,44.4,596,https://cpu.userbenchmark.com/SpeedTest/6358/IntelR-CoreTM-i5-4210Y-CPU---150GHz
CPU,,Intel,Pentium 2127U,997,44.4,1397,https://cpu.userbenchmark.com/SpeedTest/3354/IntelR-PentiumR-CPU-2127U---190GHz
CPU,,AMD,Phenom 9750,998,44.4,1906,https://cpu.userbenchmark.com/SpeedTest/2439/AMD-Phenomtm-9750-Quad-Core-Processor
CPU,,AMD,Athlon 64 X2 Dual Core 6400+,999,44.4,870,https://cpu.userbenchmark.com/SpeedTest/5653/AMD-Athlontm-64-X2-Dual-Core-Processor-6400-
CPU,,Intel,Core M-5Y10c,1000,44.4,3050,https://cpu.userbenchmark.com/SpeedTest/23759/IntelR-CoreTM-M-5Y10c-CPU---080GHz
CPU,,AMD,FX-770K (2014 D.Ka),1001,44.3,1664,https://cpu.userbenchmark.com/SpeedTest/18603/AMD-FXtm-770K-Quad-Core-Processor
CPU,,AMD,A6-3650 APU,1002,44.3,2748,https://cpu.userbenchmark.com/SpeedTest/1954/AMD-A6-3650-APU-with-Radeontm-HD-Graphics
CPU,,Intel,Core i5-4300Y,1003,44.2,766,https://cpu.userbenchmark.com/SpeedTest/8659/IntelR-CoreTM-i5-4300Y-CPU---160GHz
CPU,,Intel,Core2 Quad Q6700,1004,44.2,6294,https://cpu.userbenchmark.com/SpeedTest/3748/IntelR-CoreTM2-Quad-CPU----Q6700----266GHz
CPU,,AMD,A4-6320 APU,1005,44.1,580,https://cpu.userbenchmark.com/SpeedTest/12932/AMD-A4-6320-APU-with-Radeontm-HD-Graphics
CPU,,Intel,Celeron 1005M,1006,44.1,3385,https://cpu.userbenchmark.com/SpeedTest/5234/IntelR-CeleronR-CPU-1005M---190GHz
CPU,,Intel,Pentium 3805U,1007,44.1,990,https://cpu.userbenchmark.com/SpeedTest/34360/IntelR-PentiumR-3805U---190GHz
CPU,AD9700AHABBOX,AMD,A10-9700E APU (2016 D.BR),1008,44.1,306,https://cpu.userbenchmark.com/SpeedTest/348934/AMD-A10-9700E-RADEON-R7-10-COMPUTE-CORES-4C-6G
CPU,,Intel,Core i5-2537M,1009,44,490,https://cpu.userbenchmark.com/SpeedTest/3186/IntelR-CoreTM-i5-2537M-CPU---140GHz
CPU,AD9800AUABBOX,AMD,A12-9800 APU (2016 M.BR),1010,44,4241,https://cpu.userbenchmark.com/SpeedTest/283761/AMD-A12-9800-RADEON-R7-12-COMPUTE-CORES-4C-8G
CPU,,Intel,Core i3-4010U,1011,44,12162,https://cpu.userbenchmark.com/SpeedTest/4821/IntelR-CoreTM-i3-4010U-CPU---170GHz
CPU,,Intel,Pentium B940,1012,44,3831,https://cpu.userbenchmark.com/SpeedTest/2724/IntelR-PentiumR-CPU-B940---200GHz
CPU,,Intel,Core i3-1005G1,1013,43.8,22960,https://cpu.userbenchmark.com/SpeedTest/906918/IntelR-CoreTM-i3-1005G1-CPU---120GHz
CPU,,Intel,Core2 Quad Q8300,1014,43.8,20482,https://cpu.userbenchmark.com/SpeedTest/1930/IntelR-CoreTM2-Quad-CPU----Q8300----250GHz
CPU,,Intel,Core2 Duo E8600,1015,43.7,6109,https://cpu.userbenchmark.com/SpeedTest/124/IntelR-CoreTM2-Duo-CPU-----E8600----333GHz
CPU,,Intel,Core M-5Y51,1016,43.7,484,https://cpu.userbenchmark.com/SpeedTest/24458/IntelR-CoreTM-M-5Y51-CPU---110GHz
CPU,AD765KXBJABOX,AMD,A8-7650K APU (2014 D.Ka),1017,43.7,15487,https://cpu.userbenchmark.com/SpeedTest/27184/AMD-A8-7650K-Radeon-R7-10-Compute-Cores-4C-6G
CPU,,Intel,Pentium B960,1018,43.7,13355,https://cpu.userbenchmark.com/SpeedTest/1038/IntelR-PentiumR-CPU-B960---220GHz
CPU,,Intel,Core i5-4300U,1019,43.7,36631,https://cpu.userbenchmark.com/SpeedTest/4996/IntelR-CoreTM-i5-4300U-CPU---190GHz
CPU,,AMD,A10-5757M APU,1020,43.7,1325,https://cpu.userbenchmark.com/SpeedTest/7160/AMD-A10-5757M-APU-with-Radeontm-HD-Graphics
CPU,,AMD,Athlon II X3 450,1021,43.6,4468,https://cpu.userbenchmark.com/SpeedTest/91/AMD-Athlontm-II-X3-450-Processor
CPU,,Intel,Core i7-7Y75,1022,43.6,2904,https://cpu.userbenchmark.com/SpeedTest/211988/IntelR-CoreTM-i7-7Y75-CPU---130GHz
CPU,,AMD,Athlon II X4 620,1023,43.6,5981,https://cpu.userbenchmark.com/SpeedTest/3430/AMD-Athlontm-II-X4-620-Processor
CPU,,AMD,Athlon II X3 445,1024,43.6,3101,https://cpu.userbenchmark.com/SpeedTest/1775/AMD-Athlontm-II-X3-445-Processor
CPU,,Intel,Core m5-6Y57,1025,43.5,1787,https://cpu.userbenchmark.com/SpeedTest/42768/IntelR-CoreTM-m5-6Y57-CPU---110GHz
CPU,,Intel,Core i3-6100U,1026,43.4,24116,https://cpu.userbenchmark.com/SpeedTest/37381/IntelR-CoreTM-i3-6100U-CPU---230GHz
CPU,AM973PAEY44AB,AMD,A12-9730P APU (2016 M.BR),1027,43.4,366,https://cpu.userbenchmark.com/SpeedTest/236011/AMD-A12-9730P-RADEON-R7-10-COMPUTE-CORES-4C-6G
CPU,,Intel,Core i3-7100U,1028,43.4,37239,https://cpu.userbenchmark.com/SpeedTest/176913/IntelR-CoreTM-i3-7100U-CPU---240GHz
CPU,,Intel,Pentium B950,1029,43.3,7305,https://cpu.userbenchmark.com/SpeedTest/1968/IntelR-PentiumR-CPU-B950---210GHz
CPU,,Intel,Core m5-6Y54,1030,43.3,1733,https://cpu.userbenchmark.com/SpeedTest/40602/IntelR-CoreTM-m5-6Y54-CPU---110GHz
CPU,,Intel,Pentium 2117U,1031,43.2,5157,https://cpu.userbenchmark.com/SpeedTest/6356/IntelR-PentiumR-CPU-2117U---180GHz
CPU,,Intel,Celeron 1037U,1032,43.2,2458,https://cpu.userbenchmark.com/SpeedTest/3597/IntelR-CeleronR-CPU-1037U---180GHz
CPU,,AMD,Athlon II X3 440,1033,43.1,1929,https://cpu.userbenchmark.com/SpeedTest/5315/AMD-Athlontm-II-X3-440-Processor
CPU,,AMD,A8-3800 APU,1034,43.1,1505,https://cpu.userbenchmark.com/SpeedTest/7059/AMD-A8-3800-APU-with-Radeontm-HD-Graphics
CPU,,Intel,Xeon X3220,1035,43.1,790,https://cpu.userbenchmark.com/SpeedTest/4801/IntelR-XeonR-CPU-----------X3220----240GHz
CPU,,Intel,Core2 Quad Q8200,1036,43,19990,https://cpu.userbenchmark.com/SpeedTest/3754/IntelR-CoreTM2-Quad--CPU---Q8200----233GHz
CPU,,Intel,Core i7 M 640,1037,43,5045,https://cpu.userbenchmark.com/SpeedTest/4397/IntelR-CoreTM-i7-CPU-------M-640----280GHz
CPU,,AMD,Athlon II X3 435,1038,43,1878,https://cpu.userbenchmark.com/SpeedTest/2024/AMD-Athlontm-II-X3-435-Processor
CPU,,AMD,Phenom 9650,1039,43,2698,https://cpu.userbenchmark.com/SpeedTest/5238/AMD-Phenomtm-9650-Quad-Core-Processor
CPU,,Intel,Core i3-3217U,1040,43,28188,https://cpu.userbenchmark.com/SpeedTest/1643/IntelR-CoreTM-i3-3217U-CPU---180GHz
CPU,,Intel,Core i5-4202Y,1041,42.9,683,https://cpu.userbenchmark.com/SpeedTest/6438/IntelR-CoreTM-i5-4202Y-CPU---160GHz
CPU,AD786KYBJCSBX,AMD,A10-7860K APU (2014 D.Ka),1042,42.9,12658,https://cpu.userbenchmark.com/SpeedTest/83781/AMD-A10-7860K-Radeon-R7-12-Compute-Cores-4C-8G
CPU,,Intel,Core i5 M 580,1043,42.8,1467,https://cpu.userbenchmark.com/SpeedTest/6113/IntelR-CoreTM-i5-CPU-------M-580----267GHz
CPU,,Intel,Core m7-6Y75,1044,42.8,1933,https://cpu.userbenchmark.com/SpeedTest/55308/IntelR-CoreTM-m7-6Y75-CPU---120GHz
CPU,,AMD,Phenom 9550,1045,42.7,2773,https://cpu.userbenchmark.com/SpeedTest/2319/AMD-Phenomtm-9550-Quad-Core-Processor
CPU,,Intel,Core i3-2375M,1046,42.6,1542,https://cpu.userbenchmark.com/SpeedTest/5058/IntelR-CoreTM-i3-2375M-CPU---150GHz
CPU,,Intel,Core2 Quad,1047,42.6,5765,https://cpu.userbenchmark.com/SpeedTest/374/IntelR-CoreTM2-Quad-CPU-------------240GHz
CPU,,Intel,Core i3-4012Y,1048,42.6,548,https://cpu.userbenchmark.com/SpeedTest/12259/IntelR-CoreTM-i3-4012Y-CPU---150GHz
CPU,,Intel,Core i5-4200U,1049,42.6,64450,https://cpu.userbenchmark.com/Intel-Core-i5-4200U/Rating/2742
CPU,,AMD,Athlon II X2 270,1050,42.6,6369,https://cpu.userbenchmark.com/SpeedTest/1939/AMD-Athlontm-II-X2-270-Processor
CPU,,Intel,Celeron B830,1051,42.6,3455,https://cpu.userbenchmark.com/SpeedTest/8441/IntelR-CeleronR-CPU-B830---180GHz
CPU,,AMD,A10-4600M APU,1052,42.6,5886,https://cpu.userbenchmark.com/SpeedTest/1051/AMD-A10-4600M-APU-with-Radeontm-HD-Graphics
CPU,,AMD,Athlon II X2 260,1053,42.4,5317,https://cpu.userbenchmark.com/SpeedTest/4651/AMD-Athlontm-II-X2-260-Processor
CPU,,Intel,Celeron 1000M,1054,42.4,3569,https://cpu.userbenchmark.com/SpeedTest/5059/IntelR-CeleronR-CPU-1000M---180GHz
CPU,,Intel,Xeon E3110,1055,42.4,372,https://cpu.userbenchmark.com/SpeedTest/4226/IntelR-XeonR-CPU-----------E3110----300GHz
CPU,,Intel,Celeron B820,1056,42.3,3353,https://cpu.userbenchmark.com/SpeedTest/7064/IntelR-CeleronR-CPU-B820---170GHz
CPU,AM963PAEY44AB,AMD,A10-9630P APU (2016 M.BR),1057,42.2,573,https://cpu.userbenchmark.com/SpeedTest/192670/AMD-A10-9630P-RADEON-R5-10-COMPUTE-CORES-4C-6G
CPU,,Intel,Core i3-2367M,1058,42.2,2143,https://cpu.userbenchmark.com/SpeedTest/526/IntelR-CoreTM-i3-2367M-CPU---140GHz
CPU,,AMD,Athlon II X3 425,1059,42.1,1367,https://cpu.userbenchmark.com/SpeedTest/2178/AMD-Athlontm-II-X3-425-Processor
CPU,,Intel,Core i7 M 620,1060,42.1,9076,https://cpu.userbenchmark.com/SpeedTest/870/IntelR-CoreTM-i7-CPU-------M-620----267GHz
CPU,,Intel,Core i3 M 390,1061,42,1039,https://cpu.userbenchmark.com/SpeedTest/8797/IntelR-CoreTM-i3-CPU-------M-390----267GHz
CPU,,AMD,A8-7600 APU (2014 D.Ka),1062,41.9,31243,https://cpu.userbenchmark.com/SpeedTest/14050/AMD-A8-7600-Radeon-R7-10-Compute-Cores-4C-6G
CPU,AD9700AGABBOX,AMD,A10-9700 APU (2016 M.BR),1063,41.9,11837,https://cpu.userbenchmark.com/SpeedTest/262171/AMD-A10-9700-RADEON-R7-10-COMPUTE-CORES-4C-6G
CPU,,Intel,Xeon E5405,1064,41.9,719,https://cpu.userbenchmark.com/SpeedTest/25434/IntelR-XeonR-CPU-----------E5405----200GHz
CPU,,Intel,Core2 Duo E8500,1065,41.9,18841,https://cpu.userbenchmark.com/SpeedTest/13/IntelR-CoreTM2-Duo-CPU-----E8500----316GHz
CPU,,AMD,Athlon II X2 255,1066,41.8,3508,https://cpu.userbenchmark.com/SpeedTest/6225/AMD-Athlontm-II-X2-255-Processor
CPU,,AMD,A8-5550M APU,1067,41.7,3681,https://cpu.userbenchmark.com/SpeedTest/5035/AMD-A8-5550M-APU-with-Radeontm-HD-Graphics
CPU,,Intel,Core i5-5200U,1068,41.7,107407,https://cpu.userbenchmark.com/SpeedTest/22169/IntelR-CoreTM-i5-5200U-CPU---220GHz
CPU,BX80562Q6600,Intel,Core2 Quad Q6600,1069,41.6,59658,https://cpu.userbenchmark.com/Intel-Core2-Quad-Q6600/Rating/1980
CPU,,Intel,Celeron B815,1070,41.6,2620,https://cpu.userbenchmark.com/SpeedTest/3210/IntelR-CeleronR-CPU-B815---160GHz
CPU,,Intel,Core i5-5300U,1071,41.6,29898,https://cpu.userbenchmark.com/SpeedTest/16790/IntelR-CoreTM-i5-5300U-CPU---230GHz
CPU,,AMD,Athlon II X2 B24,1072,41.6,2045,https://cpu.userbenchmark.com/SpeedTest/6359/AMD-Athlontm-II-X2-B24-Processor
CPU,,Intel,Core2 Quad Q9000,1073,41.5,869,https://cpu.userbenchmark.com/SpeedTest/5898/IntelR-CoreTM2-Quad--CPU---Q9000----200GHz
CPU,,Intel,Celeron 887,1074,41.5,588,https://cpu.userbenchmark.com/SpeedTest/24/IntelR-CeleronR-CPU-887---150GHz
CPU,,AMD,A10-5750M APU,1075,41.5,4247,https://cpu.userbenchmark.com/SpeedTest/3779/AMD-A10-5750M-APU-with-Radeontm-HD-Graphics
CPU,,Intel,Core i5 M 560,1076,41.4,10722,https://cpu.userbenchmark.com/SpeedTest/623/IntelR-CoreTM-i5-CPU-------M-560----267GHz
CPU,,Intel,Core i5-4210U,1077,41.3,82966,https://cpu.userbenchmark.com/SpeedTest/12662/IntelR-CoreTM-i5-4210U-CPU---170GHz
CPU,,Intel,Core2 Extreme X9100,1078,41.3,548,https://cpu.userbenchmark.com/SpeedTest/6202/IntelR-CoreTM2-Extreme-CPU-X9100----306GHz
CPU,,Intel,Core i5-6200U,1079,41.3,135462,https://cpu.userbenchmark.com/SpeedTest/36796/IntelR-CoreTM-i5-6200U-CPU---230GHz
CPU,,Intel,Core2 Duo E8300,1080,41.3,1428,https://cpu.userbenchmark.com/SpeedTest/1068/IntelR-CoreTM2-Duo-CPU-----E8300----283GHz
CPU,,Intel,Core i3-2365M,1081,41.2,2016,https://cpu.userbenchmark.com/SpeedTest/2519/IntelR-CoreTM-i3-2365M-CPU---140GHz
CPU,,AMD,Athlon X2 240,1082,41.1,291,https://cpu.userbenchmark.com/SpeedTest/8553/AMD-Athlontm-X2-240-Processor
CPU,,Intel,Celeron 1017U,1083,41.1,1642,https://cpu.userbenchmark.com/SpeedTest/3839/IntelR-CeleronR-CPU-1017U---160GHz
CPU,,Intel,Core i5 M 480,1084,41.1,16023,https://cpu.userbenchmark.com/SpeedTest/3496/IntelR-CoreTM-i5-CPU-------M-480----267GHz
CPU,,AMD,Phenom X3 8650,1085,41,1447,https://cpu.userbenchmark.com/SpeedTest/4548/AMD-Phenomtm-8650-Triple-Core-Processor
CPU,,AMD,A8-3530MX APU,1086,40.9,441,https://cpu.userbenchmark.com/SpeedTest/1796/AMD-A8-3530MX-APU-with-Radeontm-HD-Graphics
CPU,,Intel,Core i5 M 540,1087,40.9,8329,https://cpu.userbenchmark.com/SpeedTest/882/IntelR-CoreTM-i5-CPU-------M-540----253GHz
CPU,,Intel,Pentium G6950,1088,40.7,1090,https://cpu.userbenchmark.com/SpeedTest/638/IntelR-PentiumR-CPU--------G6950----280GHz
CPU,,Intel,Xeon E5345,1089,40.7,284,https://cpu.userbenchmark.com/SpeedTest/10151/IntelR-XeonR-CPU-----------E5345----233GHz
CPU,,AMD,A10-7800 APU (2014 D.Ka),1090,40.7,15719,https://cpu.userbenchmark.com/SpeedTest/13491/AMD-A10-7800-Radeon-R7-12-Compute-Cores-4C-8G
CPU,,AMD,Ryzen 3 3200U,1091,40.7,21522,https://cpu.userbenchmark.com/SpeedTest/771805/AMD-Ryzen-3-3200U-with-Radeon-Vega-Mobile-Gfx
CPU,,Intel,Pentium E6800,1092,40.7,851,https://cpu.userbenchmark.com/SpeedTest/4231/PentiumR-Dual-Core--CPU------E6800----333GHz
CPU,AD9800AHABBOX,AMD,A12-9800E APU (2016 M.BR),1093,40.7,768,https://cpu.userbenchmark.com/SpeedTest/345210/AMD-A12-9800E-RADEON-R7-12-COMPUTE-CORES-4C-8G
CPU,,AMD,Athlon 64 X2 Dual Core 6000+,1094,40.7,5594,https://cpu.userbenchmark.com/SpeedTest/5708/AMD-Athlontm-64-X2-Dual-Core-Processor-6000-
CPU,,Intel,Core2 Duo T9900,1095,40.7,1008,https://cpu.userbenchmark.com/SpeedTest/972/IntelR-CoreTM2-Duo-CPU-----T9900----306GHz
CPU,,Intel,Core2 Duo T9800,1096,40.6,537,https://cpu.userbenchmark.com/SpeedTest/7044/IntelR-CoreTM2-Duo-CPU-----T9800----293GHz
CPU,,Intel,Core i7 L 640,1097,40.6,2030,https://cpu.userbenchmark.com/SpeedTest/4880/IntelR-CoreTM-i7-CPU-------L-640----213GHz
CPU,,AMD,Athlon II X2 245,1098,40.6,6247,https://cpu.userbenchmark.com/SpeedTest/2018/AMD-Athlontm-II-X2-245-Processor
CPU,,Intel,Celeron 877,1099,40.5,671,https://cpu.userbenchmark.com/SpeedTest/6414/IntelR-CeleronR-CPU-877---140GHz
CPU,,AMD,Athlon 7850,1100,40.5,530,https://cpu.userbenchmark.com/SpeedTest/2660/AMD-Athlontm-7850-Dual-Core-Processor
CPU,,AMD,A6-3620 APU,1101,40.5,2758,https://cpu.userbenchmark.com/SpeedTest/8057/AMD-A6-3620-APU-with-Radeontm-HD-Graphics
CPU,,Intel,Core i3-7020U,1102,40.5,28454,https://cpu.userbenchmark.com/SpeedTest/576199/IntelR-CoreTM-i3-7020U-CPU---230GHz
CPU,,AMD,Phenom 9150e,1103,40.5,947,https://cpu.userbenchmark.com/SpeedTest/7599/AMD-Phenomtm-9150e-Quad-Core-Processor
CPU,,Intel,Core i5-6300U,1104,40.4,59619,https://cpu.userbenchmark.com/SpeedTest/27864/IntelR-CoreTM-i5-6300U-CPU---240GHz
CPU,,Intel,Celeron B800,1105,40.4,2662,https://cpu.userbenchmark.com/SpeedTest/6775/IntelR-CeleronR-CPU-B800---150GHz
CPU,,AMD,A8-3510MX APU,1106,40.3,528,https://cpu.userbenchmark.com/SpeedTest/5873/AMD-A8-3510MX-APU-with-Radeontm-HD-Graphics
CPU,,AMD,Athlon II X2 250 (2013 D.Ri),1107,40.3,19471,https://cpu.userbenchmark.com/SpeedTest/1064/AMD-Athlontm-II-X2-250-Processor
CPU,,Intel,Core2 Duo E8400,1108,40.3,68540,https://cpu.userbenchmark.com/Intel-Core2-Duo-E8400/Rating/2720
CPU,,Intel,Core2 Duo P9700,1109,40.3,485,https://cpu.userbenchmark.com/SpeedTest/3330/IntelR-CoreTM2-Duo-CPU-----P9700----280GHz
CPU,,Intel,Core i5 M 460,1110,40.3,18336,https://cpu.userbenchmark.com/SpeedTest/126/IntelR-CoreTM-i5-CPU-------M-460----253GHz
CPU,,AMD,A6-5400K APU,1111,40.3,7836,https://cpu.userbenchmark.com/SpeedTest/4113/AMD-A6-5400K-APU-with-Radeontm-HD-Graphics
CPU,,Intel,Celeron 3205U,1112,40.3,915,https://cpu.userbenchmark.com/SpeedTest/28911/IntelR-CeleronR-3205U---150GHz
CPU,,Intel,Core2 Duo E8200,1113,40.2,4318,https://cpu.userbenchmark.com/SpeedTest/3200/IntelR-CoreTM2-Duo-CPU-----E8200----266GHz
CPU,,Intel,Core i5 M 520,1114,40.1,23644,https://cpu.userbenchmark.com/SpeedTest/812/IntelR-CoreTM-i5-CPU-------M-520----240GHz
CPU,,AMD,Athlon II X2 240,1115,40.1,5506,https://cpu.userbenchmark.com/SpeedTest/4133/AMD-Athlontm-II-X2-240-Processor
CPU,,Intel,Core i5 M 450,1116,40,8084,https://cpu.userbenchmark.com/SpeedTest/2006/IntelR-CoreTM-i5-CPU-------M-450----240GHz
CPU,,AMD,A4-6300 APU,1117,40,10924,https://cpu.userbenchmark.com/SpeedTest/10639/AMD-A4-6300-APU-with-Radeontm-HD-Graphics
CPU,,Intel,Pentium 987,1118,39.9,1524,https://cpu.userbenchmark.com/SpeedTest/4947/IntelR-PentiumR-CPU-987---150GHz
CPU,,AMD,A4-5300 APU,1119,39.9,7032,https://cpu.userbenchmark.com/SpeedTest/3554/AMD-A4-5300-APU-with-Radeontm-HD-Graphics
CPU,AD9600AGABBOX,AMD,A8-9600 APU (2016 D.BR),1120,39.9,12273,https://cpu.userbenchmark.com/SpeedTest/339630/AMD-A8-9600-RADEON-R7-10-COMPUTE-CORES-4C-6G
CPU,,AMD,A6-6400K APU,1121,39.8,13306,https://cpu.userbenchmark.com/SpeedTest/3048/AMD-A6-6400K-APU-with-Radeontm-HD-Graphics
CPU,FM983PAEY44AB,AMD,FX-9830P APU (2016 M.BR),1122,39.8,4052,https://cpu.userbenchmark.com/SpeedTest/215072/AMD-FX-9830P-RADEON-R7-12-COMPUTE-CORES-4C-8G
CPU,,Intel,Core i3 M 380,1123,39.8,21755,https://cpu.userbenchmark.com/SpeedTest/919/IntelR-CoreTM-i3-CPU-------M-380----253GHz
CPU,,Intel,Core i3-2357M,1124,39.8,125,https://cpu.userbenchmark.com/SpeedTest/6916/IntelR-CoreTM-i3-2357M-CPU---130GHz
CPU,,AMD,Phenom II N850,1125,39.7,308,https://cpu.userbenchmark.com/SpeedTest/6473/AMD-Phenomtm-II-N850-Triple-Core-Processor
CPU,,AMD,Phenom II N930,1126,39.7,536,https://cpu.userbenchmark.com/SpeedTest/6654/AMD-Phenomtm-II-N930-Quad-Core-Processor
CPU,,Intel,Pentium E6700,1127,39.6,5273,https://cpu.userbenchmark.com/SpeedTest/2030/PentiumR-Dual-Core--CPU------E6700----320GHz
CPU,,Intel,Core2 Duo E7600,1128,39.6,4159,https://cpu.userbenchmark.com/SpeedTest/4924/IntelR-CoreTM2-Duo-CPU-----E7600----306GHz
CPU,,Intel,Core2 X6800,1129,39.6,267,https://cpu.userbenchmark.com/SpeedTest/8640/IntelR-CoreTM2-CPU---------X6800----293GHz
CPU,,Intel,Core2 Duo E6850,1130,39.6,4150,https://cpu.userbenchmark.com/SpeedTest/681/IntelR-CoreTM2-Duo-CPU-----E6850----300GHz
CPU,,Intel,Xeon E5335,1131,39.5,166,https://cpu.userbenchmark.com/SpeedTest/24658/IntelR-XeonR-CPU-----------E5335----200GHz
CPU,FH8068003067415,Intel,Pentium Silver J5005,1132,39.5,2202,https://cpu.userbenchmark.com/SpeedTest/487063/IntelR-PentiumR-Silver-J5005-CPU---150GHz
CPU,,Intel,Core2 Duo T9500,1133,39.4,996,https://cpu.userbenchmark.com/SpeedTest/4254/IntelR-CoreTM2-Duo-CPU-----T9500----260GHz
CPU,,Intel,Celeron 1007U,1134,39.4,5995,https://cpu.userbenchmark.com/SpeedTest/3995/IntelR-CeleronR-CPU-1007U---150GHz
CPU,,Intel,Core i5 M 430,1135,39.4,14318,https://cpu.userbenchmark.com/SpeedTest/34/IntelR-CoreTM-i5-CPU-------M-430----227GHz
CPU,,AMD,Phenom X3 8450,1136,39.3,1789,https://cpu.userbenchmark.com/SpeedTest/3789/AMD-Phenomtm-8450-Triple-Core-Processor
CPU,HE8067702740049,Intel,Pentium Gold 4425Y,1137,39.3,557,https://cpu.userbenchmark.com/SpeedTest/786431/IntelR-PentiumR-CPU-4425Y---170GHz
CPU,,Intel,Core i3 M 370,1138,39.3,23407,https://cpu.userbenchmark.com/SpeedTest/259/IntelR-CoreTM-i3-CPU-------M-370----240GHz
CPU,,Intel,Core2 Duo E7500,1139,39.2,39897,https://cpu.userbenchmark.com/SpeedTest/987/IntelR-CoreTM2-Duo-CPU-----E7500----293GHz
CPU,,Intel,Core i7 L 620,1140,39.2,387,https://cpu.userbenchmark.com/SpeedTest/952/IntelR-CoreTM-i7-CPU-------L-620----200GHz
CPU,,Intel,Pentium E6500,1141,39.2,5942,https://cpu.userbenchmark.com/SpeedTest/720/PentiumR-Dual-Core--CPU------E6500----293GHz
CPU,,AMD,A6-3500 APU,1142,39.1,2804,https://cpu.userbenchmark.com/SpeedTest/4150/AMD-A6-3500-APU-with-Radeontm-HD-Graphics
CPU,,AMD,A4-4000 APU,1143,39.1,6528,https://cpu.userbenchmark.com/SpeedTest/8144/AMD-A4-4000-APU-with-Radeontm-HD-Graphics
CPU,,Intel,Core2 Duo T9400,1144,39.1,3295,https://cpu.userbenchmark.com/SpeedTest/3645/IntelR-CoreTM2-Duo-CPU-----T9400----253GHz
CPU,,AMD,FX-7600P APU (2014 M.Ka),1145,39.1,1094,https://cpu.userbenchmark.com/SpeedTest/23736/AMD-FX-7600P-Radeon-R7-12-Compute-Cores-4C-8G
CPU,,Intel,Pentium E6600,1146,39,5119,https://cpu.userbenchmark.com/SpeedTest/988/PentiumR-Dual-Core--CPU------E6600----306GHz
CPU,,AMD,A8-4500M APU,1147,39,9726,https://cpu.userbenchmark.com/SpeedTest/758/AMD-A8-4500M-APU-with-Radeontm-HD-Graphics
CPU,,Intel,Core2 6700,1148,39,2388,https://cpu.userbenchmark.com/SpeedTest/3850/IntelR-CoreTM2-CPU----------6700----266GHz
CPU,,Intel,Core2 Duo T9600,1149,38.9,2726,https://cpu.userbenchmark.com/SpeedTest/1795/IntelR-CoreTM2-Duo-CPU-----T9600----280GHz
CPU,,AMD,Athlon 7750,1150,38.8,2273,https://cpu.userbenchmark.com/SpeedTest/3774/AMD-Athlontm-7750-Dual-Core-Processor
CPU,,AMD,Athlon II X2 220,1151,38.7,5045,https://cpu.userbenchmark.com/SpeedTest/5455/AMD-Athlontm-II-X2-220-Processor
CPU,,AMD,Athlon 64 X2 Dual Core 5600+,1152,38.6,3286,https://cpu.userbenchmark.com/SpeedTest/2183/AMD-Athlontm-64-X2-Dual-Core-Processor-5600-
CPU,,AMD,A6-7470K APU (2014 D.Ka),1153,38.6,227,https://cpu.userbenchmark.com/SpeedTest/129200/AMD-A6-7470K-Radeon-R5-6-Compute-Cores-2C-4G
CPU,,Intel,Core2 Duo P9600,1154,38.6,524,https://cpu.userbenchmark.com/SpeedTest/8493/IntelR-CoreTM2-Duo-CPU-----P9600----266GHz
CPU,,Intel,Core2 Duo T9550,1155,38.6,1427,https://cpu.userbenchmark.com/SpeedTest/6301/IntelR-CoreTM2-Duo-CPU-----T9550----266GHz
CPU,,Intel,Core i3-4005U,1156,38.5,37483,https://cpu.userbenchmark.com/SpeedTest/7028/IntelR-CoreTM-i3-4005U-CPU---170GHz
CPU,,Intel,Core2 Duo E7300,1157,38.5,7475,https://cpu.userbenchmark.com/SpeedTest/2080/IntelR-CoreTM2-Duo-CPU-----E7300----266GHz
CPU,,Intel,Core i3 M 350,1158,38.5,14351,https://cpu.userbenchmark.com/SpeedTest/572/IntelR-CoreTM-i3-CPU-------M-350----227GHz
CPU,,AMD,Phenom II N830,1159,38.4,724,https://cpu.userbenchmark.com/SpeedTest/690/AMD-Phenomtm-II-N830-Triple-Core-Processor
CPU,,Intel,Core2 Duo E7400,1160,38.4,14354,https://cpu.userbenchmark.com/SpeedTest/2077/IntelR-CoreTM2-Duo-CPU-----E7400----280GHz
CPU,,AMD,Athlon 64 X2 Dual Core 5400+,1161,38.3,956,https://cpu.userbenchmark.com/SpeedTest/4069/AMD-Athlontm-64-X2-Dual-Core-Processor-5400-
CPU,,AMD,A6-3410MX APU,1162,38.3,1071,https://cpu.userbenchmark.com/SpeedTest/5327/AMD-A6-3410MX-APU-with-Radeontm-HD-Graphics
CPU,,Intel,Pentium D 3.73GHz,1163,38.3,44,https://cpu.userbenchmark.com/SpeedTest/10162/IntelR-PentiumR-D-CPU-373GHz
CPU,HE8067702740018,Intel,Pentium Gold 4415Y,1164,38.2,2625,https://cpu.userbenchmark.com/SpeedTest/549016/IntelR-PentiumR-CPU-4415Y---160GHz
CPU,,Intel,Celeron 2957U,1165,38.1,2764,https://cpu.userbenchmark.com/SpeedTest/12071/IntelR-CeleronR-2957U---140GHz
CPU,,Intel,Core2 Duo T9300,1166,38.1,3287,https://cpu.userbenchmark.com/SpeedTest/2444/IntelR-CoreTM2-Duo-CPU-----T9300----250GHz
CPU,,Intel,Core i3 M 330,1167,38,14119,https://cpu.userbenchmark.com/SpeedTest/484/IntelR-CoreTM-i3-CPU-------M-330----213GHz
CPU,,Intel,Core M-5Y31,1168,38,112,https://cpu.userbenchmark.com/SpeedTest/33034/IntelR-CoreTM-M-5Y31-CPU---090GHz
CPU,,AMD,Athlon II X2 215,1169,37.8,4513,https://cpu.userbenchmark.com/SpeedTest/885/AMD-Athlontm-II-X2-215-Processor
CPU,,Intel,Core2 Duo E6750,1170,37.8,9456,https://cpu.userbenchmark.com/SpeedTest/729/IntelR-CoreTM2-Duo-CPU-----E6750----266GHz
CPU,,Intel,Core2 Duo E7200,1171,37.8,6054,https://cpu.userbenchmark.com/SpeedTest/1876/IntelR-CoreTM2-Duo-CPU-----E7200----253GHz
CPU,,Intel,Pentium E6300,1172,37.8,2604,https://cpu.userbenchmark.com/SpeedTest/3310/PentiumR-Dual-Core--CPU------E6300----280GHz
CPU,,AMD,A8-3520M APU,1173,37.7,1349,https://cpu.userbenchmark.com/SpeedTest/6369/AMD-A8-3520M-APU-with-Radeontm-HD-Graphics
CPU,,Intel,Core2 Duo P9400,1174,37.7,748,https://cpu.userbenchmark.com/SpeedTest/5017/IntelR-CoreTM2-Duo-CPU-----P9400----240GHz
CPU,,Intel,Core2 Duo P8800,1175,37.6,946,https://cpu.userbenchmark.com/SpeedTest/2429/IntelR-CoreTM2-Duo-CPU-----P8800----266GHz
CPU,,Intel,Core i3-5005U,1176,37.5,50603,https://cpu.userbenchmark.com/SpeedTest/24957/IntelR-CoreTM-i3-5005U-CPU---200GHz
CPU,,Intel,Pentium E5800,1177,37.5,8890,https://cpu.userbenchmark.com/SpeedTest/3092/PentiumR-Dual-Core--CPU------E5800----320GHz
CPU,,AMD,A8-3500M APU,1178,37.4,1332,https://cpu.userbenchmark.com/SpeedTest/5434/AMD-A8-3500M-APU-with-Radeontm-HD-Graphics
CPU,BX80557E6550,Intel,Core2 Duo E6550,1179,37.4,11349,https://cpu.userbenchmark.com/Intel-Core2-Duo-E6550/Rating/568
CPU,,AMD,Opteron 4171 HE,1180,37.4,16,https://cpu.userbenchmark.com/SpeedTest/5977/AMD-Opterontm-Processor-4171-HE
CPU,,Intel,Core2 6600,1181,37.3,8894,https://cpu.userbenchmark.com/SpeedTest/984/IntelR-CoreTM2-CPU----------6600----240GHz
CPU,,Intel,Core2 Duo P8700,1182,37.3,7366,https://cpu.userbenchmark.com/SpeedTest/581/IntelR-CoreTM2-Duo-CPU-----P8700----253GHz
CPU,,Intel,Core2 Duo T7700,1183,37.1,1898,https://cpu.userbenchmark.com/SpeedTest/2770/IntelR-CoreTM2-Duo-CPU-----T7700----240GHz
CPU,,AMD,Athlon Dual Core 4850e,1184,37.1,607,https://cpu.userbenchmark.com/SpeedTest/3970/AMD-Athlontm-Dual-Core-Processor-4850e
CPU,,AMD,Athlon 64 X2 Dual Core 5200+,1185,36.8,5400,https://cpu.userbenchmark.com/SpeedTest/1721/AMD-Athlontm-64-X2-Dual-Core-Processor-5200-
CPU,,AMD,A10-4655M APU,1186,36.8,2021,https://cpu.userbenchmark.com/SpeedTest/6343/AMD-A10-4655M-APU-with-Radeontm-HD-Graphics
CPU,,Intel,Core2 Duo P8400,1187,36.8,6904,https://cpu.userbenchmark.com/SpeedTest/307/IntelR-CoreTM2-Duo-CPU-----P8400----226GHz
CPU,,Intel,Core2 Duo P8600,1188,36.7,8502,https://cpu.userbenchmark.com/SpeedTest/753/IntelR-CoreTM2-Duo-CPU-----P8600----240GHz
CPU,,Intel,Core2 Duo T8300,1189,36.6,2604,https://cpu.userbenchmark.com/SpeedTest/1921/IntelR-CoreTM2-Duo-CPU-----T8300----240GHz
CPU,,Intel,Pentium E5500,1190,36.6,7497,https://cpu.userbenchmark.com/SpeedTest/2012/PentiumR-Dual-Core--CPU------E5500----280GHz
CPU,,Intel,Core2 6420,1191,36.5,2091,https://cpu.userbenchmark.com/SpeedTest/1967/IntelR-CoreTM2-CPU----------6420----213GHz
CPU,,AMD,A10-5745M APU,1192,36.5,6689,https://cpu.userbenchmark.com/SpeedTest/4194/AMD-A10-5745M-APU-with-Radeontm-HD-Graphics
CPU,,Intel,Pentium E5700,1193,36.5,20872,https://cpu.userbenchmark.com/SpeedTest/976/PentiumR-Dual-Core--CPU------E5700----300GHz
CPU,,AMD,A10-7400P APU (2014 M.Ka),1194,36.4,1409,https://cpu.userbenchmark.com/SpeedTest/26875/AMD-A10-7400P-Radeon-R6-10-Compute-Cores-4C-6G
CPU,,AMD,A6-3420M APU,1195,36.3,4510,https://cpu.userbenchmark.com/SpeedTest/649/AMD-A6-3420M-APU-with-Radeontm-HD-Graphics
CPU,,Intel,Pentium P6200,1196,36.2,8041,https://cpu.userbenchmark.com/SpeedTest/4539/IntelR-PentiumR-CPU--------P6200----213GHz
CPU,,AMD,Athlon II P360,1197,36.2,1500,https://cpu.userbenchmark.com/SpeedTest/3956/AMD-Athlontm-II-P360-Dual-Core-Processor
CPU,,Intel,Pentium E5400,1198,36.2,14795,https://cpu.userbenchmark.com/SpeedTest/4475/PentiumR-Dual-Core--CPU------E5400----270GHz
CPU,,AMD,Phenom II P960,1199,36.2,1167,https://cpu.userbenchmark.com/SpeedTest/1991/AMD-Phenomtm-II-P960-Quad-Core-Processor
CPU,,Intel,Core i3-6006U,1200,36.1,47111,https://cpu.userbenchmark.com/SpeedTest/214467/IntelR-CoreTM-i3-6006U-CPU---200GHz
CPU,,Intel,Pentium E5200,1201,36,13848,https://cpu.userbenchmark.com/SpeedTest/1599/PentiumR-Dual-Core--CPU------E5200----250GHz
CPU,,Intel,Pentium E5300,1202,35.9,18604,https://cpu.userbenchmark.com/SpeedTest/38/PentiumR-Dual-Core--CPU------E5300----260GHz
CPU,,AMD,A8-5545M APU,1203,35.9,2749,https://cpu.userbenchmark.com/SpeedTest/9308/AMD-A8-5545M-APU-with-Radeontm-HD-Graphics
CPU,,AMD,Athlon 64 X2 Dual Core 5000+,1204,35.8,5372,https://cpu.userbenchmark.com/SpeedTest/2324/AMD-Athlontm-64-X2-Dual-Core-Processor-5000-
CPU,,AMD,Athlon 64 X2 Dual Core 4600+,1205,35.8,2253,https://cpu.userbenchmark.com/SpeedTest/8715/AMD-Athlontm-64-X2-Dual-Core-Processor-4600-
CPU,,Intel,Atom Z3740D,1206,35.8,193,https://cpu.userbenchmark.com/SpeedTest/3287/IntelR-AtomTM-CPU--Z3740D---133GHz
CPU,,Intel,Celeron E3200,1207,35.7,981,https://cpu.userbenchmark.com/SpeedTest/6422/IntelR-CeleronR-CPU--------E3200----240GHz
CPU,,AMD,Sempron 145,1208,35.7,3678,https://cpu.userbenchmark.com/SpeedTest/6487/AMD-Semprontm-145-Processor
CPU,FH8068003067403,Intel,Celeron J4105,1209,35.7,1216,https://cpu.userbenchmark.com/SpeedTest/444211/IntelR-CeleronR-J4105-CPU---150GHz
CPU,,Intel,Core2 Duo P7550,1210,35.7,895,https://cpu.userbenchmark.com/SpeedTest/3099/IntelR-CoreTM2-Duo-CPU-----P7550----226GHz
CPU,,Intel,Celeron E3300,1211,35.6,2428,https://cpu.userbenchmark.com/SpeedTest/5787/IntelR-CeleronR-CPU--------E3300----250GHz
CPU,FM980PADY44AB,AMD,FX-9800P APU (2016 M.BR),1212,35.6,3040,https://cpu.userbenchmark.com/SpeedTest/141405/AMD-FX-9800P-RADEON-R7-12-COMPUTE-CORES-4C-8G
CPU,,AMD,A4-3400 APU,1213,35.5,2796,https://cpu.userbenchmark.com/SpeedTest/6076/AMD-A4-3400-APU-with-Radeontm-HD-Graphics
CPU,,Intel,Core2 Duo P7450,1214,35.5,2755,https://cpu.userbenchmark.com/SpeedTest/1597/IntelR-CoreTM2-Duo-CPU-----P7450----213GHz
CPU,,AMD,A4-3300 APU,1215,35.5,2884,https://cpu.userbenchmark.com/SpeedTest/4728/AMD-A4-3300-APU-with-Radeontm-HD-Graphics
CPU,,Intel,Core2 6400,1216,35.5,5556,https://cpu.userbenchmark.com/SpeedTest/106/IntelR-CoreTM2-CPU----------6400----213GHz
CPU,,Intel,Core2 Duo E4700,1217,35.4,1169,https://cpu.userbenchmark.com/SpeedTest/669/IntelR-CoreTM2-Duo-CPU-----E4700----260GHz
CPU,,AMD,Athlon Dual Core 4450e,1218,35.4,511,https://cpu.userbenchmark.com/SpeedTest/9437/AMD-Athlontm-Dual-Core-Processor-4450e
CPU,,AMD,A10-9620P APU (2016 M.BR),1219,35.3,6180,https://cpu.userbenchmark.com/SpeedTest/300068/AMD-A10-9620P-RADEON-R5-10-COMPUTE-CORES-4C-6G
CPU,,AMD,Turion II Neo N54L,1220,35.3,191,https://cpu.userbenchmark.com/SpeedTest/7165/AMD-Turiontm-II-Neo-N54L-Dual-Core-Processor
CPU,,AMD,A6-4400M APU,1221,35.2,6363,https://cpu.userbenchmark.com/SpeedTest/1745/AMD-A6-4400M-APU-with-Radeontm-HD-Graphics
CPU,,Intel,Pentium J2900,1222,35.2,4259,https://cpu.userbenchmark.com/SpeedTest/12727/IntelR-PentiumR-CPU--J2900----241GHz
CPU,AD9500AHABBOX,AMD,A6-9500E APU (2016 D.BR),1223,35.2,255,https://cpu.userbenchmark.com/SpeedTest/340618/AMD-A6-9500E-RADEON-R5-6-COMPUTE-CORES-2C-4G
CPU,,Intel,Pentium P6100,1224,35.2,6283,https://cpu.userbenchmark.com/SpeedTest/756/IntelR-PentiumR-CPU--------P6100----200GHz
CPU,,Intel,Celeron E3400,1225,35.2,3809,https://cpu.userbenchmark.com/SpeedTest/5119/IntelR-CeleronR-CPU--------E3400----260GHz
CPU,,AMD,Sempron 140,1226,35.1,2532,https://cpu.userbenchmark.com/SpeedTest/3248/AMD-Semprontm-140-Processor
CPU,,Intel,Core2 Duo T7500,1227,35.1,4281,https://cpu.userbenchmark.com/SpeedTest/867/IntelR-CoreTM2-Duo-CPU-----T7500----220GHz
CPU,,Intel,Core2 Duo T8100,1228,35,2639,https://cpu.userbenchmark.com/SpeedTest/2334/IntelR-CoreTM2-Duo-CPU-----T8100----210GHz
CPU,,AMD,A4-4300M APU,1229,35,2270,https://cpu.userbenchmark.com/SpeedTest/2001/AMD-A4-4300M-APU-with-Radeontm-HD-Graphics
CPU,,AMD,A12-9720P APU (2016 M.BR),1230,35,17422,https://cpu.userbenchmark.com/SpeedTest/308530/AMD-A12-9720P-RADEON-R7-12-COMPUTE-CORES-4C-8G
CPU,,AMD,Athlon II P340,1231,34.9,2473,https://cpu.userbenchmark.com/SpeedTest/380/AMD-Athlontm-II-P340-Dual-Core-Processor
CPU,,AMD,A6-7400K APU (2014 D.Ka),1232,34.8,8083,https://cpu.userbenchmark.com/SpeedTest/16549/AMD-A6-7400K-Radeon-R5-6-Compute-Cores-2C-4G
CPU,,Intel,Core2 Duo P7350,1233,34.8,2717,https://cpu.userbenchmark.com/SpeedTest/1998/IntelR-CoreTM2-Duo-CPU-----P7350----200GHz
CPU,,AMD,Athlon 64 X2 Dual Core 4800+,1234,34.7,1985,https://cpu.userbenchmark.com/SpeedTest/2246/AMD-Athlontm-64-X2-Dual-Core-Processor-4800-
CPU,,Intel,Pentium N3530,1235,34.7,5111,https://cpu.userbenchmark.com/SpeedTest/11468/IntelR-PentiumR-CPU--N3530----216GHz
CPU,,AMD,A6-3400M APU,1236,34.6,3654,https://cpu.userbenchmark.com/SpeedTest/491/AMD-A6-3400M-APU-with-Radeontm-HD-Graphics
CPU,,Intel,Core2 Duo T6670,1237,34.6,2094,https://cpu.userbenchmark.com/SpeedTest/2964/IntelR-CoreTM2-Duo-CPU-----T6670----220GHz
CPU,,Intel,Celeron Dual Core T3300,1238,34.5,619,https://cpu.userbenchmark.com/SpeedTest/8823/CeleronR-Dual-Core-CPU-------T3300----200GHz
CPU,,Intel,Core2 Duo T6600,1239,34.5,8673,https://cpu.userbenchmark.com/SpeedTest/242/IntelR-CoreTM2-Duo-CPU-----T6600----220GHz
CPU,,AMD,Athlon 64 X2 Dual Core 4200+,1240,34.5,4133,https://cpu.userbenchmark.com/SpeedTest/3258/AMD-Athlontm-64-X2-Dual-Core-Processor-4200-
CPU,,AMD,A8-4555M APU,1241,34.5,2151,https://cpu.userbenchmark.com/SpeedTest/3647/AMD-A8-4555M-APU-with-Radeontm-HD-Graphics
CPU,,Intel,Core2 6300,1242,34.5,5234,https://cpu.userbenchmark.com/SpeedTest/2521/IntelR-CoreTM2-CPU----------6300----186GHz
CPU,,Intel,Pentium N3520,1243,34.4,2090,https://cpu.userbenchmark.com/SpeedTest/7431/IntelR-PentiumR-CPU--N3520----216GHz
CPU,,Intel,Core2 Duo T6400,1244,34.4,4995,https://cpu.userbenchmark.com/SpeedTest/2405/IntelR-CoreTM2-Duo-CPU-----T6400----200GHz
CPU,,Intel,Core2 Duo T6500,1245,34.4,3335,https://cpu.userbenchmark.com/SpeedTest/3474/IntelR-CoreTM2-Duo-CPU-----T6500----210GHz
CPU,,Intel,Core2 Duo T7300,1246,34.4,2712,https://cpu.userbenchmark.com/SpeedTest/2508/IntelR-CoreTM2-Duo-CPU-----T7300----200GHz
CPU,,AMD,A4-3330MX APU,1247,34.3,1369,https://cpu.userbenchmark.com/SpeedTest/6834/AMD-A4-3330MX-APU-with-Radeontm-HD-Graphics
CPU,,Intel,Core2 Duo E4600,1248,34.3,6872,https://cpu.userbenchmark.com/SpeedTest/2191/IntelR-CoreTM2-Duo-CPU-----E4600----240GHz
CPU,,Intel,Core2 Duo T5870,1249,34.1,2085,https://cpu.userbenchmark.com/SpeedTest/5377/IntelR-CoreTM2-Duo-CPU-----T5870----200GHz
CPU,,AMD,A4-7210 APU (2015 M.Ca),1250,34,2180,https://cpu.userbenchmark.com/SpeedTest/42376/AMD-A4-7210-APU-with-AMD-Radeon-R3-Graphics
CPU,,AMD,A9-9430 APU (2016 M.SR),1251,34,923,https://cpu.userbenchmark.com/SpeedTest/303175/AMD-A9-9430-RADEON-R5-5-COMPUTE-CORES-2C-3G
CPU,,AMD,Athlon 64 X2 Dual Core 3800+,1252,34,2640,https://cpu.userbenchmark.com/SpeedTest/2362/AMD-Athlontm-64-X2-Dual-Core-Processor-3800-
CPU,,Intel,Pentium T4400,1253,34,7903,https://cpu.userbenchmark.com/SpeedTest/1886/PentiumR-Dual-Core-CPU-------T4400----220GHz
CPU,,Intel,Core2 Duo T7250,1254,34,3604,https://cpu.userbenchmark.com/SpeedTest/1781/IntelR-CoreTM2-Duo-CPU-----T7250----200GHz
CPU,,AMD,Athlon II P320,1255,34,3972,https://cpu.userbenchmark.com/SpeedTest/1942/AMD-Athlontm-II-P320-Dual-Core-Processor
CPU,,AMD,V140,1256,34,788,https://cpu.userbenchmark.com/SpeedTest/1003/AMD-V140-Processor
CPU,,Intel,Core2 T7600,1257,34,622,https://cpu.userbenchmark.com/SpeedTest/2765/IntelR-CoreTM2-CPU---------T7600----233GHz
CPU,,Intel,Celeron J1900,1258,33.9,6116,https://cpu.userbenchmark.com/SpeedTest/10898/IntelR-CeleronR-CPU--J1900----199GHz
CPU,,Intel,Celeron Dual Core T3100,1259,33.9,976,https://cpu.userbenchmark.com/SpeedTest/1715/CeleronR-Dual-Core-CPU-------T3100----190GHz
CPU,,Intel,Core2 Duo T5670,1260,33.9,785,https://cpu.userbenchmark.com/SpeedTest/3564/IntelR-CoreTM2-Duo-CPU-----T5670----180GHz
CPU,FH8068003067406,Intel,Pentium Silver N5000,1261,33.9,12140,https://cpu.userbenchmark.com/SpeedTest/499477/IntelR-PentiumR-Silver-N5000-CPU---110GHz
CPU,AM970PADY44AB,AMD,A12-9700P APU (2016 M.BR),1262,33.9,5770,https://cpu.userbenchmark.com/SpeedTest/148571/AMD-A12-9700P-RADEON-R7-10-COMPUTE-CORES-4C-6G
CPU,,Intel,Core2 Duo T6570,1263,33.9,2846,https://cpu.userbenchmark.com/SpeedTest/438/IntelR-CoreTM2-Duo-CPU-----T6570----210GHz
CPU,,Intel,Pentium T4500,1264,33.9,8800,https://cpu.userbenchmark.com/SpeedTest/2148/PentiumR-Dual-Core-CPU-------T4500----230GHz
CPU,,Intel,Pentium T4200,1265,33.9,5474,https://cpu.userbenchmark.com/SpeedTest/451/PentiumR-Dual-Core-CPU-------T4200----200GHz
CPU,,AMD,Athlon 64 X2 Dual Core 4400+,1266,33.9,2970,https://cpu.userbenchmark.com/SpeedTest/2330/AMD-Athlontm-64-X2-Dual-Core-Processor-4400-
CPU,,Intel,Celeron N2930,1267,33.8,2000,https://cpu.userbenchmark.com/SpeedTest/13386/IntelR-CeleronR-CPU--N2930----183GHz
CPU,AD9500AGABBOX,AMD,A6-9500 APU (2016 D.BR),1268,33.8,2296,https://cpu.userbenchmark.com/SpeedTest/302063/AMD-A6-9500-RADEON-R5-8-COMPUTE-CORES-2C-6G
CPU,,AMD,Athlon 5350 APU R3,1269,33.8,3720,https://cpu.userbenchmark.com/SpeedTest/10020/AMD-Athlontm-5350-APU-with-Radeontm-R3
CPU,,Intel,Celeron 847,1270,33.8,3990,https://cpu.userbenchmark.com/SpeedTest/457/IntelR-CeleronR-CPU-847---110GHz
CPU,,Intel,Pentium T4300,1271,33.7,6462,https://cpu.userbenchmark.com/SpeedTest/2938/PentiumR-Dual-Core-CPU-------T4300----210GHz
CPU,,Intel,Core2 Duo T5800,1272,33.6,3175,https://cpu.userbenchmark.com/SpeedTest/2272/IntelR-CoreTM2-Duo-CPU-----T5800----200GHz
CPU,,Intel,Pentium N3540,1273,33.5,17036,https://cpu.userbenchmark.com/SpeedTest/15842/IntelR-PentiumR-CPU--N3540----216GHz
CPU,,AMD,V120,1274,33.5,586,https://cpu.userbenchmark.com/SpeedTest/5365/AMD-V120-Processor
CPU,,Intel,Core2 Duo E4500,1275,33.4,8675,https://cpu.userbenchmark.com/SpeedTest/65/IntelR-CoreTM2-Duo-CPU-----E4500----220GHz
CPU,,AMD,Athlon 64 3000+,1276,33.3,300,https://cpu.userbenchmark.com/SpeedTest/5460/AMD-Athlontm-64-Processor-3000-
CPU,,AMD,Athlon II M320,1277,33.3,922,https://cpu.userbenchmark.com/SpeedTest/4506/AMD-Athlontm-II-Dual-Core-M320
CPU,,Intel,Core2 Duo E4400,1278,33.3,1439,https://cpu.userbenchmark.com/SpeedTest/3549/IntelR-CoreTM2-Duo-CPU-----E4400----200GHz
CPU,,Intel,Core2 T7400,1279,33.2,673,https://cpu.userbenchmark.com/SpeedTest/5780/IntelR-CoreTM2-CPU---------T7400----216GHz
CPU,,Intel,Pentium Dual E2200,1280,33.2,8325,https://cpu.userbenchmark.com/SpeedTest/1712/IntelR-PentiumR-Dual--CPU--E2200----220GHz
CPU,,AMD,Athlon 64 3500+,1281,33.2,480,https://cpu.userbenchmark.com/SpeedTest/2498/AMD-Athlontm-64-Processor-3500-
CPU,AM960PADY44AB,AMD,A10-9600P APU (2016 M.BR),1282,33.1,13243,https://cpu.userbenchmark.com/SpeedTest/136279/AMD-A10-9600P-RADEON-R5-10-COMPUTE-CORES-4C-6G
CPU,,Intel,Core2 4400,1283,33.1,1900,https://cpu.userbenchmark.com/SpeedTest/5093/IntelR-CoreTM2-CPU----------4400----200GHz
CPU,,Intel,Pentium Dual E2180,1284,33,7312,https://cpu.userbenchmark.com/SpeedTest/814/IntelR-PentiumR-Dual--CPU--E2180----200GHz
CPU,,AMD,A4-3300M APU,1285,33,1991,https://cpu.userbenchmark.com/SpeedTest/12812/AMD-A4-3300M-APU-with-Radeontm-HD-Graphics
CPU,,Intel,Pentium J4205,1286,32.9,1095,https://cpu.userbenchmark.com/SpeedTest/221469/IntelR-PentiumR-CPU-J4205---150GHz
CPU,,Intel,Pentium Dual T3400,1287,32.9,2721,https://cpu.userbenchmark.com/SpeedTest/5174/IntelR-PentiumR-Dual--CPU--T3400----216GHz
CPU,,AMD,Turion 64 X2 Mobile Technology TL-60,1288,32.9,1111,https://cpu.userbenchmark.com/SpeedTest/2315/AMD-Turiontm-64-X2-Mobile-Technology-TL-60
CPU,,AMD,FX-7500 APU (2014 M.Ka),1289,32.8,4105,https://cpu.userbenchmark.com/SpeedTest/16010/AMD-FX-7500-Radeon-R7-10-Compute-Cores-4C-6G
CPU,,Intel,Core2 Duo U9600,1290,32.7,323,https://cpu.userbenchmark.com/SpeedTest/4270/IntelR-CoreTM2-Duo-CPU-----U9600----160GHz
CPU,,Intel,Core2 Duo T7100,1291,32.7,1343,https://cpu.userbenchmark.com/SpeedTest/2268/IntelR-CoreTM2-Duo-CPU-----T7100----180GHz
CPU,FH8068003067408,Intel,Celeron N4100,1292,32.7,6492,https://cpu.userbenchmark.com/SpeedTest/407836/IntelR-CeleronR-N4100-CPU---110GHz
CPU,,AMD,Athlon 64 3800+,1293,32.6,291,https://cpu.userbenchmark.com/SpeedTest/2391/AMD-Athlontm-64-Processor-3800-
CPU,,AMD,A6-7310 APU (2015 M.Ca),1294,32.5,12494,https://cpu.userbenchmark.com/SpeedTest/42196/AMD-A6-7310-APU-with-AMD-Radeon-R4-Graphics
CPU,,Intel,Core2 Duo U9400,1295,32.4,547,https://cpu.userbenchmark.com/SpeedTest/12007/IntelR-CoreTM2-Duo-CPU-----U9400----140GHz
CPU,,Intel,Atom Z3775,1296,32.3,931,https://cpu.userbenchmark.com/SpeedTest/12464/IntelR-AtomTM-CPU--Z3775----146GHz
CPU,,AMD,Athlon 64 X2 Dual Core 3600+,1297,32.3,784,https://cpu.userbenchmark.com/SpeedTest/5235/AMD-Athlontm-64-X2-Dual-Core-Processor-3600-
CPU,,Intel,Core2 T7200,1298,32.2,2351,https://cpu.userbenchmark.com/SpeedTest/248/IntelR-CoreTM2-CPU---------T7200----200GHz
CPU,,AMD,A8-7100 APU (2014 M.Ka),1299,32.1,1069,https://cpu.userbenchmark.com/SpeedTest/20429/AMD-A8-7100-Radeon-R5-8-Compute-Cores-4C-4G
CPU,,AMD,A6-4455M APU,1300,32.1,1612,https://cpu.userbenchmark.com/SpeedTest/5941/AMD-A6-4455M-APU-with-Radeontm-HD-Graphics
CPU,,Intel,Pentium D 3.40GHz,1301,32.1,3806,https://cpu.userbenchmark.com/SpeedTest/5820/IntelR-PentiumR-D-CPU-340GHz
CPU,,AMD,Athlon 64 4000+,1302,32.1,62,https://cpu.userbenchmark.com/SpeedTest/10241/AMD-Athlontm-64-Processor-4000-
CPU,,Intel,Pentium Dual E2160,1303,32.1,4697,https://cpu.userbenchmark.com/SpeedTest/2113/IntelR-PentiumR-Dual--CPU--E2160----180GHz
CPU,,Intel,T2400,1304,31.9,746,https://cpu.userbenchmark.com/SpeedTest/6584/Genuine-IntelR-CPU-----------T2400----183GHz
CPU,,Intel,Pentium Dual T3200,1305,31.9,2188,https://cpu.userbenchmark.com/SpeedTest/2235/IntelR-PentiumR-Dual--CPU--T3200----200GHz
CPU,,AMD,A8-6410 APU R5 Graphics,1306,31.8,19683,https://cpu.userbenchmark.com/SpeedTest/12263/AMD-A8-6410-APU-with-AMD-Radeon-R5-Graphics
CPU,,AMD,Athlon II M300,1307,31.8,1238,https://cpu.userbenchmark.com/SpeedTest/5992/AMD-Athlontm-II-Dual-Core-M300
CPU,,AMD,Athlon 64 3200+,1308,31.8,900,https://cpu.userbenchmark.com/SpeedTest/7063/AMD-Athlontm-64-Processor-3200-
CPU,,Intel,T2300,1309,31.5,946,https://cpu.userbenchmark.com/SpeedTest/2474/Genuine-IntelR-CPU-----------T2300----166GHz
CPU,,Intel,Core2 T5500,1310,31.5,1616,https://cpu.userbenchmark.com/SpeedTest/2561/IntelR-CoreTM2-CPU---------T5500----166GHz
CPU,,Intel,Core2 Duo T5750,1311,31.5,2050,https://cpu.userbenchmark.com/SpeedTest/6581/IntelR-CoreTM2-Duo-CPU-----T5750----200GHz
CPU,,AMD,A4-3305M APU,1312,31.5,1486,https://cpu.userbenchmark.com/SpeedTest/6638/AMD-A4-3305M-APU-with-Radeontm-HD-Graphics
CPU,,Intel,Core2 T5600,1313,31.4,1304,https://cpu.userbenchmark.com/SpeedTest/6306/IntelR-CoreTM2-CPU---------T5600----183GHz
CPU,,Intel,Core2 Duo T5550,1314,31.2,1461,https://cpu.userbenchmark.com/SpeedTest/1673/IntelR-CoreTM2-Duo-CPU-----T5550----183GHz
CPU,,AMD,A8-7410 APU (2015 M.Ca),1315,31.2,28018,https://cpu.userbenchmark.com/SpeedTest/33754/AMD-A8-7410-APU-with-AMD-Radeon-R5-Graphics
CPU,,Intel,Atom Z3770,1316,31.1,170,https://cpu.userbenchmark.com/SpeedTest/5592/IntelR-AtomTM-CPU--Z3770----146GHz
CPU,,Intel,Core2 Duo T5450,1317,31.1,1321,https://cpu.userbenchmark.com/SpeedTest/5075/IntelR-CoreTM2-Duo-CPU-----T5450----166GHz
CPU,,Intel,Pentium D 3.20GHz,1318,30.9,938,https://cpu.userbenchmark.com/SpeedTest/1730/--------------IntelR-PentiumR-D-CPU-320GHz
CPU,,AMD,Athlon 64 X2 Dual Core 4000+,1319,30.9,2693,https://cpu.userbenchmark.com/SpeedTest/2436/AMD-Athlontm-64-X2-Dual-Core-Processor-4000-
CPU,,Intel,Celeron N2920,1320,30.9,1586,https://cpu.userbenchmark.com/SpeedTest/8725/IntelR-CeleronR-CPU--N2920----186GHz
CPU,,Intel,Pentium Dual E2140,1321,30.7,2489,https://cpu.userbenchmark.com/SpeedTest/4944/IntelR-PentiumR-Dual--CPU--E2140----160GHz
CPU,,Intel,T2080,1322,30.7,496,https://cpu.userbenchmark.com/SpeedTest/4748/Genuine-IntelR-CPU-----------T2080----173GHz
CPU,,Intel,Pentium 4 3.40GHz,1323,30.7,1108,https://cpu.userbenchmark.com/SpeedTest/293/--------------IntelR-PentiumR-4-CPU-340GHz
CPU,,Intel,Core i5 U 470,1324,30.7,341,https://cpu.userbenchmark.com/SpeedTest/6244/IntelR-CoreTM-i5-CPU-------U-470----133GHz
CPU,,Intel,Core2 Duo T5250,1325,30.6,962,https://cpu.userbenchmark.com/SpeedTest/5189/IntelR-CoreTM2-Duo-CPU-----T5250----150GHz
CPU,,AMD,A10-7300 APU (2014 M.Ka),1326,30.6,6248,https://cpu.userbenchmark.com/SpeedTest/11662/AMD-A10-7300-Radeon-R6-10-Compute-Cores-4C-6G
CPU,,AMD,A6-5200 APU,1327,30.4,10450,https://cpu.userbenchmark.com/SpeedTest/4574/AMD-A6-5200-APU-with-RadeonTM-HD-Graphics
CPU,,Intel,Celeron 900,1328,30.3,3169,https://cpu.userbenchmark.com/SpeedTest/4381/IntelR-CeleronR-CPU----------900----220GHz
CPU,,AMD,A9-9400 APU (2016 M.SR),1329,30.3,1803,https://cpu.userbenchmark.com/SpeedTest/188753/AMD-A9-9400-RADEON-R5-5-COMPUTE-CORES-2C-3G
CPU,,Intel,U7300,1330,30.1,1665,https://cpu.userbenchmark.com/SpeedTest/4246/Genuine-IntelR-CPU-----------U7300----130GHz
CPU,,Intel,Pentium 4 3.20GHz,1331,30.1,3160,https://cpu.userbenchmark.com/SpeedTest/7095/--------------IntelR-PentiumR-4-CPU-320GHz
CPU,,Intel,Atom Z3740,1332,29.9,1399,https://cpu.userbenchmark.com/SpeedTest/3256/IntelR-AtomTM-CPU--Z3740----133GHz
CPU,,AMD,E2-3000M APU,1333,29.9,1042,https://cpu.userbenchmark.com/SpeedTest/6063/AMD-E2-3000M-APU-with-Radeontm-HD-Graphics
CPU,,AMD,Turion X2 Dual-Core Mobile RM-70,1334,29.8,495,https://cpu.userbenchmark.com/SpeedTest/199/AMD-Turiontm-X2-Dual-Core-Mobile-RM-70
CPU,,Intel,Pentium N4200,1335,29.8,10928,https://cpu.userbenchmark.com/SpeedTest/196248/IntelR-PentiumR-CPU-N4200---110GHz
CPU,,Intel,Celeron E1500,1336,29.7,322,https://cpu.userbenchmark.com/SpeedTest/8605/IntelR-CeleronR-CPU--------E1500----220GHz
CPU,,Intel,Celeron E1400,1337,29.7,421,https://cpu.userbenchmark.com/SpeedTest/2849/IntelR-CeleronR-CPU--------E1400----200GHz
CPU,,Intel,Pentium D 3.00GHz,1338,29.6,4281,https://cpu.userbenchmark.com/SpeedTest/3363/IntelR-PentiumR-D-CPU-300GHz
CPU,,AMD,A9-9410 APU (2016 M.SR),1339,29.6,6306,https://cpu.userbenchmark.com/SpeedTest/137162/AMD-A9-9410-RADEON-R5-5-COMPUTE-CORES-2C-3G
CPU,,Intel,Pentium Dual T2370,1340,29.6,714,https://cpu.userbenchmark.com/SpeedTest/4795/IntelR-PentiumR-Dual--CPU--T2370----173GHz
CPU,,AMD,A4-6210 APU R3 Graphics,1341,29.5,5378,https://cpu.userbenchmark.com/SpeedTest/12438/AMD-A4-6210-APU-with-AMD-Radeon-R3-Graphics
CPU,,Intel,Pentium D 2.80GHz,1342,29.5,3782,https://cpu.userbenchmark.com/SpeedTest/267/--------------IntelR-PentiumR-D-CPU-280GHz
CPU,,AMD,E2-7110 APU (2015 M.Ca),1343,29.4,5170,https://cpu.userbenchmark.com/SpeedTest/150118/AMD-E2-7110-APU-with-AMD-Radeon-R2-Graphics
CPU,,Intel,U4100,1344,29.3,1054,https://cpu.userbenchmark.com/SpeedTest/10746/Genuine-IntelR-CPU-----------U4100----130GHz
CPU,,AMD,Turion II Neo N40L,1345,29.3,169,https://cpu.userbenchmark.com/SpeedTest/7/AMD-Turiontm-II-Neo-N40L-Dual-Core-Processor
CPU,,Intel,Pentium 4 3.00GHz,1346,29.2,6937,https://cpu.userbenchmark.com/SpeedTest/440/--------------IntelR-PentiumR-4-CPU-300GHz
CPU,,AMD,A4-9120 APU (2016 M.SR),1347,29.2,1643,https://cpu.userbenchmark.com/SpeedTest/308751/AMD-A4-9120-RADEON-R3-4-COMPUTE-CORES-2C-2G
CPU,AM9220AYN23AC,AMD,A6-9220 APU (2016 M.SR),1348,29.2,4762,https://cpu.userbenchmark.com/SpeedTest/300155/AMD-A6-9220-RADEON-R4-5-COMPUTE-CORES-2C-3G
CPU,,Intel,Celeron J3455,1349,29.1,3455,https://cpu.userbenchmark.com/SpeedTest/200485/IntelR-CeleronR-CPU-J3455---150GHz
CPU,,Intel,Celeron N2830,1350,29.1,10608,https://cpu.userbenchmark.com/SpeedTest/12104/IntelR-CeleronR-CPU--N2830----216GHz
CPU,,Intel,Pentium Dual T2330,1351,29.1,867,https://cpu.userbenchmark.com/SpeedTest/6733/IntelR-PentiumR-Dual--CPU--T2330----160GHz
CPU,,Intel,Pentium Dual T2310,1352,29,450,https://cpu.userbenchmark.com/SpeedTest/2719/IntelR-PentiumR-Dual--CPU--T2310----146GHz
CPU,AM9200AKN23AC,AMD,A6-9200 APU (2016 M.SR),1353,28.9,1116,https://cpu.userbenchmark.com/SpeedTest/252093/AMD-A6-9200-RADEON-R4-5-COMPUTE-CORES-2C-3G
CPU,,Intel,Pentium Dual T2390,1354,28.8,1249,https://cpu.userbenchmark.com/SpeedTest/2090/IntelR-PentiumR-Dual--CPU--T2390----186GHz
CPU,,AMD,A9-9420 APU (2016 M.SR),1355,28.4,14746,https://cpu.userbenchmark.com/SpeedTest/297050/AMD-A9-9420-RADEON-R5-5-COMPUTE-CORES-2C-3G
CPU,,Intel,Celeron N2840,1356,28.4,20923,https://cpu.userbenchmark.com/SpeedTest/16086/IntelR-CeleronR-CPU--N2840----216GHz
CPU,FH8068003067416,Intel,Celeron J4005,1357,28.3,1572,https://cpu.userbenchmark.com/SpeedTest/473105/IntelR-CeleronR-J4005-CPU---200GHz
CPU,,Intel,Pentium 4 2.80GHz,1358,28.1,1546,https://cpu.userbenchmark.com/SpeedTest/3163/--------------IntelR-PentiumR-4-CPU-280GHz
CPU,,AMD,E2-9000 APU (2016 M.SR),1359,28,1803,https://cpu.userbenchmark.com/SpeedTest/339888/AMD-E2-9000-RADEON-R2-4-COMPUTE-CORES-2C-2G
CPU,,AMD,E2-9010 APU (2016 M.SR),1360,27.9,275,https://cpu.userbenchmark.com/SpeedTest/175091/AMD-E2-9010-RADEON-R2-4-COMPUTE-CORES-2C-2G
CPU,,Intel,Pentium M processor 1.73GHz,1361,27.9,318,https://cpu.userbenchmark.com/SpeedTest/7488/--------IntelR-PentiumR-M-processor-173GHz
CPU,,Intel,Celeron N3160,1362,27.6,1747,https://cpu.userbenchmark.com/SpeedTest/166661/IntelR-CeleronR-CPU--N3160----160GHz
CPU,,Intel,Celeron N2815,1363,27.4,1028,https://cpu.userbenchmark.com/SpeedTest/9736/IntelR-CeleronR-CPU--N2815----186GHz
CPU,,Intel,Atom x7-Z8700,1364,27.3,2330,https://cpu.userbenchmark.com/SpeedTest/27122/IntelR-AtomTM-x7-Z8700--CPU---160GHz
CPU,,Intel,Celeron N2820,1365,27.3,2102,https://cpu.userbenchmark.com/SpeedTest/5994/IntelR-CeleronR-CPU--N2820----213GHz
CPU,,AMD,E2-2000 APU (2012 M.Za),1366,27.1,927,https://cpu.userbenchmark.com/SpeedTest/10908/AMD-E2-2000-APU-with-Radeontm-HD-Graphics
CPU,,AMD,A9-9425 APU (2016 M.SR),1367,27.1,15014,https://cpu.userbenchmark.com/SpeedTest/496441/AMD-A9-9425-RADEON-R5-5-COMPUTE-CORES-2C-3G
CPU,,Intel,Celeron N3450,1368,27,6637,https://cpu.userbenchmark.com/SpeedTest/208922/IntelR-CeleronR-CPU-N3450---110GHz
CPU,,AMD,Sempron 3000+,1369,26.8,276,https://cpu.userbenchmark.com/SpeedTest/3648/AMD-Semprontm-Processor-3000-
CPU,,Intel,Atom x7-Z8750,1370,26.7,376,https://cpu.userbenchmark.com/SpeedTest/177483/IntelR-AtomTM-x7-Z8750--CPU---160GHz
CPU,,AMD,Sempron 2800+,1371,26.7,158,https://cpu.userbenchmark.com/SpeedTest/4755/AMD-Semprontm-Processor-2800-
CPU,,AMD,A4-5000 APU,1372,26.6,10330,https://cpu.userbenchmark.com/SpeedTest/5321/AMD-A4-5000-APU-with-RadeonTM-HD-Graphics
CPU,,Intel,Atom x5-Z8550,1373,26.6,611,https://cpu.userbenchmark.com/SpeedTest/195658/IntelR-AtomTM-x5-Z8550--CPU---144GHz
CPU,,Intel,Atom D2700,1374,26.4,250,https://cpu.userbenchmark.com/SpeedTest/7623/IntelR-AtomTM-CPU-D2700-----213GHz
CPU,,AMD,A6-7000 APU (2014 M.Ka),1375,26.3,246,https://cpu.userbenchmark.com/SpeedTest/27400/AMD-A6-7000-Radeon-R4-5-Compute-Cores-2C-3G
CPU,,Intel,Celeron N3150,1376,26.3,3131,https://cpu.userbenchmark.com/SpeedTest/28103/IntelR-CeleronR-CPU--N3150----160GHz
CPU,,Intel,Pentium N3700,1377,26.2,11299,https://cpu.userbenchmark.com/SpeedTest/33474/IntelR-PentiumR-CPU--N3700----160GHz
CPU,,Intel,Atom x5-Z8500,1378,26.1,821,https://cpu.userbenchmark.com/SpeedTest/38612/IntelR-AtomTM-x5-Z8500--CPU---144GHz
CPU,,AMD,E2-9000e APU (2016 M.SR),1379,26.1,3540,https://cpu.userbenchmark.com/SpeedTest/321458/AMD-E2-9000e-RADEON-R2-4-COMPUTE-CORES-2C-2G
CPU,,Intel,Pentium D 2.66GHz,1380,26.1,394,https://cpu.userbenchmark.com/SpeedTest/4781/-------------IntelR-PentiumR-D--CPU-266GHz
CPU,,Intel,Atom N2800,1381,26,451,https://cpu.userbenchmark.com/SpeedTest/8985/IntelR-AtomTM-CPU-N2800-----186GHz
CPU,,AMD,E-450 APU,1382,25.8,9307,https://cpu.userbenchmark.com/SpeedTest/2189/AMD-E-450-APU-with-Radeontm-HD-Graphics
CPU,,Intel,Pentium M processor 1.60GHz,1383,25.5,163,https://cpu.userbenchmark.com/SpeedTest/4076/--------IntelR-PentiumR-M-processor-160GHz
CPU,EM1800GBB22GV,AMD,E2-1800 APU (2012 M.Za),1384,25.4,3595,https://cpu.userbenchmark.com/SpeedTest/839/AMD-E2-1800-APU-with-Radeontm-HD-Graphics
CPU,,Intel,Pentium 4 2.60GHz,1385,25.4,87,https://cpu.userbenchmark.com/SpeedTest/5254/--------------IntelR-PentiumR-4-CPU-260GHz
CPU,,AMD,E-350,1386,25.4,6654,https://cpu.userbenchmark.com/SpeedTest/5356/AMD-E-350-Processor
CPU,,Intel,Pentium N3710,1387,25.1,12685,https://cpu.userbenchmark.com/SpeedTest/141841/IntelR-PentiumR-CPU--N3710----160GHz
CPU,,Intel,Celeron M 430,1388,25.1,164,https://cpu.userbenchmark.com/SpeedTest/4999/IntelR-CeleronR-M-CPU--------430----173GHz
CPU,,Intel,Pentium 4 3.06GHz,1389,25,856,https://cpu.userbenchmark.com/SpeedTest/614/--------------IntelR-PentiumR-4-CPU-306GHz
CPU,,Intel,Celeron J3355,1390,24.9,929,https://cpu.userbenchmark.com/SpeedTest/247225/IntelR-CeleronR-CPU-J3355---200GHz
CPU,,Intel,Celeron N3010,1391,24.4,352,https://cpu.userbenchmark.com/SpeedTest/195388/IntelR-CeleronR-CPU--N3010----104GHz
CPU,FH8068003067417,Intel,Celeron N4000,1392,23.8,14024,https://cpu.userbenchmark.com/SpeedTest/503050/IntelR-CeleronR-N4000-CPU---110GHz
CPU,,Intel,Atom x5-Z8300,1393,23.7,3228,https://cpu.userbenchmark.com/SpeedTest/37765/IntelR-AtomTM-x5-Z8300--CPU---144GHz
CPU,,Intel,Pentium 4 2.40GHz,1394,23.4,212,https://cpu.userbenchmark.com/SpeedTest/5589/--------------IntelR-PentiumR-4-CPU-240GHz
CPU,,AMD,E1-1200 APU,1395,23.2,6904,https://cpu.userbenchmark.com/SpeedTest/2118/AMD-E1-1200-APU-with-Radeontm-HD-Graphics
CPU,,Intel,Pentium 4 2.66GHz,1396,23,228,https://cpu.userbenchmark.com/SpeedTest/4462/--------------IntelR-PentiumR-4-CPU-266GHz
CPU,,Intel,Atom D525,1397,22.9,2196,https://cpu.userbenchmark.com/SpeedTest/5666/IntelR-AtomTM-CPU-D525-----180GHz
CPU,,Intel,Celeron N3000,1398,22.9,201,https://cpu.userbenchmark.com/SpeedTest/34511/IntelR-CeleronR-CPU--N3000----104GHz
CPU,,AMD,C-60 APU,1399,22.8,2297,https://cpu.userbenchmark.com/SpeedTest/3147/AMD-C-60-APU-with-Radeontm-HD-Graphics
CPU,,AMD,E-300 APU,1400,22.5,7672,https://cpu.userbenchmark.com/SpeedTest/2468/AMD-E-300-APU-with-Radeontm-HD-Graphics
CPU,,Intel,Atom N2600,1401,21.9,2255,https://cpu.userbenchmark.com/SpeedTest/704/IntelR-AtomTM-CPU-N2600-----160GHz
CPU,,AMD,E1-7010 APU (2015 M.Ca),1402,21.8,1594,https://cpu.userbenchmark.com/SpeedTest/167591/AMD-E1-7010-APU-with-AMD-Radeon-R2-Graphics
CPU,,Intel,Atom N570,1403,21.5,1295,https://cpu.userbenchmark.com/SpeedTest/3881/IntelR-AtomTM-CPU-N570-----166GHz
CPU,,Intel,Celeron 2.80GHz,1404,21.4,48,https://cpu.userbenchmark.com/SpeedTest/8814/IntelR-CeleronR-CPU-280GHz
CPU,,Intel,Atom x5-Z8350,1405,21.4,9056,https://cpu.userbenchmark.com/SpeedTest/143924/IntelR-AtomTM-x5-Z8350--CPU---144GHz
CPU,,Intel,Celeron M processor 1.50GHz,1406,21.3,71,https://cpu.userbenchmark.com/SpeedTest/5383/IntelR-CeleronR-M-processor---------150GHz
CPU,,AMD,C-50,1407,21.2,1781,https://cpu.userbenchmark.com/SpeedTest/3082/AMD-C-50-Processor
CPU,,Intel,Celeron N4020,1408,21.2,5047,https://cpu.userbenchmark.com/SpeedTest/1134763/IntelR-CeleronR-N4020-CPU---110GHz
CPU,,Intel,Celeron N3350,1409,20.9,14922,https://cpu.userbenchmark.com/SpeedTest/197164/IntelR-CeleronR-CPU-N3350---110GHz
CPU,,AMD,E1-2500 APU,1410,20.9,2593,https://cpu.userbenchmark.com/SpeedTest/9778/AMD-E1-2500-APU-with-RadeonTM-HD-Graphics
CPU,,Intel,Celeron D 3.06GHz,1411,20.7,305,https://cpu.userbenchmark.com/SpeedTest/13158/IntelR-CeleronR-D-CPU-306GHz
CPU,,Intel,Atom N550,1412,20.7,837,https://cpu.userbenchmark.com/SpeedTest/182/IntelR-AtomTM-CPU-N550-----150GHz
CPU,,Intel,Atom N455,1413,20.7,2770,https://cpu.userbenchmark.com/SpeedTest/2394/IntelR-AtomTM-CPU-N455-----166GHz
CPU,,Intel,Atom 330,1414,20.6,1012,https://cpu.userbenchmark.com/SpeedTest/1917/IntelR-AtomTM-CPU--330-----160GHz
CPU,,Intel,Atom N450,1415,20.4,2527,https://cpu.userbenchmark.com/SpeedTest/3190/IntelR-AtomTM-CPU-N450-----166GHz
CPU,,Intel,Atom N280,1416,20.3,607,https://cpu.userbenchmark.com/SpeedTest/4556/---------IntelR-AtomTM-CPU-N280-----166GHz
CPU,,Intel,Atom N270,1417,20.1,3302,https://cpu.userbenchmark.com/SpeedTest/2697/IntelR-AtomTM-CPU-N270-----160GHz
CPU,,Intel,Atom D510,1418,20,463,https://cpu.userbenchmark.com/SpeedTest/5452/IntelR-AtomTM-CPU-D510-----166GHz
CPU,,Intel,Atom 230,1419,19.2,273,https://cpu.userbenchmark.com/SpeedTest/5251/IntelR-AtomTM-CPU--230-----160GHz
CPU,,Intel,Celeron N3050,1420,19,14457,https://cpu.userbenchmark.com/SpeedTest/31154/IntelR-CeleronR-CPU--N3050----160GHz
CPU,,Intel,Celeron N3060,1421,18.4,20242,https://cpu.userbenchmark.com/SpeedTest/130019/IntelR-CeleronR-CPU--N3060----160GHz
CPU,,AMD,E1-2100 APU,1422,17.5,4569,https://cpu.userbenchmark.com/SpeedTest/7613/AMD-E1-2100-APU-with-RadeonTM-HD-Graphics
CPU,,Intel,Atom Z520,1423,17.3,275,https://cpu.userbenchmark.com/SpeedTest/4161/---------IntelR-AtomTM-CPU-Z520-----133GHz
CPU,,AMD,A4-1250 APU,1424,17.2,724,https://cpu.userbenchmark.com/SpeedTest/8678/AMD-A4-1250-APU-with-RadeonTM-HD-Graphics
CPU,,AMD,A4-1200 APU,1425,17.1,480,https://cpu.userbenchmark.com/SpeedTest/2520/AMD-A4-1200-APU-with-RadeonTM-HD-Graphics
CPU,,AMD,Phenom 9600,1426,16,734,https://cpu.userbenchmark.com/SpeedTest/7248/AMD-Phenomtm-9600-Quad-Core-Processor
CPU,,AMD,Phenom 9500,1427,14.7,1146,https://cpu.userbenchmark.com/SpeedTest/1692/AMD-Phenomtm-9500-Quad-Core-Processor
