Type,Part Number,Brand,Model,Rank,Benchmark,Samples,URL
SSD,WDS400T1X0M,WD,Black SN8100 M.2 4TB,1,716,426,https://ssd.userbenchmark.com/WD-Black-SN8100-M2-4TB/Rating/4189
SSD,WDS200T1X0M,WD,Black SN8100 M.2 2TB,2,684,2282,https://ssd.userbenchmark.com/WD-Black-SN8100-M2-2TB/Rating/4188
SSD,CT4000T705SSD3,Crucial,T705 M.2 4TB,3,673,1275,https://ssd.userbenchmark.com/Crucial-T705-M2-4TB/Rating/4168
SSD,CT4000T705SSD5,Crucial,T705 M.2 4TB,3,673,1275,https://ssd.userbenchmark.com/Crucial-T705-M2-4TB/Rating/4168
SSD,CT4000T700SSD3,Crucial,T700 M.2 4TB,4,637,2039,https://ssd.userbenchmark.com/Crucial-T700-M2-4TB/Rating/4165
SSD,CT4000T700SSD5,Crucial,T700 M.2 4TB,4,637,2039,https://ssd.userbenchmark.com/Crucial-T700-M2-4TB/Rating/4165
SSD,MZ-VAP2T0BW,Samsung,9100 Pro M.2 2TB,5,632,9149,https://ssd.userbenchmark.com/SpeedTest/2400738/Samsung-SSD-9100-PRO-2TB
SSD,MZ-VAP2T0B/AM,Samsung,9100 Pro M.2 2TB,5,632,9149,https://ssd.userbenchmark.com/SpeedTest/2400738/Samsung-SSD-9100-PRO-2TB
SSD,MZ-VAP4T0BW,Samsung,9100 Pro M.2 4TB,6,631,3818,https://ssd.userbenchmark.com/SpeedTest/2400637/Samsung-SSD-9100-PRO-4TB
SSD,MZ-VAP4T0B/AM,Samsung,9100 Pro M.2 4TB,6,631,3818,https://ssd.userbenchmark.com/SpeedTest/2400637/Samsung-SSD-9100-PRO-4TB
SSD,LNM109P004T,Lexar,NM1090 Pro M.2 4TB,7,609,44,https://ssd.userbenchmark.com/SpeedTest/2427415/Lexar-SSD-NM1090-PRO-4TB
SSD,CT2000T705SSD3,Crucial,T705 M.2 2TB,8,607,3337,https://ssd.userbenchmark.com/Crucial-T705-M2-2TB/Rating/4167
SSD,CT2000T705SSD5,Crucial,T705 M.2 2TB,8,607,3337,https://ssd.userbenchmark.com/Crucial-T705-M2-2TB/Rating/4167
SSD,WDS100T1X0M,WD,Black SN8100 M.2 1TB,9,601,557,https://ssd.userbenchmark.com/WD-Black-SN8100-M2-1TB/Rating/4190
SSD,CT4000T710SSD8,Crucial,T710 M.2 4TB,10,589,399,https://ssd.userbenchmark.com/SpeedTest/2434211/CT4000T710SSD8
SSD,CT2000T700SSD3,Crucial,T700 M.2 2TB,11,587,5216,https://ssd.userbenchmark.com/Crucial-T700-M2-2TB/Rating/4164
SSD,CT2000T700SSD5,Crucial,T700 M.2 2TB,11,587,5216,https://ssd.userbenchmark.com/Crucial-T700-M2-2TB/Rating/4164
SSD,MZ-VAP1T0BW,Samsung,9100 Pro M.2 1TB,12,548,3378,https://ssd.userbenchmark.com/SpeedTest/2401272/Samsung-SSD-9100-PRO-1TB
SSD,MZ-VAP1T0B/AM,Samsung,9100 Pro M.2 1TB,12,548,3378,https://ssd.userbenchmark.com/SpeedTest/2401272/Samsung-SSD-9100-PRO-1TB
SSD,CT2000T710SSD8,Crucial,T710 M.2 2TB,13,544,648,https://ssd.userbenchmark.com/SpeedTest/2429265/CT2000T710SSD8
SSD,LNM109P002T,Lexar,NM1090 Pro M.2 2TB,14,540,191,https://ssd.userbenchmark.com/SpeedTest/2403806/Lexar-SSD-NM1090-PRO-2TB
SSD,CT1000T705SSD3,Crucial,T705 M.2 1TB,15,530,2275,https://ssd.userbenchmark.com/Crucial-T705-M2-1TB/Rating/4166
SSD,CT1000T705SSD5,Crucial,T705 M.2 1TB,15,530,2275,https://ssd.userbenchmark.com/Crucial-T705-M2-1TB/Rating/4166
SSD,WDS400T2X0E,WD,Black SN850X M.2 4TB,16,503,18165,https://ssd.userbenchmark.com/WD-Black-SN850X-M2-4TB/Rating/4159
SSD,WDS800T2X0E,WD,Black SN850X M.2 8TB,17,501,804,https://ssd.userbenchmark.com/SpeedTest/2354098/WD-BLACK-SN850X-8000GB
SSD,CT1000T700SSD3,Crucial,T700 M.2 1TB,18,491,6037,https://ssd.userbenchmark.com/Crucial-T700-M2-1TB/Rating/4163
SSD,CT1000T700SSD5,Crucial,T700 M.2 1TB,18,491,6037,https://ssd.userbenchmark.com/Crucial-T700-M2-1TB/Rating/4163
SSD,LNM109P001T,Lexar,NM1090 Pro M.2 1TB,19,468,246,https://ssd.userbenchmark.com/SpeedTest/2407660/Lexar-SSD-NM1090-PRO-1TB
SSD,WDS200T2X0E,WD,Black SN850X M.2 2TB,20,456,77193,https://ssd.userbenchmark.com/WD-Black-SN850X-M2-2TB/Rating/4158
SSD,MZ-V9P4T0BW,Samsung,990 Pro M.2 4TB,21,417,36755,https://ssd.userbenchmark.com/Samsung-990-Pro-M2-4TB/Rating/4162
SSD,MZ-V9P4T0B/AM,Samsung,990 Pro M.2 4TB,21,417,36755,https://ssd.userbenchmark.com/Samsung-990-Pro-M2-4TB/Rating/4162
SSD,SSDPED1D960GAX1,Intel,905P Optane NVMe PCIe 960GB,22,412,676,https://ssd.userbenchmark.com/SpeedTest/498903/INTEL-SSDPED1D960GAY
SSD,WDS200T1X0E,WD,Black SN850 NVMe PCIe M.2 2TB,23,411,2177,https://ssd.userbenchmark.com/SpeedTest/1363185/WD-BLACK-SN850-2TB
SSD,SSDPED1D480GASX,Intel,900P Optane NVMe PCIe 480GB,24,408,2947,https://ssd.userbenchmark.com/SpeedTest/375784/INTEL-SSDPED1D480GA
SSD,SSDPE21D480GASX,Intel,900P Optane NVMe PCIe 480GB,24,408,2947,https://ssd.userbenchmark.com/SpeedTest/375784/INTEL-SSDPED1D480GA
SSD,MZ-V9P2T0BW,Samsung,990 Pro M.2 2TB,25,406,142759,https://ssd.userbenchmark.com/Samsung-990-Pro-M2-2TB/Rating/4161
SSD,MZ-V9P2T0B/AM,Samsung,990 Pro M.2 2TB,25,406,142759,https://ssd.userbenchmark.com/Samsung-990-Pro-M2-2TB/Rating/4161
SSD,WDS100T2X0E,WD,Black SN850X M.2 1TB,26,396,70123,https://ssd.userbenchmark.com/WD-Black-SN850X-M2-1TB/Rating/4157
SSD,CT2000P5PSSD8,Crucial,P5 Plus NVMe PCIe M.2 2TB,27,389,24199,https://ssd.userbenchmark.com/SpeedTest/1638983/CT2000P5PSSD8
SSD,MZ-V9S4T0BW,Samsung,990 Evo Plus M.2 4TB,28,381,6585,https://ssd.userbenchmark.com/Samsung-990-Evo-Plus-M2-4TB/Rating/4178
SSD,MZ-V9S4T0B/AM,Samsung,990 Evo Plus M.2 4TB,28,381,6585,https://ssd.userbenchmark.com/Samsung-990-Evo-Plus-M2-4TB/Rating/4178
SSD,WDS100T1X0E,WD,Black SN850 NVMe PCIe M.2 1TB,29,380,15320,https://ssd.userbenchmark.com/SpeedTest/1348947/WD-BLACK-SN850-1TB
SSD,MZ-V8P2T0B,Samsung,980 Pro NVMe PCIe M.2 2TB,30,373,228435,https://ssd.userbenchmark.com/SpeedTest/1454302/Samsung-SSD-980-PRO-2TB
SSD,MZ-V9P1T0BW,Samsung,990 Pro M.2 1TB,31,369,84027,https://ssd.userbenchmark.com/Samsung-990-Pro-M2-1TB/Rating/4160
SSD,MZ-V9P1T0B/AM,Samsung,990 Pro M.2 1TB,31,369,84027,https://ssd.userbenchmark.com/Samsung-990-Pro-M2-1TB/Rating/4160
SSD,SSDPED1D280GASX,Intel,900P Optane NVMe PCIe 280GB,32,362,5560,https://ssd.userbenchmark.com/SpeedTest/315555/INTEL-SSDPED1D280GA
SSD,SSDPE21D280GASX,Intel,900P Optane NVMe PCIe 280GB,32,362,5560,https://ssd.userbenchmark.com/SpeedTest/315555/INTEL-SSDPED1D280GA
SSD,MZ-V9S2T0BW,Samsung,990 Evo Plus M.2 2TB,33,358,23410,https://ssd.userbenchmark.com/Samsung-990-Evo-Plus-M2-2TB/Rating/4177
SSD,MZ-V9S2T0B/AM,Samsung,990 Evo Plus M.2 2TB,33,358,23410,https://ssd.userbenchmark.com/Samsung-990-Evo-Plus-M2-2TB/Rating/4177
SSD,MZ-V8P1T0B,Samsung,980 Pro NVMe PCIe M.2 1TB,34,345,452996,https://ssd.userbenchmark.com/SpeedTest/1302577/Samsung-SSD-980-PRO-1TB
SSD,CT1000P5PSSD8,Crucial,P5 Plus NVMe PCIe M.2 1TB,35,344,43068,https://ssd.userbenchmark.com/SpeedTest/1627622/CT1000P5PSSD8
SSD,WDS500G1X0E,WD ,Black SN850 NVMe PCIe M.2 500GB,36,325,1628,https://ssd.userbenchmark.com/SpeedTest/1366573/WD-BLACK-SN850-500GB
SSD,MZ-V7S2T0BW,Samsung,970 Evo Plus NVMe PCIe M.2 2TB,37,315,248584,https://ssd.userbenchmark.com/SpeedTest/798635/Samsung-SSD-970-EVO-Plus-2TB
SSD,MZ-V7S2T0B/AM,Samsung,970 Evo Plus NVMe PCIe M.2 2TB,37,315,248584,https://ssd.userbenchmark.com/SpeedTest/798635/Samsung-SSD-970-EVO-Plus-2TB
SSD,CT500P5PSSD8,Crucial,P5 Plus NVMe PCIe M.2 500GB,38,302,17775,https://ssd.userbenchmark.com/SpeedTest/1633274/CT500P5PSSD8
SSD,GP-ASM2NE6200TTTD,Gigabyte,Aorus NVMe PCIe M.2 2TB,39,301,9242,https://ssd.userbenchmark.com/SpeedTest/844144/GIGABYTE-GP-ASM2NE6200TTTD
SSD,MZ-V8P500B,Samsung,980 Pro NVMe PCIe M.2 500GB,40,301,137048,https://ssd.userbenchmark.com/SpeedTest/1307906/Samsung-SSD-980-PRO-500GB
SSD,SB-ROCKET-NVMe4-2TB,Sabrent,Rocket 4 NVMe PCIe M.2 2TB,41,298,14696,https://ssd.userbenchmark.com/SpeedTest/847932/Sabrent-ROCKET-40-2TB
SSD,MZ-V9S1T0BW,Samsung,990 Evo Plus M.2 1TB,42,295,17020,https://ssd.userbenchmark.com/Samsung-990-Evo-Plus-M2-1TB/Rating/4176
SSD,MZ-V9S1T0B/AM,Samsung,990 Evo Plus M.2 1TB,42,295,17020,https://ssd.userbenchmark.com/Samsung-990-Evo-Plus-M2-1TB/Rating/4176
SSD,MZ-V7P1T0BW,Samsung,970 Pro NVMe PCIe M.2 1TB,43,294,67953,https://ssd.userbenchmark.com/SpeedTest/497261/Samsung-SSD-970-PRO-1TB
SSD,MZ-V9E2T0B,Samsung,990 Evo M.2 2TB,44,292,8901,https://ssd.userbenchmark.com/SpeedTest/2282283/Samsung-SSD-990-EVO-2TB
SSD,SSDPEKNU020TZX1,Intel,670p NVMe PCIe M.2 2TB,45,288,7169,https://ssd.userbenchmark.com/SpeedTest/1393067/INTEL-SSDPEKNU020TZ
SSD,MZ-V7S1T0BW,Samsung,970 Evo Plus NVMe PCIe M.2 1TB,46,287,869653,https://ssd.userbenchmark.com/SpeedTest/693540/Samsung-SSD-970-EVO-Plus-1TB
SSD,MZ-V7S1T0B/AM,Samsung,970 Evo Plus NVMe PCIe M.2 1TB,46,287,869653,https://ssd.userbenchmark.com/SpeedTest/693540/Samsung-SSD-970-EVO-Plus-1TB
SSD,CSSD-F2000GBMP600,Corsair,Force MP600 NVMe PCIe M.2 2TB,47,284,18714,https://ssd.userbenchmark.com/SpeedTest/841469/Force-MP600
SSD,MZ-V7P512BW,Samsung,970 Pro NVMe PCIe M.2 512GB,48,280,184932,https://ssd.userbenchmark.com/SpeedTest/498971/Samsung-SSD-970-PRO-512GB
SSD,SSDPEK1W060GA01,Intel,800p NVMe PCIe M.2 58GB,49,279,137,https://ssd.userbenchmark.com/SpeedTest/483445/NVMe-INTEL-SSDPEK1W06
SSD,WDS250G3X0E,WD,Black SN770 NVMe PCIe M.2 250GB,50,278,2475,https://ssd.userbenchmark.com/SpeedTest/1801563/WD-BLACK-SN770-250GB
SSD,MZ-V7E1T0BW,Samsung,970 Evo NVMe PCIe M.2 1TB,51,274,542617,https://ssd.userbenchmark.com/SpeedTest/494791/Samsung-SSD-970-EVO-1TB
SSD,5MS24AA#ABC,HP,EX950 NVMe PCIe M.2 2TB,52,272,3855,https://ssd.userbenchmark.com/SpeedTest/710813/HP-SSD-EX950-2TB
SSD,SSDPEK1W120GA01,Intel,800p NVMe PCIe M.2 118GB,53,270,187,https://ssd.userbenchmark.com/SpeedTest/489136/NVMe-INTEL-SSDPEK1W12
SSD,SB-ROCKET-NVMe4-1TB,Sabrent,Rocket 4 NVMe PCIe M.2 1TB,54,269,90201,https://ssd.userbenchmark.com/SpeedTest/844208/Sabrent-ROCKET-40-1TB
SSD,CSSD-F1000GBMP600,Corsair,Force MP600 NVMe PCIe M.2 1TB,55,267,78294,https://ssd.userbenchmark.com/SpeedTest/843047/Force-MP600
SSD,MZ-V7E2T0BW,Samsung,970 Evo NVMe PCIe M.2 2TB,56,266,17348,https://ssd.userbenchmark.com/SpeedTest/501128/Samsung-SSD-970-EVO-2TB
SSD,MZ-V7S500BW,Samsung,970 Evo Plus NVMe PCIe M.2 500GB,57,264,777976,https://ssd.userbenchmark.com/SpeedTest/700020/Samsung-SSD-970-EVO-Plus-500GB
SSD,MZ-V7S500B/AM,Samsung,970 Evo Plus NVMe PCIe M.2 500GB,57,264,777976,https://ssd.userbenchmark.com/SpeedTest/700020/Samsung-SSD-970-EVO-Plus-500GB
SSD,ASX8200PNP-2TT-C,Adata,XPG SX8200 Pro NVMe PCIe M.2 2TB,58,264,817,https://ssd.userbenchmark.com/SpeedTest/892867/NVMe-ADATA-SX8200PNP
SSD,CT1000P5SSD8,Crucial,P5 3D NVMe PCIe M.2 1TB,59,263,45601,https://ssd.userbenchmark.com/SpeedTest/1217319/CT1000P5SSD8
SSD,GP-ASM2NE6100TTTD,Gigabyte,Aorus NVMe PCIe M.2 1TB,60,261,34720,https://ssd.userbenchmark.com/SpeedTest/842989/GIGABYTE-GP-ASM2NE6100TTTD
SSD,CT2000P5SSD8,Crucial,P5 3D NVMe PCIe M.2 2TB,61,260,8754,https://ssd.userbenchmark.com/SpeedTest/1232397/CT2000P5SSD8
SSD,MZ-V9E1T0B,Samsung,990 Evo M.2 1TB,62,258,11527,https://ssd.userbenchmark.com/SpeedTest/2283133/Samsung-SSD-990-EVO-1TB
SSD,ZP2000GM300,Seagate,FireCuda 510 NVMe PCIe M.2 2TB,63,257,3524,https://ssd.userbenchmark.com/SpeedTest/827002/Seagate-FireCuda-510-SSD-ZP2000GM30001
SSD,MZ-V6P2T0BW,Samsung,960 Pro NVMe PCIe M.2 2TB,64,257,4626,https://ssd.userbenchmark.com/SpeedTest/215493/Samsung-SSD-960-PRO-2TB
SSD,ASX8200PNP-1TT-C,Adata,XPG SX8200 Pro NVMe PCIe M.2 1TB,65,256,153583,https://ssd.userbenchmark.com/SpeedTest/638791/ADATA-SX8200PNP
SSD,MZ-V8P250BW,Samsung,980 Pro NVMe PCIe M.2 250GB,66,251,33706,https://ssd.userbenchmark.com/SpeedTest/1311638/Samsung-SSD-980-PRO-250GB
SSD,5MS23AA#ABC,HP,EX950 NVMe PCIe M.2 1TB,67,251,8962,https://ssd.userbenchmark.com/SpeedTest/706053/HP-SSD-EX950-1TB
SSD,WDS100T3X0C,WD,Black SN750 NVMe PCIe M.2 1TB (2019),68,250,201005,https://ssd.userbenchmark.com/SpeedTest/703216/WDS100T3X0C-00SJG0
SSD,MZ-V7E500BW,Samsung,970 Evo NVMe PCIe M.2 500GB,69,248,769322,https://ssd.userbenchmark.com/SpeedTest/493995/Samsung-SSD-970-EVO-500GB
SSD,WDS200T3X0C,WD,Black SN750 NVMe PCIe M.2 2TB (2019),70,245,7796,https://ssd.userbenchmark.com/SpeedTest/764887/WDS200T3X0C-00SJG0
SSD,MZ-V6P1T0BW,Samsung,960 Pro NVMe PCIe M.2 1TB,71,244,31318,https://ssd.userbenchmark.com/SpeedTest/200815/Samsung-SSD-960-PRO-1TB
SSD,SDSSDXPM2-1T00-G25,SanDisk,Extreme Pro NVMe PCIe M.2 1TB (2018),72,242,6755,https://ssd.userbenchmark.com/SpeedTest/493695/SanDisk-Extreme-Pro-1TB
SSD,WDS100T2X0C,WD,Black NVMe PCIe M.2 1TB (2018),73,235,10958,https://ssd.userbenchmark.com/SpeedTest/486281/WDS100T2X0C-00L350
SSD,MZ-V6E1T0BW,Samsung,960 Evo NVMe PCIe M.2 1TB,74,232,66461,https://ssd.userbenchmark.com/SpeedTest/211052/Samsung-SSD-960-EVO-1TB
SSD,CT500P5SSD8,Crucial,P5 3D NVMe PCIe M.2 500GB,75,231,39546,https://ssd.userbenchmark.com/SpeedTest/1213080/CT500P5SSD8
SSD,MZ-V6P512BW,Samsung,960 Pro NVMe PCIe M.2 512GB,76,231,108855,https://ssd.userbenchmark.com/SpeedTest/182182/Samsung-SSD-960-PRO-512GB
SSD,5MS22AA#ABC,HP,EX950 NVMe PCIe M.2 512GB,77,230,5008,https://ssd.userbenchmark.com/SpeedTest/705098/HP-SSD-EX950-512GB
SSD,MZ-V8V1T0B,Samsung,980 NVMe PCIe M.2 1TB,78,229,329695,https://ssd.userbenchmark.com/SpeedTest/1488476/Samsung-SSD-980-1TB
SSD,SB-ROCKET-NVMe4-500,Sabrent,Rocket 4 NVMe PCIe M.2 500GB,79,229,25490,https://ssd.userbenchmark.com/SpeedTest/905105/Sabrent-Rocket-40-500GB
SSD,MZ-V7S250BW,Samsung,970 Evo Plus NVMe PCIe M.2 250GB,80,228,288101,https://ssd.userbenchmark.com/SpeedTest/711305/Samsung-SSD-970-EVO-Plus-250GB
SSD,MZ-V7S250B/AM,Samsung,970 Evo Plus NVMe PCIe M.2 250GB,80,228,288101,https://ssd.userbenchmark.com/SpeedTest/711305/Samsung-SSD-970-EVO-Plus-250GB
SSD,2YY47AA#ABC,HP,EX920 NVMe PCIe M.2 1TB,81,228,26138,https://ssd.userbenchmark.com/SpeedTest/488611/HP-SSD-EX920-1TB
SSD,WDS100T1B0E,WD,Black SN750 SE NVMe PCIe M.2 1TB,82,227,39970,https://ssd.userbenchmark.com/SpeedTest/1625969/WD-BLACK-SN750-SE-1TB
SSD,SB-ROCKET-4TB,Sabrent,Rocket NVMe PCIe M.2 4TB,83,226,763,https://ssd.userbenchmark.com/SpeedTest/953820/Sabrent
SSD,SSDPEKNU010TZX1,Intel,670p NVMe PCIe M.2 1TB,84,226,30226,https://ssd.userbenchmark.com/SpeedTest/1493432/INTEL-SSDPEKNU010TZ
SSD,MZVLB1T0HALR,Samsung,PM981 NVMe PCIe M.2 1TB,85,223,55245,https://ssd.userbenchmark.com/SpeedTest/413203/PM981-NVMe-Samsung-1024GB
SSD,WDS500G3X0C,WD,Black SN750 NVMe PCIe M.2 500GB (2019),86,222,223158,https://ssd.userbenchmark.com/SpeedTest/701228/WDS500G3X0C-00SJG0
SSD,ASX8200PNP-512GT-C,Adata,XPG SX8200 Pro NVMe PCIe M.2 512GB,87,221,164953,https://ssd.userbenchmark.com/SpeedTest/634807/ADATA-SX8200PNP
SSD,CSSD-F1920GBMP510,Corsair,Force NVMe PCIe M.2 2TB,88,217,7951,https://ssd.userbenchmark.com/SpeedTest/633975/Force-MP510
SSD,ASX8200NP-960GT-C,Adata,XPG SX8200 NVMe PCIe M.2 960GB,89,217,4948,https://ssd.userbenchmark.com/SpeedTest/504709/ADATA-SX8200NP
SSD,MZ-V7E250BW,Samsung,970 Evo NVMe PCIe M.2 250GB,90,216,408835,https://ssd.userbenchmark.com/SpeedTest/494033/Samsung-SSD-970-EVO-250GB
SSD,SB-ROCKET-2TB,Sabrent,Rocket NVMe PCIe M.2 2TB,91,215,16977,https://ssd.userbenchmark.com/SpeedTest/847986/NVMe-Sabrent
SSD,CSSD-F960GBMP510,Corsair,Force NVMe PCIe M.2 960GB,92,215,53760,https://ssd.userbenchmark.com/SpeedTest/609454/Force-MP510
SSD,SDSSDXPM2-500G-G25,SanDisk,Extreme Pro NVMe PCIe M.2 500GB (2018),93,213,12674,https://ssd.userbenchmark.com/SpeedTest/513270/SanDisk-Extreme-Pro-500GB
SSD,MZ-V5P512BW,Samsung,950 NVMe PCIe M.2 512GB,94,211,78997,https://ssd.userbenchmark.com/SpeedTest/38554/NVMe-Samsung-SSD-950
SSD,SB-ROCKET-1TB,Sabrent,Rocket NVMe PCIe M.2 1TB,95,209,1899,https://ssd.userbenchmark.com/SpeedTest/764240/NVMe-Sabrent
SSD,MZ-V8V500B,Samsung,980 NVMe PCIe M.2 500GB,96,208,135887,https://ssd.userbenchmark.com/SpeedTest/1488477/Samsung-SSD-980-500GB
SSD,,Samsung,PM961 NVMe PCIe M.2 1TB,97,208,9406,https://ssd.userbenchmark.com/SpeedTest/165378/NVMe-SAMSUNG-MZVLW1T0
SSD,SSDPEKKW512G8XT,Intel,760p Series NVMe PCIe M.2 512GB,98,208,18076,https://ssd.userbenchmark.com/SpeedTest/433786/INTEL-SSDPEKKW512G8
SSD,WDS500G2X0C,WD,Black NVMe PCIe M.2 500GB (2018),99,208,47990,https://ssd.userbenchmark.com/SpeedTest/485459/WDS500G2X0C-00L350
SSD,WDS100T2B0C,WD,Blue SN550 NVMe PCIe M.2 1TB,100,207,321549,https://ssd.userbenchmark.com/SpeedTest/994217/WDC-WDS100T2B0C-00PXH0
SSD,CT250P5SSD8,Crucial,P5 3D NVMe PCIe M.2 250GB,101,202,2806,https://ssd.userbenchmark.com/SpeedTest/1239408/CT250P5SSD8
SSD,ZP1000GM300,Seagate,FireCuda 510 NVMe PCIe M.2 1TB,102,202,5214,https://ssd.userbenchmark.com/SpeedTest/819569/Seagate-FireCuda-510-SSD-ZP1000GM30001
SSD,MZ-V6E500BW,Samsung,960 Evo NVMe PCIe M.2 500GB,103,201,299285,https://ssd.userbenchmark.com/SpeedTest/204072/Samsung-SSD-960-EVO-500GB
SSD,WDS500G1B0E,WD,Black SN750 SE NVMe PCIe M.2 500GB,104,201,25821,https://ssd.userbenchmark.com/SpeedTest/1628435/WD-BLACK-SN750-SE-500GB
SSD,MKNSSDPL500GB-D8,Mushkin,Pilot NVMe PCIe M.2 500GB,105,200,4535,https://ssd.userbenchmark.com/SpeedTest/517228/MKNSSDPL500GB-D8
SSD,MZVKW512HMJP-00000,Samsung,SM961 NVMe PCIe M.2 512GB,106,200,36114,https://ssd.userbenchmark.com/SpeedTest/147864/NVMe-SAMSUNG-MZVKW512
SSD,ASX8200PNP-256GT-C,Adata,XPG SX8200 Pro NVMe PCIe M.2 256GB,107,200,75216,https://ssd.userbenchmark.com/SpeedTest/636955/ADATA-SX8200PNP
SSD,CT2000P2SSD8,Crucial,P2 3D NVMe PCIe M.2 2TB,108,197,18440,https://ssd.userbenchmark.com/SpeedTest/1332635/CT2000P2SSD8
SSD,SSDPEKNW020T8X1,Intel,660p NVMe PCIe M.2 2TB,109,197,58666,https://ssd.userbenchmark.com/SpeedTest/610546/INTEL-SSDPEKNW020T8
SSD,MZVLB512HAJQ,Samsung,PM981 NVMe PCIe M.2 512GB,110,196,129208,https://ssd.userbenchmark.com/SpeedTest/401452/SAMSUNG-MZVLB512HAJQ-000L2
SSD,SSDPE2MD400G401,Intel,DC P3700 Series NVMe PCIe 400GB,111,195,73,https://ssd.userbenchmark.com/SpeedTest/16595/NVMe-INTEL-SSDPEDMD40
SSD,PX-1TM8PeG,Plextor,M8Pe NVMe PCIe M.2 1TB,112,195,463,https://ssd.userbenchmark.com/SpeedTest/175630/PLEXTOR-PX-1TM8PeG
SSD,CT1000P1SSD8,Crucial,P1 3D NVMe PCIe M.2 1TB,113,195,279688,https://ssd.userbenchmark.com/SpeedTest/607339/CT1000P1SSD8
SSD,ASX8200NP-480GT-C,Adata,XPG SX8200 NVMe PCIe M.2 480GB,114,195,23501,https://ssd.userbenchmark.com/SpeedTest/482768/ADATA-SX8200NP
SSD,2YY46AA#ABC,HP,EX920 NVMe PCIe M.2 512GB,115,195,13092,https://ssd.userbenchmark.com/SpeedTest/486240/HP-SSD-EX920-512GB
SSD,SSDPEDME400G401,Intel,DC P3600 Series NVMe PCIe 400GB,116,193,44,https://ssd.userbenchmark.com/SpeedTest/22744/NVMe-INTEL-SSDPEDME40
SSD,5XM46AA#ABC,HP,EX900 NVMe PCIe M.2 1TB,117,191,221,https://ssd.userbenchmark.com/SpeedTest/695989/HP-SSD-EX900-1TB
SSD,AGAMMIXS11-480GT-C,XPG,Gammix S11 NVMe PCIe M.2 480GB,118,191,3721,https://ssd.userbenchmark.com/SpeedTest/506229/XPG-GAMMIX-S11
SSD,,Intel,Optane+ NVMe PCIe 128GB,119,189,269,https://ssd.userbenchmark.com/SpeedTest/278104/Intel-Optane-119GBSSD
SSD,MZ-V6E250BW,Samsung,960 Evo NVMe PCIe M.2 250GB,120,186,526611,https://ssd.userbenchmark.com/SpeedTest/200373/Samsung-SSD-960-EVO-250GB
SSD,CSSD-N800GBNX500,Corsair,Neutron NX500 NVMe PCIe 800GB,121,185,159,https://ssd.userbenchmark.com/SpeedTest/369784/Neutron-NX500
SSD,ZTSSD-PG3-480G-GE,Zotac,Sonix NVMe PCIe 480GB,122,184,296,https://ssd.userbenchmark.com/SpeedTest/131041/NVMe-ZTSSDPG3-480G-GE
SSD,WDS500G2B0C,WD,Blue SN550 NVMe PCIe M.2 500GB,123,184,219823,https://ssd.userbenchmark.com/SpeedTest/998114/WDC-WDS500G2B0C-00PXH0
SSD,WDS250G3X0C,WD,Black SN750 NVMe PCIe M.2 250GB (2019),124,182,42741,https://ssd.userbenchmark.com/SpeedTest/716792/WDS250G3X0C-00SJG0
SSD,PX-512M8PeG,Plextor,M8Pe NVMe PCIe M.2 512GB,125,182,3097,https://ssd.userbenchmark.com/SpeedTest/169863/PLEXTOR-PX-512M8PeG
SSD,MZ-V5P256BW,Samsung,950 NVMe PCIe M.2 256GB,126,182,79715,https://ssd.userbenchmark.com/SpeedTest/38570/NVMe-Samsung-SSD-950
SSD,MZ-V8V250B,Samsung,980 NVMe PCIe M.2 250GB,127,181,15921,https://ssd.userbenchmark.com/SpeedTest/1501500/Samsung-SSD-980-250GB
SSD,,Samsung,PM961 NVMe PCIe M.2 512GB,128,181,70604,https://ssd.userbenchmark.com/SpeedTest/181300/NVMe-SAMSUNG-MZVLW512
SSD,ASX6000PNP-512GT-C,Adata,XPG SX6000 Pro NVMe PCIe M.2 512GB,129,179,21303,https://ssd.userbenchmark.com/SpeedTest/594216/ADATA-SX6000PNP
SSD,MZVPV512HDGL-00000,Samsung,SM951 NVMe PCIe M.2 512GB,130,178,16486,https://ssd.userbenchmark.com/SpeedTest/30300/NVMe-SAMSUNG-MZVKV512
SSD,ASX6000PNP-1TT-C,Adata,XPG SX6000 Pro NVMe PCIe M.2 1TB,131,177,14655,https://ssd.userbenchmark.com/SpeedTest/664077/ADATA-SX6000PNP
SSD,WDS250G2X0C,WD,Black NVMe PCIe M.2 250GB (2018),132,176,23757,https://ssd.userbenchmark.com/SpeedTest/482421/WDS250G2X0C-00L350
SSD,PX-256M8PeG,Plextor,M8Pe NVMe PCIe M.2 256GB,133,175,3994,https://ssd.userbenchmark.com/SpeedTest/171701/PLEXTOR-PX-256M8PeG
SSD,CT1000P2SSD8,Crucial,P2 3D NVMe PCIe M.2 1TB,134,175,106516,https://ssd.userbenchmark.com/SpeedTest/1312497/CT1000P2SSD8
SSD,2YY44AA#ABC,HP,EX900 NVMe PCIe M.2 500GB,135,174,26020,https://ssd.userbenchmark.com/SpeedTest/532017/HP-SSD-EX900-500GB
SSD,CSSD-F480GBMP510,Corsair,Force NVMe PCIe M.2 480GB,136,173,76316,https://ssd.userbenchmark.com/SpeedTest/626885/Force-MP510
SSD,WDS500G1B0C,WD,Blue SN500 NVMe PCIe M.2 500GB,137,172,28662,https://ssd.userbenchmark.com/SpeedTest/759521/WDC-WDS500G1B0C-00S6U0
SSD,CSSD-N400GBNX500,Corsair,Neutron NX500 NVMe PCIe 400GB,138,172,731,https://ssd.userbenchmark.com/SpeedTest/331636/Neutron-NX500
SSD,SSDPEKNW010T8X1,Intel,660p NVMe PCIe M.2 1TB,139,170,283888,https://ssd.userbenchmark.com/SpeedTest/602553/INTEL-SSDPEKNW010T8
SSD,SSDPEKKW256G8XT,Intel,760p Series NVMe PCIe M.2 256GB,140,169,42337,https://ssd.userbenchmark.com/SpeedTest/434656/INTEL-SSDPEKKW256G8
SSD,2YY45AA#ABC,HP,EX920 NVMe PCIe M.2 256GB,141,169,3346,https://ssd.userbenchmark.com/SpeedTest/537061/HP-SSD-EX920-256GB
SSD,PX-512M8SeY,Plextor,M8Se NVMe PCIe M.2 512GB,142,168,248,https://ssd.userbenchmark.com/SpeedTest/341666/PLEXTOR-PX-512M8SeG
SSD,PX-512M8SeG,Plextor,M8Se NVMe PCIe M.2 512GB,142,168,248,https://ssd.userbenchmark.com/SpeedTest/341666/PLEXTOR-PX-512M8SeG
SSD,PX-512M8SeGN,Plextor,M8Se NVMe PCIe M.2 512GB,142,168,248,https://ssd.userbenchmark.com/SpeedTest/341666/PLEXTOR-PX-512M8SeG
SSD,WDS250G1B0E,WD,Black SN750 SE NVMe PCIe M.2 250GB,143,167,1703,https://ssd.userbenchmark.com/SpeedTest/1655912/WD-BLACK-SN750-SE-250GB
SSD,CT500P1SSD8,Crucial,P1 3D NVMe PCIe M.2 500GB,144,167,140891,https://ssd.userbenchmark.com/SpeedTest/614152/CT500P1SSD8
SSD,SKC1000/960G,Kingston,KC1000 NVMe PCIe M.2 960GB,145,166,410,https://ssd.userbenchmark.com/SpeedTest/320126/KINGSTON-SKC1000960G
SSD,MKNSSDPL250GB-D8,Mushkin,Pilot NVMe PCIe M.2 250GB,146,165,1726,https://ssd.userbenchmark.com/SpeedTest/515464/MKNSSDPL250GB-D8
SSD,,Intel,Optane+ NVMe PCIe 500GB,147,164,2288,https://ssd.userbenchmark.com/SpeedTest/268688/Intel-Optane-466GBSSD
SSD,PH480GPM280SSDR,Patriot,Hellfire NVMe PCIe M.2 480GB,148,163,1043,https://ssd.userbenchmark.com/SpeedTest/184918/Patriot-Hellfire-M2
SSD,SSDPEDMW400G4X1,Intel,750 Series NVMe PCIe 400GB,149,163,13229,https://ssd.userbenchmark.com/SpeedTest/26870/NVMe-INTEL-SSDPEDMW40
SSD,SSDPEDMW400G4R5,Intel,750 Series NVMe PCIe 400GB,149,163,13229,https://ssd.userbenchmark.com/SpeedTest/26870/NVMe-INTEL-SSDPEDMW40
SSD,MZHPV512HDGL-00000,Samsung,SM951 AHCI PCIe M.2 512GB,150,162,7356,https://ssd.userbenchmark.com/SpeedTest/24647/SAMSUNG-MZHPV512HDGL-00000
SSD,SB-ROCKET-512,Nvme,Rocket NVMe PCIe M.2 512GB,151,162,45326,https://ssd.userbenchmark.com/SpeedTest/801884/NVMe-Sabrent
SSD,CT250P2SSD8,Crucial,P2 3D NVMe PCIe M.2 250GB,152,161,18704,https://ssd.userbenchmark.com/SpeedTest/1121042/CT250P2SSD8
SSD,ASX6000PNP-256GT-C,Adata,XPG SX6000 Pro NVMe PCIe M.2 256GB,153,160,30466,https://ssd.userbenchmark.com/SpeedTest/607866/ADATA-SX6000PNP
SSD,CT500P2SSD8,Crucial,P2 3D NVMe PCIe M.2 500GB,154,160,117107,https://ssd.userbenchmark.com/SpeedTest/1110621/CT500P2SSD8
SSD,MZHPV128HDGM-00000,Samsung,SM951 AHCI PCIe M.2 128GB,155,159,4163,https://ssd.userbenchmark.com/SpeedTest/26719/SAMSUNG-MZHPV128HDGM-00000
SSD,MZVLW256HEHP,Samsung,PM961 NVMe PCIe M.2 256GB,156,159,182792,https://ssd.userbenchmark.com/SpeedTest/174249/SAMSUNG-MZVLW256HEHP-00000
SSD,MZVPV128HDGM-00000,Samsung,SM951 NVMe PCIe M.2 128GB,157,159,3670,https://ssd.userbenchmark.com/SpeedTest/34737/NVMe-SAMSUNG-MZVPV128
SSD,WDS250G2B0C,WD,Blue SN550 NVMe PCIe M.2 250GB,158,159,37442,https://ssd.userbenchmark.com/SpeedTest/991678/WDC-WDS250G2B0C-00PXH0
SSD,RVD400-M22280-256G,Toshiba,OCZ RD400 NVMe PCIe M.2 256GB,159,159,5088,https://ssd.userbenchmark.com/SpeedTest/142093/NVMe-TOSHIBA-RD400
SSD,KXG50ZNV1T02,Toshiba,XG5 NVMe PCIe M.2 1TB,160,157,14501,https://ssd.userbenchmark.com/SpeedTest/359586/KXG50ZNV1T02-NVMe-TOSHIBA-1024GB
SSD,WDS250G1B0C,WD,Blue SN500 NVMe PCIe M.2 250GB,161,156,7755,https://ssd.userbenchmark.com/SpeedTest/756076/WDC-WDS250G1B0C-00S6U0
SSD,MZVLW128,Samsung,PM961 NVMe PCIe M.2 128GB,162,155,33704,https://ssd.userbenchmark.com/SpeedTest/194898/NVMe-SAMSUNG-MZVLW128
SSD,RVD350-FHPX28-960G,OCZ,RevoDrive 350 PCIe 960GB,163,155,170,https://ssd.userbenchmark.com/SpeedTest/15245/OCZ-REVODRIVE350
SSD,MDNVME80-BPX-0512,MyDigitalSSD,BPX NVMe PCIe M.2 480GB,164,153,2006,https://ssd.userbenchmark.com/SpeedTest/206552/BPX
SSD,MZHPV256HDGL-00000,Samsung,SM951 AHCI PCIe M.2 256GB,165,153,13868,https://ssd.userbenchmark.com/SpeedTest/24782/SAMSUNG-MZHPV256HDGL-00000
SSD,CSSD-F480GBMP500,Corsair,Force MP500 NVMe PCIe M.2 480GB,166,152,5330,https://ssd.userbenchmark.com/SpeedTest/223982/Force-MP500
SSD,MDNVME80-BPX-0256,MyDigitalSSD,BPX NVMe PCIe M.2 240GB,167,151,1788,https://ssd.userbenchmark.com/SpeedTest/211350/BPX
SSD,SKC1000/480G,Kingston,KC1000 NVMe PCIe M.2 480GB,168,151,1656,https://ssd.userbenchmark.com/SpeedTest/316248/KINGSTON-SKC1000480G
SSD,2YY43AA#ABC,HP,EX900 NVMe PCIe M.2 250GB,169,151,23770,https://ssd.userbenchmark.com/SpeedTest/455743/HP-SSD-EX900-250GB
SSD,AGAMMIXS11-240GT-C,XPG,Gammix S11 NVMe PCIe M.2 240GB,170,150,3234,https://ssd.userbenchmark.com/SpeedTest/497242/XPG-GAMMIX-S11
SSD,ASX8200NP-240GT-C,Adata,XPG SX8200 NVMe PCIe M.2 240GB,171,147,15793,https://ssd.userbenchmark.com/SpeedTest/480586/ADATA-SX8200NP
SSD,PX-1TM8SeY,Plextor,M8Se NVMe PCIe M.2 1TB,172,146,198,https://ssd.userbenchmark.com/SpeedTest/331208/PLEXTOR-PX-1TM8SeG
SSD,PX-1TM8SeG,Plextor,M8Se NVMe PCIe M.2 1TB,172,146,198,https://ssd.userbenchmark.com/SpeedTest/331208/PLEXTOR-PX-1TM8SeG
SSD,PX-1TM8SeGN,Plextor,M8Se NVMe PCIe M.2 1TB,172,146,198,https://ssd.userbenchmark.com/SpeedTest/331208/PLEXTOR-PX-1TM8SeG
SSD,MZVPV256HDGL-00000,Samsung,SM951 NVMe PCIe M.2 256GB,173,146,14757,https://ssd.userbenchmark.com/SpeedTest/30950/NVMe-SAMSUNG-MZVPV256
SSD,ASX8000NP-512GM-C,Adata,XPG SX8000 NVMe PCIe M.2 512GB,174,146,2033,https://ssd.userbenchmark.com/SpeedTest/218488/NVMe-ADATA-SX8000NP
SSD,CSSD-F240GBMP510,Corsair,Force NVMe PCIe M.2 240GB,175,146,70751,https://ssd.userbenchmark.com/SpeedTest/612603/Force-MP510
SSD,,Toshiba,THNSN5512GPU7 NVMe PCIe M.2 512GB,176,146,21936,https://ssd.userbenchmark.com/SpeedTest/120558/NVMe-THNSN5512GPU7-NV
SSD,,Samsung,PM951 NVMe PCIe M.2 512GB 1TB,177,144,3061,https://ssd.userbenchmark.com/SpeedTest/39907/NVMe-PM951-NVMe-SAMSU
SSD,,Apple,SM0512G PCIe 500GB,178,143,2528,https://ssd.userbenchmark.com/SpeedTest/25611/APPLE-SSD-SM0512G
SSD,SSDPEKNW512G8X1,Intel,660p NVMe PCIe M.2 512GB,179,143,285323,https://ssd.userbenchmark.com/SpeedTest/557263/INTEL-SSDPEKNW512G8
SSD,MKNSSDPL120GB-D8,Mushkin,Pilot NVMe PCIe M.2 120GB,180,141,200,https://ssd.userbenchmark.com/SpeedTest/533910/MKNSSDPL120GB-D8
SSD,PX-128M8PeG,Plextor,M8Pe NVMe PCIe M.2 128GB,181,141,903,https://ssd.userbenchmark.com/SpeedTest/171560/PLEXTOR-PX-128M8PeG
SSD,CSSD-F240GBMP500,Corsair,Force MP500 NVMe PCIe M.2 240GB,182,139,20189,https://ssd.userbenchmark.com/SpeedTest/213562/Force-MP500
SSD,RVD350-FHPX28-480G,OCZ,RevoDrive 350 PCIe 480GB,183,139,526,https://ssd.userbenchmark.com/SpeedTest/13514/OCZ-REVODRIVE350
SSD,,Toshiba,THNSN5128GPU7 NVMe PCIe M.2 128GB,184,138,4177,https://ssd.userbenchmark.com/SpeedTest/38688/NVMe-THNSN5128GPU7-TO
SSD,PX-256M8SeY,Plextor,M8Se NVMe PCIe M.2 256GB,185,137,474,https://ssd.userbenchmark.com/SpeedTest/327270/PLEXTOR-PX-256M8SeG
SSD,PX-256M8SeG,Plextor,M8Se NVMe PCIe M.2 256GB,185,137,474,https://ssd.userbenchmark.com/SpeedTest/327270/PLEXTOR-PX-256M8SeG
SSD,PX-256M8SeGN,Plextor,M8Se NVMe PCIe M.2 256GB,185,137,474,https://ssd.userbenchmark.com/SpeedTest/327270/PLEXTOR-PX-256M8SeG
SSD,SKC1000/240G,Kingston,KC1000 NVMe PCIe M.2 240GB,186,137,2570,https://ssd.userbenchmark.com/SpeedTest/312458/KINGSTON-SKC1000240G
SSD,,Toshiba,THNSN5256GPU7 NVMe PCIe M.2 256GB,187,137,29935,https://ssd.userbenchmark.com/SpeedTest/36660/NVMe-THNSN5256GPU7-TO
SSD,SHPM2280P2/480G,Kingston,HyperX Predator AHCI PCIe M.2 480GB,188,136,2749,https://ssd.userbenchmark.com/SpeedTest/27251/Kingston-SHPM2280P2480G
SSD,PH240GPM280SSDR,Patriot,Hellfire NVMe PCIe M.2 240GB,189,134,2826,https://ssd.userbenchmark.com/SpeedTest/179778/Patriot-Hellfire-M2
SSD,MDNVME80-BPX-0128,MyDigitalSSD,BPX NVMe PCIe M.2 120GB,190,134,1215,https://ssd.userbenchmark.com/SpeedTest/217777/BPX
SSD,SB-ROCKET-256,Sabrent,Rocket NVMe PCIe M.2 256GB,191,133,24133,https://ssd.userbenchmark.com/SpeedTest/759740/NVMe-Sabrent
SSD,MZHPU256HCGL,Samsung,XP941 PCIe M.2 256GB,192,133,1434,https://ssd.userbenchmark.com/SpeedTest/4625/SAMSUNG-MZHPU256HCGL-00000
SSD,2YY42AA#ABC,HP,EX900 NVMe PCIe M.2 120GB,193,131,4167,https://ssd.userbenchmark.com/SpeedTest/489362/HP-SSD-EX900-120GB
SSD,KXG50ZNV512G,Toshiba,XG5 NVMe PCIe M.2 512GB,194,130,42581,https://ssd.userbenchmark.com/SpeedTest/359770/KXG50ZNV512G-NVMe-TOSHIBA-512GB
SSD,SSDPEKKW128G8XT,Intel,760p Series NVMe PCIe M.2 128GB,195,130,4813,https://ssd.userbenchmark.com/SpeedTest/446913/INTEL-SSDPEKKW128G8
SSD,SSDPEKKF128GX1,Intel,Pro 6000p NVMe PCIe M.2 128GB,196,129,101,https://ssd.userbenchmark.com/SpeedTest/275754/INTEL-SSDPEKKF128G7
SSD,MZHPU512HCGL,Samsung,XP941 PCIe M.2 512GB,197,128,1482,https://ssd.userbenchmark.com/SpeedTest/4874/SAMSUNG-MZHPU512HCGL-00000
SSD,SA1000M8/960G,Kingston,A1000 NVMe PCIe M.2 960GB,198,127,3251,https://ssd.userbenchmark.com/SpeedTest/495225/KINGSTON-SA1000M8960G
SSD,ASX8000NP-256GM-C,Adata,XPG SX8000 NVMe PCIe M.2 256GB,199,126,3922,https://ssd.userbenchmark.com/SpeedTest/209005/NVMe-ADATA-SX8000NP
SSD,ASX7000NP-512GT-C,Adata,XPG SX7000 NVMe PCIe M.2 512GB,200,126,3749,https://ssd.userbenchmark.com/SpeedTest/318275/NVMe-ADATA-SX7000NP
SSD,MDNVME80-SBX-0512,MyDigitalSSD,SBX NVMe PCIe M.2 512GB,201,125,230,https://ssd.userbenchmark.com/SpeedTest/438137/SBX
SSD,CSSD-F120GBMP500,Corsair,Force MP500 NVMe PCIe M.2 120GB,202,125,21209,https://ssd.userbenchmark.com/SpeedTest/221057/Force-MP500
SSD,SHPM2280P2/240G,Kingston,HyperX Predator AHCI PCIe M.2 240GB,203,125,10069,https://ssd.userbenchmark.com/SpeedTest/26065/Kingston-SHPM2280P2240G
SSD,ASX6000NP-1TT-C,Adata,XPG SX6000 NVMe PCIe M.2 1TB,204,125,258,https://ssd.userbenchmark.com/SpeedTest/471014/ADATA-SX6000NP
SSD,,Samsung,PM951 NVMe PCIe M.2 512GB,205,125,8912,https://ssd.userbenchmark.com/SpeedTest/37633/NVMe-PM951-NVMe-SAMSU
SSD,SSDPEKKW512G7X1,Intel,600p Series NVMe PCIe M.2 512GB,206,124,36291,https://ssd.userbenchmark.com/SpeedTest/168978/INTEL-SSDPEKKW512G7
SSD,SA1000M8/480G,Kingston,A1000 NVMe PCIe M.2 480GB,207,124,24667,https://ssd.userbenchmark.com/SpeedTest/492906/KINGSTON-SA1000M8480G
SSD,KXG50ZNV256G,Toshiba,XG5 NVMe PCIe M.2 256GB,208,122,73319,https://ssd.userbenchmark.com/SpeedTest/358656/KXG50ZNV256G-NVMe-TOSHIBA-256GB
SSD,PX-AG512M6e,Plextor,M6e PCIe 512GB,209,120,229,https://ssd.userbenchmark.com/SpeedTest/14616/PLEXTOR-PX-AG512M6e
SSD,WDS256G1X0C,WD,Black NVMe PCIe M.2 256GB (2017),210,119,43425,https://ssd.userbenchmark.com/SpeedTest/237667/WDC-WDS256G1X0C-00ENX0
SSD,,Apple,SM0256G PCIe 251GB,211,118,2663,https://ssd.userbenchmark.com/SpeedTest/25442/APPLE-SSD-SM0256G
SSD,WDS512G1X0C,WD,Black NVMe PCIe M.2 512GB (2017),212,118,22163,https://ssd.userbenchmark.com/SpeedTest/251339/WDC-WDS512G1X0C-00ENX0
SSD,PX-G256M6e,Plextor,M6e  PCIe M.2 256GB,213,117,1444,https://ssd.userbenchmark.com/SpeedTest/12059/PLEXTOR-PX-G256M6e
SSD,PX-128M8SeY,Plextor,M8Se NVMe PCIe M.2 128GB,214,117,303,https://ssd.userbenchmark.com/SpeedTest/345013/PLEXTOR-PX-128M8SeG
SSD,PX-128M8SeG,Plextor,M8Se NVMe PCIe M.2 128GB,214,117,303,https://ssd.userbenchmark.com/SpeedTest/345013/PLEXTOR-PX-128M8SeG
SSD,PX-128M8SeGN,Plextor,M8Se NVMe PCIe M.2 128GB,214,117,303,https://ssd.userbenchmark.com/SpeedTest/345013/PLEXTOR-PX-128M8SeG
SSD,MDNVME80-SBX-1T,MyDigitalSSD,SBX NVMe PCIe M.2 1TB,215,115,46,https://ssd.userbenchmark.com/SpeedTest/455228/SBX
SSD,MZ-77E4T0B,Samsung,870 EVO 4TB,216,114,12310,https://ssd.userbenchmark.com/SpeedTest/1465671/Samsung-SSD-870-EVO-4TB
SSD,ASX6000NP-512GT-C,Adata,XPG SX6000 NVMe PCIe M.2 512GB,217,114,4636,https://ssd.userbenchmark.com/SpeedTest/410831/ADATA-SX6000NP
SSD,,Samsung,PM951 NVMe PCIe M.2 256GB,218,113,18543,https://ssd.userbenchmark.com/SpeedTest/37673/NVMe-PM951-NVMe-SAMSU
SSD,CSSD-F120GBMP300,Corsair,Force MP300 NVMe PCIe M.2 120GB,219,113,8393,https://ssd.userbenchmark.com/SpeedTest/534036/NVMe-Force-MP300
SSD,MZ-77E2T0B,Samsung,870 EVO 2TB,220,113,54477,https://ssd.userbenchmark.com/SpeedTest/1463967/Samsung-SSD-870-EVO-2TB
SSD,PX-AG256M6e,Plextor,M6e PCIe 256GB,221,112,744,https://ssd.userbenchmark.com/SpeedTest/7265/PLEXTOR-PX-AG256M6e
SSD,ASX8000NP-128GM-C,Adata,XPG SX8000 NVMe PCIe M.2 128GB,222,112,153,https://ssd.userbenchmark.com/SpeedTest/214181/NVMe-ADATA-SX8000NP
SSD,MZ-75E4T0B,Samsung,850 Evo 4TB,223,111,992,https://ssd.userbenchmark.com/SpeedTest/169156/Samsung-SSD-850-EVO-4TB
SSD,SSDPEKKW256G7X1,Intel,600p Series NVMe PCIe M.2 256GB,224,110,107783,https://ssd.userbenchmark.com/SpeedTest/169054/INTEL-SSDPEKKW256G7
SSD,,Toshiba, THNSN5512GPUK NVMe PCIe M.2 512GB,225,110,28815,https://ssd.userbenchmark.com/SpeedTest/160272/NVMe-THNSN5512GPUK-NV
SSD,SA1000M8/240G,Kingston,A1000 NVMe PCIe M.2 240GB,226,110,54922,https://ssd.userbenchmark.com/SpeedTest/497453/KINGSTON-SA1000M8240G
SSD,PX-G128M6e,Plextor,M6e PCIe M.2 128GB,227,110,585,https://ssd.userbenchmark.com/SpeedTest/15095/PLEXTOR-PX-G128M6e
SSD,MZ-77E1T0B,Samsung,870 EVO 1TB,228,110,152014,https://ssd.userbenchmark.com/SpeedTest/1445454/Samsung-SSD-870-EVO-1TB
SSD,MZHPU128HCGM,Samsung,XP941 PCIe M.2 128GB,229,110,740,https://ssd.userbenchmark.com/SpeedTest/6251/SAMSUNG-MZHPU128HCGM-00000
SSD,,Toshiba, THNSN5256GPUK NVMe PCIe M.2 256GB,230,109,36537,https://ssd.userbenchmark.com/SpeedTest/202063/THNSN5256GPUK-TOSHIBA
SSD,MZ-76E2T0B,Samsung,860 Evo 2TB,231,109,75251,https://ssd.userbenchmark.com/SpeedTest/430706/Samsung-SSD-860-EVO-2TB
SSD,MDNVME80-SBX-0256,MyDigitalSSD,SBX NVMe PCIe M.2 256GB,232,108,382,https://ssd.userbenchmark.com/SpeedTest/456332/SBX
SSD,TS256GMTE820,Transcend,MTE820 NVMe PCIe M.2 256GB,233,107,228,https://ssd.userbenchmark.com/SpeedTest/437614/TS256GMTE820
SSD,MKNP44SC240GB,Mushkin,Scorpion Deluxe PCIe 240GB,234,107,54,https://ssd.userbenchmark.com/SpeedTest/18266/Mushkin-Scorpion-Deluxe
SSD,ASX6000NP-256GT-C,Adata,XPG SX6000 NVMe PCIe M.2 256GB,235,107,12771,https://ssd.userbenchmark.com/SpeedTest/387986/ADATA-SX6000NP
SSD,ASX7000NP-256GT-C,Adata,XPG SX7000 NVMe PCIe M.2 256GB,236,107,3370,https://ssd.userbenchmark.com/SpeedTest/304438/NVMe-ADATA-SX7000NP
SSD,MZ-76P4T0B,Samsung,860 Pro 4TB,237,107,1179,https://ssd.userbenchmark.com/SpeedTest/552119/Samsung-SSD-860-PRO-4TB
SSD,SSDPEKKF512G7X1,Intel,Pro 6000p NVMe PCIe M.2 512GB,238,107,4080,https://ssd.userbenchmark.com/SpeedTest/289714/INTEL-SSDPEKKF512G7H
SSD,MZ-76E4T0B,Samsung,860 Evo 4TB,239,107,13619,https://ssd.userbenchmark.com/SpeedTest/440150/Samsung-SSD-860-EVO-4TB
SSD,,Samsung,MZFLV512 NVMe PCIe M.2 512GB,240,107,1478,https://ssd.userbenchmark.com/SpeedTest/36829/NVMe-SAMSUNG-MZFLV512
SSD,MZ-76P1T0B,Samsung,860 Pro 1TB,241,107,11869,https://ssd.userbenchmark.com/SpeedTest/434505/Samsung-SSD-860-PRO-1TB
SSD,MZ-76E1T0B,Samsung,860 Evo 1TB,242,106,920213,https://ssd.userbenchmark.com/SpeedTest/423831/Samsung-SSD-860-EVO-1TB
SSD,MZ-75E1T0B,Samsung,850 Evo 1TB,243,106,228559,https://ssd.userbenchmark.com/Samsung-850-Evo-1TB/Rating/3576
SSD,SSDPEKKW128G7X1,Intel,600p Series NVMe PCIe M.2 128GB,244,106,24170,https://ssd.userbenchmark.com/SpeedTest/170119/INTEL-SSDPEKKW128G7
SSD,MZ-75E2T0B,Samsung,850 Evo 2TB,245,106,8226,https://ssd.userbenchmark.com/SpeedTest/32539/Samsung-SSD-850-EVO-2TB
SSD,MZ-7TE1T0BW,Samsung,840 Evo 1TB,246,105,23857,https://ssd.userbenchmark.com/SpeedTest/1436/Samsung-SSD-840-EVO
SSD,ASX6000NP-128GT-C,Adata,XPG SX6000 NVMe PCIe M.2 128GB,247,105,9108,https://ssd.userbenchmark.com/SpeedTest/391493/ADATA-SX6000NP
SSD,CSSD-F240GBMP300,Corsair,Force MP300 NVMe PCIe M.2 240GB,248,105,5669,https://ssd.userbenchmark.com/SpeedTest/538791/NVMe-Force-MP300
SSD,MZ-75E500B,Samsung,850 Evo 500GB,249,105,1095102,https://ssd.userbenchmark.com/Samsung-850-Evo-500GB/Rating/3477
SSD,MZ-7KE1T0BW,Samsung,850 Pro 1TB,250,105,25365,https://ssd.userbenchmark.com/Samsung-850-Pro-1TB/Rating/3577
SSD,MZ-76P512B,Samsung,860 Pro 512GB,251,104,29800,https://ssd.userbenchmark.com/SpeedTest/431483/Samsung-SSD-860-PRO-512GB
SSD,MZ-7TE750BW,Samsung,840 Evo 750GB,252,104,3724,https://ssd.userbenchmark.com/SpeedTest/2175/Samsung-SSD-840-EVO-750GB
SSD,MZ-77E500B,Samsung,870 EVO 500GB,253,104,104729,https://ssd.userbenchmark.com/SpeedTest/972228/Samsung-SSD-870-EVO-500GB
SSD,MZ-7TE500BW,Samsung,840 Evo 500GB,254,103,68337,https://ssd.userbenchmark.com/SpeedTest/1519/Samsung-SSD-840-EVO-500GB
SSD,CT2000MX500SSD1,Crucial,MX500 2TB,255,103,94712,https://ssd.userbenchmark.com/SpeedTest/421719/CT2000MX500SSD1
SSD,CT1000MX500SSD1,Crucial,MX500 1TB,256,102,363089,https://ssd.userbenchmark.com/SpeedTest/406099/CT1000MX500SSD1
SSD,CT500MX500SSD1,Crucial,MX500 500GB,257,102,368309,https://ssd.userbenchmark.com/SpeedTest/418385/CT500MX500SSD1
SSD,MZ-7KE256BW,Samsung,850 Pro 256GB,258,102,141929,https://ssd.userbenchmark.com/Samsung-850-Pro-256GB/Rating/2385
SSD,MZ-7KE512BW,Samsung,850 Pro 512GB,259,102,68849,https://ssd.userbenchmark.com/Samsung-850-Pro-512GB/Rating/3478
SSD,MZ-7KE2T0BW,Samsung,850 Pro 2TB,260,101,3575,https://ssd.userbenchmark.com/SpeedTest/38860/Samsung-SSD-850-PRO-2TB
SSD,MZ-77Q4T0BW,Samsung,870 QVO 4TB,261,101,20444,https://ssd.userbenchmark.com/SpeedTest/1243154/Samsung-SSD-870-QVO-4TB
SSD,MZ-77Q4T0B/AM,Samsung,870 QVO 4TB,261,101,20444,https://ssd.userbenchmark.com/SpeedTest/1243154/Samsung-SSD-870-QVO-4TB
SSD,MZ-76E500B,Samsung,860 Evo 500GB,262,101,1160873,https://ssd.userbenchmark.com/SpeedTest/428560/Samsung-SSD-860-EVO-500GB
SSD,MZ-76P256BW,Samsung,860 Pro 256GB,263,101,23145,https://ssd.userbenchmark.com/Samsung-860-Pro-256GB/Rating/3950
SSD,ASU800SS-2TT-C,Adata,Ultimate SU800 2TB,264,101,4316,https://ssd.userbenchmark.com/SpeedTest/584479/ADATA-SU800
SSD,SSDSC2KW512G8,Intel,545s Series 512GB,265,100,20115,https://ssd.userbenchmark.com/SpeedTest/302752/INTEL-SSDSC2KW512G8
SSD,MZ-77Q8T0BW,Samsung,870 QVO 8TB,266,100,5975,https://ssd.userbenchmark.com/SpeedTest/1280660/Samsung-SSD-870-QVO-8TB
SSD,MZ-77Q8T0B/AM,Samsung,870 QVO 8TB,266,100,5975,https://ssd.userbenchmark.com/SpeedTest/1280660/Samsung-SSD-870-QVO-8TB
SSD,MZ-MTE1T0BW,Samsung,840 Evo mSATA 1TB,267,100,613,https://ssd.userbenchmark.com/SpeedTest/10394/Samsung-SSD-840-EVO-1TB-mSATA
SSD,MZ-77Q2T0BW,Samsung,870 QVO 2TB,268,100,89602,https://ssd.userbenchmark.com/SpeedTest/1260265/Samsung-SSD-870-QVO-2TB
SSD,MZ-77Q2T0B/AM,Samsung,870 QVO 2TB,268,100,89602,https://ssd.userbenchmark.com/SpeedTest/1260265/Samsung-SSD-870-QVO-2TB
SSD,ASU800SS-1TT-C,Adata,Ultimate SU800 1TB,269,99.9,39906,https://ssd.userbenchmark.com/Adata-Ultimate-SU800-1TB/Rating/3914
SSD,SSDPEKKF256G7X1,Intel,Pro 6000p NVMe PCIe M.2 256GB,270,98.9,19731,https://ssd.userbenchmark.com/SpeedTest/304420/INTEL-SSDPEKKF256G7H
SSD,MZ-7KE128BW,Samsung,850 Pro 128GB,271,98.7,18195,https://ssd.userbenchmark.com/Samsung-850-Pro-128GB/Rating/3483
SSD,MZ-750500BW,Samsung,750 EVO 500GB,272,98.1,55775,https://ssd.userbenchmark.com/SpeedTest/143302/Samsung-SSD-750-EVO-500GB
SSD,MZ-77E250B,Samsung,870 Evo 250GB,273,97.8,25139,https://ssd.userbenchmark.com/Samsung-870-Evo-250GB/Rating/4094
SSD,GP-GSM2NE8256GNTD,Gigabyte,NVMe PCIe M.2 256GB,274,97.8,5374,https://ssd.userbenchmark.com/SpeedTest/599447/GIGABYTE-GP-GSM2NE8256GNTD
SSD,CT4000MX500SSD1,Crucial,MX500 4TB,275,97.6,4937,https://ssd.userbenchmark.com/SpeedTest/1674512/CT4000MX500SSD1
SSD,MZ-75E250B,Samsung,850 Evo 250GB,276,97.6,1392403,https://ssd.userbenchmark.com/Samsung-850-Evo-250GB/Rating/2977
SSD,MDNVME80-SBX-0128,MyDigitalSSD,SBX NVMe PCIe M.2 128GB,277,97.5,146,https://ssd.userbenchmark.com/SpeedTest/431053/SBX
SSD,ASU800SS-512GT-C,Adata,Ultimate SU800 512GB,278,97.3,47751,https://ssd.userbenchmark.com/Adata-Ultimate-SU800-512GB/Rating/3913
SSD,SSDPEKKF360G7X1,Intel,Pro 6000p NVMe PCIe M.2 360GB,279,96.6,1289,https://ssd.userbenchmark.com/SpeedTest/296966/INTEL-SSDPEKKF360G7H
SSD,MZ-76E250B,Samsung,860 Evo 250GB,280,96.4,486140,https://ssd.userbenchmark.com/Samsung-860-Evo-250GB/Rating/3949
SSD,MZ-7PD512BW,Samsung,840 Pro 512GB,281,96.3,14996,https://ssd.userbenchmark.com/SpeedTest/2708/Samsung-SSD-840-PRO-Series
SSD,SSDSC2BP480G410,Intel,730 Series 480GB,282,95.9,5159,https://ssd.userbenchmark.com/Intel-730-Series-480GB/Rating/3479
SSD,MZ-7TE250BW,Samsung,840 Evo 250GB,283,95.9,217115,https://ssd.userbenchmark.com/Samsung-840-Evo-250GB/Rating/1594
SSD,CT500MX200SSD4,Crucial,MX200 SATA M.2 500GB,284,95.5,1485,https://ssd.userbenchmark.com/SpeedTest/23836/Crucial-CT500MX200SSD4
SSD,VTR150-25SAT3-480G,OCZ,Vector 150 480GB,285,95.2,381,https://ssd.userbenchmark.com/SpeedTest/7037/OCZ-VECTOR150
SSD,MZ-7PD256BW,Samsung,840 Pro 256GB,286,95,73119,https://ssd.userbenchmark.com/Samsung-840-Pro-256GB/Rating/1408
SSD,SDSSDH3-2T00-G25,SanDisk,Ultra 3D 2TB,287,94.8,8578,https://ssd.userbenchmark.com/SpeedTest/351750/SanDisk-SDSSDH32000G
SSD,MZ-MTE500BW,Samsung,840 Evo mSATA 500GB,288,94.7,727,https://ssd.userbenchmark.com/SpeedTest/10255/Samsung-SSD-840-EVO-500GB-mSATA
SSD,WDS100T2B0A,WD,Blue 3D 1TB,289,94.7,38266,https://ssd.userbenchmark.com/SpeedTest/352978/WDC-WDS100T2B0A-00SM50
SSD,2LU81AA#ABL,HP,S700 Pro 1TB,290,94.2,97,https://ssd.userbenchmark.com/SpeedTest/387205/HP-SSD-S700-Pro-1TB
SSD,MKNP44SC480GB,Mushkin,Scorpion Deluxe PCIe 480GB,291,94.1,113,https://ssd.userbenchmark.com/SpeedTest/11924/Mushkin-Scorpion-Deluxe
SSD,PX-256M6Pro,Plextor,M6 Pro 256GB,292,94.1,927,https://ssd.userbenchmark.com/SpeedTest/14560/PLEXTOR-PX-256M6Pro
SSD,VTR1-25SAT3-512G,OCZ,Vector 512GB,293,93.9,345,https://ssd.userbenchmark.com/SpeedTest/1810/OCZ-VECTOR
SSD,CT250MX500SSD1,Crucial,MX500 250GB,294,93.9,146947,https://ssd.userbenchmark.com/Crucial-MX500-250GB/Rating/3951
SSD,PX-512M6Pro,Plextor,M6 Pro 512GB,295,93.8,208,https://ssd.userbenchmark.com/SpeedTest/15117/PLEXTOR-PX-512M6Pro
SSD,2AP99AA#ABL,HP,S700 Pro 512GB,296,93.8,1863,https://ssd.userbenchmark.com/SpeedTest/370902/HP-SSD-S700-Pro
SSD,SDSSDH3-1T00-G25,SanDisk,Ultra 3D 1TB,297,93.8,14150,https://ssd.userbenchmark.com/SpeedTest/316514/SanDisk-SDSSDH31000G
SSD,SDSSDXPS-960G-G25,SanDisk,Extreme Pro 960GB,298,93.6,2857,https://ssd.userbenchmark.com/SanDisk-Extreme-Pro-960GB/Rating/3581
SSD,PX-512M6V,Plextor,M6V 512GB,299,93.4,65,https://ssd.userbenchmark.com/SpeedTest/31388/PLEXTOR-PX-512M6V
SSD,MZ-76Q2T0BW,Samsung,860 QVO 2TB,300,93.4,48286,https://ssd.userbenchmark.com/SpeedTest/719017/Samsung-SSD-860-QVO-2TB
SSD,MZ-76Q2T0B/AM,Samsung,860 QVO 2TB,300,93.4,48286,https://ssd.userbenchmark.com/SpeedTest/719017/Samsung-SSD-860-QVO-2TB
SSD,VTR180-25SAT3-960G,Toshiba,OCZ VT180 960GB,301,93.3,110,https://ssd.userbenchmark.com/SpeedTest/171904/TOSHIBA-VT180
SSD,WDS500G2B0A,WD,Blue 3D 500GB,302,93.3,68291,https://ssd.userbenchmark.com/SpeedTest/337874/WDC-WDS500G2B0A-00SM50
SSD,SDSSDXPS-480G-G25,SanDisk,Extreme Pro 480GB,303,93.2,9250,https://ssd.userbenchmark.com/SanDisk-Extreme-Pro-480GB/Rating/3476
SSD,CT480BX300SSD1,Crucial,BX300 480GB,304,93.1,6682,https://ssd.userbenchmark.com/Crucial-BX300-480GB/Rating/3947
SSD,GP-GSM2NE8128GNTD,Gigabyte,NVMe PCIe M.2 128GB,305,93.1,2041,https://ssd.userbenchmark.com/SpeedTest/602706/GIGABYTE-GP-GSM2NE8128GNTD
SSD,RVD3X2-FHPX4-480G,OCZ,RevoDrive 3 X2 PCIe 480GB,306,93.1,269,https://ssd.userbenchmark.com/SpeedTest/8804/OCZ-REVODRIVE3-X2
SSD,MZ-76Q4T0BW,Samsung,860 QVO 4TB,307,92.9,4280,https://ssd.userbenchmark.com/SpeedTest/743794/Samsung-SSD-860-QVO-4TB
SSD,MZ-76Q4T0B/AM,Samsung,860 QVO 4TB,307,92.9,4280,https://ssd.userbenchmark.com/SpeedTest/743794/Samsung-SSD-860-QVO-4TB
SSD,SDSSDH3-500G-G25,SanDisk,Ultra 3D 500GB,308,92.8,27029,https://ssd.userbenchmark.com/SpeedTest/322712/SanDisk-SDSSDH3500G
SSD,VTR1-25SAT3-256G,OCZ,Vector 256GB,309,92.6,2095,https://ssd.userbenchmark.com/OCZ-Vector-256GB/Rating/1424
SSD,,Toshiba, THNSN5128GPUK NVMe PCIe M.2 128GB,310,92.6,1535,https://ssd.userbenchmark.com/SpeedTest/335393/NVMe-THNSN5128GPUK-TO
SSD,CSSD-N960GBXT,Corsair,Neutron XT 960GB,311,92.5,222,https://ssd.userbenchmark.com/SpeedTest/23267/Corsair-Neutron-XT-SSD
SSD,CT256M550SSD4,Crucial,M550 SATA M.2 256GB,312,92.5,143,https://ssd.userbenchmark.com/SpeedTest/12143/Crucial-CT256M550SSD4
SSD,CT512M550SSD1,Crucial,M550 512GB,313,92.5,5683,https://ssd.userbenchmark.com/SpeedTest/7172/Crucial-CT512M550SSD1
SSD,CT512M550SSD4,Crucial,M550 SATA M.2 512GB,314,92.4,189,https://ssd.userbenchmark.com/SpeedTest/15375/Crucial-CT512M550SSD4
SSD,MZ-77Q1T0BW,Samsung,870 QVO 1TB,315,92.2,157037,https://ssd.userbenchmark.com/SpeedTest/1218310/Samsung-SSD-870-QVO-1TB
SSD,MZ-77Q1T0B/AM,Samsung,870 QVO 1TB,315,92.2,157037,https://ssd.userbenchmark.com/SpeedTest/1218310/Samsung-SSD-870-QVO-1TB
SSD,WDS200T2B0A,WD,Blue 3D 2TB,316,92,2224,https://ssd.userbenchmark.com/SpeedTest/373739/WDC-WDS200T2B0A-00SM50
SSD,WDS100T2B0B,WD,Blue 3D SATA M.2 1TB,317,91.9,15574,https://ssd.userbenchmark.com/SpeedTest/342470/WDC-WDS100T2B0B-00YS70
SSD,SDSSDXPS-240G,SanDisk,Extreme Pro 240GB,318,91.7,10862,https://ssd.userbenchmark.com/SanDisk-Extreme-Pro-240GB/Rating/2356
SSD,SDSSDXP-480G-G25,SanDisk,Extreme II 480GB,319,91.6,1439,https://ssd.userbenchmark.com/SpeedTest/2135/SanDisk-SDSSDXP480G
SSD,MZ-7TE120BW,Samsung,840 Evo 120GB,320,91.4,104444,https://ssd.userbenchmark.com/Samsung-840-Evo-120GB/Rating/1886
SSD,CT250MX200SSD4,Crucial,MX200 SATA M.2 250GB,321,91.2,2655,https://ssd.userbenchmark.com/SpeedTest/23955/Crucial-CT250MX200SSD4
SSD,VTR180-25SAT3-240G,Toshiba,OCZ VT180 240GB,322,91.2,185,https://ssd.userbenchmark.com/SpeedTest/171243/TOSHIBA-VT180
SSD,MZ-75E120B,Samsung,850 Evo 120GB,323,91.1,160388,https://ssd.userbenchmark.com/Samsung-850-Evo-120GB/Rating/3484
SSD,WDS500G2B0B,WD,Blue 3D SATA M.2 500GB,324,91,39200,https://ssd.userbenchmark.com/SpeedTest/325788/WDC-WDS500G2B0B-00YS70
SSD,VTR180-25SAT3-480G,Toshiba,OCZ VT180 480GB,325,90.9,135,https://ssd.userbenchmark.com/SpeedTest/146334/TOSHIBA-VT180
SSD,VTR180-25SAT3-960G,OCZ,Vector 180 960GB,326,90.9,376,https://ssd.userbenchmark.com/SpeedTest/30972/OCZ-VECTOR180
SSD,VTX4-25SAT3-256G,OCZ,Vertex 4 256GB,327,90.8,12355,https://ssd.userbenchmark.com/OCZ-Vertex-4-256GB/Rating/1315
SSD,CT256M550SSD1,Crucial,M550 256GB,328,90.5,8333,https://ssd.userbenchmark.com/Crucial-M550-256GB/Rating/2000
SSD,CT1024M550SSD1,Crucial,M550 1TB,329,90.4,1628,https://ssd.userbenchmark.com/SpeedTest/7108/Crucial-CT1024M550SSD1
SSD,RADEON-R7SSD-480G,OCZ,AMD Radeon R7 480GB,330,90.3,707,https://ssd.userbenchmark.com/OCZ-AMD-Radeon-R7-480GB/Rating/3507
SSD,VTX460-25SAT3-240G,OCZ,Vertex 460 240GB,331,90.3,1730,https://ssd.userbenchmark.com/OCZ-Vertex-460-240GB/Rating/2043
SSD,VTX4-25SAT3-512G,OCZ,Vertex 4 512GB,332,90.2,1486,https://ssd.userbenchmark.com/SpeedTest/4340/OCZ-VERTEX4
SSD,MZ-750250BW,Samsung,750 EVO 250GB,333,90.1,126190,https://ssd.userbenchmark.com/SpeedTest/71929/Samsung-SSD-750-EVO-250GB
SSD,CT1000BX100SSD1,Crucial,BX100 1TB,334,90.1,1892,https://ssd.userbenchmark.com/SpeedTest/22670/CT1000BX100SSD1
SSD,SDSSDXP-240G-G25,SanDisk,Extreme II 240GB,335,90.1,3009,https://ssd.userbenchmark.com/SanDisk-Extreme-II-240GB/Rating/1545
SSD,MZ-7PD128BW,Samsung,840 Pro 128GB,336,89.5,34842,https://ssd.userbenchmark.com/Samsung-840-Pro-128GB/Rating/1890
SSD,ZTSSD-A5P-480G-PE,Zotac,Premium Edition 480GB,337,89.4,293,https://ssd.userbenchmark.com/Zotac-Premium-Edition-480GB/Rating/3599
SSD,HDTS451XZSTA,Toshiba,Q300 Pro 512GB,338,89.3,143,https://ssd.userbenchmark.com/SpeedTest/57809/TOSHIBA-Q300-Pro
SSD,SSD7CS2211-960-RB,PNY,CS2211 960GB,339,89.2,284,https://ssd.userbenchmark.com/PNY-CS2211-960GB/Rating/3631
SSD,SSD7CS2211-960-PB,PNY,CS2211 960GB,339,89.2,284,https://ssd.userbenchmark.com/PNY-CS2211-960GB/Rating/3631
SSD,,PNY,SSD2SC240G5SA754D117-511 240GB,340,89.2,486,https://ssd.userbenchmark.com/SpeedTest/11704/SSD2SC240G5SA754D117-511
SSD,VTX460A-25SAT3-240G,OCZ,Vertex 460A 240GB,341,89.1,1380,https://ssd.userbenchmark.com/OCZ-Vertex-460A-240GB/Rating/3147
SSD,VTR150-25SAT3-240G,OCZ,Vector 150 240GB,342,89,1607,https://ssd.userbenchmark.com/OCZ-Vector-150-240GB/Rating/1748
SSD,PX-256M6S,Plextor,M6S 256GB,343,88.9,1660,https://ssd.userbenchmark.com/Plextor-M6S-256GB/Rating/3505
SSD,MZ-MTE250BW,Samsung,840 Evo mSATA 250GB,344,88.9,1431,https://ssd.userbenchmark.com/SpeedTest/5250/Samsung-SSD-840-EVO-250GB-mSATA
SSD,VTX460A-25SAT3-480G,OCZ,Vertex 460A 480GB,345,88.8,626,https://ssd.userbenchmark.com/SpeedTest/21677/OCZ-VERTEX460A
SSD,PX-512M5P,Plextor,M5 Pro 512GB,346,88.6,554,https://ssd.userbenchmark.com/SpeedTest/1262/PLEXTOR-PX-512M5Pro
SSD,CSSD-F512GBLX,Corsair,Force LX 512GB,347,88.6,549,https://ssd.userbenchmark.com/SpeedTest/16265/CORSAIR-FORCE-LX-SSD
SSD,RADEON-R7SSD-240G,OCZ,AMD Radeon R7 240GB,348,88.6,2356,https://ssd.userbenchmark.com/OCZ-AMD-Radeon-R7-240GB/Rating/2492
SSD,ASP610SS3-1TM-C,Adata,Premier SP610 1TB,349,88.6,177,https://ssd.userbenchmark.com/SpeedTest/19263/ADATA-SP610
SSD,PX-256M5P,Plextor,M5 Pro 256GB,350,88.5,2451,https://ssd.userbenchmark.com/Plextor-M5-Pro-256GB/Rating/1410
SSD,2AP98AA#ABL,HP,S700 Pro 256GB,351,88.3,1832,https://ssd.userbenchmark.com/SpeedTest/366058/HP-SSD-S700-Pro
SSD,VTX4-25SAT3-128G,OCZ,Vertex 4 128GB,352,88.3,19372,https://ssd.userbenchmark.com/OCZ-Vertex-4-128GB/Rating/1895
SSD,CT1050MX300SSD1,Crucial,MX300 1TB,353,88.3,33989,https://ssd.userbenchmark.com/Crucial-MX300-1TB/Rating/3645
SSD,SSDSC2KW256G8,Intel,545s Series 256GB,354,88.2,28881,https://ssd.userbenchmark.com/SpeedTest/299881/INTEL-SSDSC2KW256G8
SSD,MZ-76Q1T0BW,Samsung,860 QVO 1TB,355,88.2,282584,https://ssd.userbenchmark.com/SpeedTest/667965/Samsung-SSD-860-QVO-1TB
SSD,MZ-76Q1T0B/AM,Samsung,860 QVO 1TB,355,88.2,282584,https://ssd.userbenchmark.com/SpeedTest/667965/Samsung-SSD-860-QVO-1TB
SSD,,Samsung,MZFLV256 NVMe PCIe M.2 256GB,356,88.1,4195,https://ssd.userbenchmark.com/SpeedTest/37597/NVMe-SAMSUNG-MZFLV256
SSD,SSD7CS2211-480-RB,PNY,CS2211 480GB,357,88,2609,https://ssd.userbenchmark.com/PNY-CS2211-480GB/Rating/3630
SSD,SSD7CS2211-480-PB,PNY,CS2211 480GB,357,88,2609,https://ssd.userbenchmark.com/PNY-CS2211-480GB/Rating/3630
SSD,MZ-750120BW,Samsung,750 EVO 120GB,358,87.7,44986,https://ssd.userbenchmark.com/SpeedTest/42465/Samsung-SSD-750-EVO-120GB
SSD,SHSS37A/960G,HyperX,Savage 960GB,359,87.7,2226,https://ssd.userbenchmark.com/HyperX-Savage-960GB/Rating/3580
SSD,CSSD-N240GBXT,Corsair,Neutron XT 240GB,360,87.7,1842,https://ssd.userbenchmark.com/Corsair-Neutron-XT-240GB/Rating/3277
SSD,CT512MX100SSD1,Crucial,MX100 512GB,361,87.6,31545,https://ssd.userbenchmark.com/Crucial-MX100-512GB/Rating/3475
SSD,SSD7CS1311-960-RB,PNY,CS1311 960GB,362,87.6,4465,https://ssd.userbenchmark.com/PNY-CS1311-960GB/Rating/3617
SSD,VX500-25SAT3-512G,Toshiba,OCZ VX500 512GB,363,87.5,198,https://ssd.userbenchmark.com/SpeedTest/190983/TOSHIBA-VX500
SSD,PX-128M6Pro,Plextor,M6 Pro 128GB,364,87.5,708,https://ssd.userbenchmark.com/SpeedTest/14853/PLEXTOR-PX-128M6Pro
SSD,VTR180-25SAT3-480G,OCZ,Vector 180 480GB,365,87.4,1396,https://ssd.userbenchmark.com/OCZ-Vector-180-480GB/Rating/3508
SSD,CT256M550SSD3,Crucial,M550 mSATA 256GB,366,87.4,658,https://ssd.userbenchmark.com/SpeedTest/8589/Crucial-CT256M550SSD3
SSD,VTX460-25SAT3-480G,OCZ,Vertex 460 480GB,367,87.4,390,https://ssd.userbenchmark.com/SpeedTest/11920/OCZ-VERTEX460
SSD,CT512M550SSD3,Crucial,M550 mSATA 512GB,368,87.3,441,https://ssd.userbenchmark.com/SpeedTest/8510/Crucial-CT512M550SSD3
SSD,SB1CSK31MT560-0240,OCZ,Saber 1000 240GB,369,87.1,104,https://ssd.userbenchmark.com/SpeedTest/36693/OCZ-SABER1000
SSD,ARC100-25SAT3-240G,OCZ,ARC 100 240GB,370,87,11799,https://ssd.userbenchmark.com/OCZ-ARC-100-240GB/Rating/2603
SSD,ASP610SS3-512GM-C,Adata,Premier SP610 512GB,371,86.9,255,https://ssd.userbenchmark.com/SpeedTest/15096/ADATA-SP610
SSD,SKC400S37/1T,Kingston,SSDNow KC400 1TB,372,86.9,957,https://ssd.userbenchmark.com/SpeedTest/127752/KINGSTON-SKC400S371T
SSD,CT250MX200SSD1,Crucial,MX200 250GB,373,86.9,43004,https://ssd.userbenchmark.com/Crucial-MX200-250GB/Rating/3196
SSD,,OCZ,AGILITY3 256GB,374,86.8,5,https://ssd.userbenchmark.com/SpeedTest/9551/OCZ-AGILITY3
SSD,MKNSSDRE512GB,Mushkin,Reactor 512GB,375,86.6,1104,https://ssd.userbenchmark.com/Mushkin-Reactor-512GB/Rating/3584
SSD,VTX450-25SAT3-256G,OCZ,Vertex 450 256GB,376,86.4,409,https://ssd.userbenchmark.com/OCZ-Vertex-450-256GB/Rating/1605
SSD,PI960GS25SSDR,Patriot,Ignite 960GB,377,86.4,213,https://ssd.userbenchmark.com/Patriot-Ignite-960GB/Rating/3575
SSD,THNSNJ256GCSU,Toshiba,HG6 256GB,378,86.4,4588,https://ssd.userbenchmark.com/SpeedTest/11911/TOSHIBA-THNSNJ256GCSU
SSD,,Micron,M600 256GB,379,86.1,1421,https://ssd.userbenchmark.com/SpeedTest/24442/Micron-M600-MTFDDAK256MBF
SSD,CT240BX300SSD1,Crucial,BX300 240GB,380,86.1,9360,https://ssd.userbenchmark.com/Crucial-BX300-240GB/Rating/3946
SSD,VTR180-25SAT3-240G,OCZ,Vector 180 240GB,381,86.1,1376,https://ssd.userbenchmark.com/OCZ-Vector-180-240GB/Rating/3493
SSD,CSSD-N240GBXTI,Corsair,Neutron XTi 240GB,382,85.9,1132,https://ssd.userbenchmark.com/SpeedTest/159221/Corsair-Neutron-XTI-SSD
SSD,CT500MX200SSD3,Crucial,MX200 mSATA 500GB,383,85.7,618,https://ssd.userbenchmark.com/SpeedTest/24060/Crucial-CT500MX200SSD3
SSD,CT128M550SSD1,Crucial,M550 128GB,384,85.6,2673,https://ssd.userbenchmark.com/Crucial-M550-128GB/Rating/3485
SSD,CT750MX300SSD1,Crucial,MX300 750GB,385,85.5,38478,https://ssd.userbenchmark.com/Crucial-MX300-750GB/Rating/3644
SSD,PX-128M6S,Plextor,M6S 128GB,386,85.5,3356,https://ssd.userbenchmark.com/Plextor-M6S-128GB/Rating/2225
SSD,PX-256M6V,Plextor,M6V 256GB,387,85.4,514,https://ssd.userbenchmark.com/Plextor-M6V-256GB/Rating/3499
SSD,PI480GS25SSDR,Patriot,Ignite 480GB,388,85.4,3276,https://ssd.userbenchmark.com/Patriot-Ignite-480GB/Rating/3574
SSD,HDTS325XZSTA,Toshiba,Q Series Pro 256GB,389,85.3,1725,https://ssd.userbenchmark.com/SpeedTest/7204/TOSHIBA-THNSNJ25
SSD,HDTS325EZSTA,Toshiba,Q Series Pro 256GB,389,85.3,1725,https://ssd.userbenchmark.com/SpeedTest/7204/TOSHIBA-THNSNJ25
SSD,THNSNJ256GCST,Toshiba,Q Series Pro 256GB,389,85.3,1725,https://ssd.userbenchmark.com/SpeedTest/7204/TOSHIBA-THNSNJ25
SSD,VTR1-25SAT3-128G,OCZ,Vector 128GB,390,85.3,1277,https://ssd.userbenchmark.com/SpeedTest/4023/OCZ-VECTOR
SSD,CT128M550SSD4,Crucial,M550 SATA M.2 128GB,391,85.3,155,https://ssd.userbenchmark.com/SpeedTest/15846/Crucial-CT128M550SSD4
SSD,TS1TSSD370,Transcend,SSD370 1TB,392,85.2,310,https://ssd.userbenchmark.com/Transcend-SSD370-1TB/Rating/3579
SSD,CT500BX100SSD1,Crucial,BX100 500GB,393,85.1,21680,https://ssd.userbenchmark.com/Crucial-BX100-500GB/Rating/3474
SSD,ASU800SS-256GT-C,Adata,Ultimate SU800 256GB,394,85,77436,https://ssd.userbenchmark.com/Adata-Ultimate-SU800-256GB/Rating/3912
SSD,MKNSSDST960GB,Mushkin,Striker 960GB,395,85,39,https://ssd.userbenchmark.com/SpeedTest/25597/MKNSSDST960GB
SSD,SDSSDXP-120G-G25,SanDisk,Extreme II 120GB,396,84.8,2462,https://ssd.userbenchmark.com/SanDisk-Extreme-II-120GB/Rating/1889
SSD,,Samsung,MZ7PD256HAFV-000H7 256GB,397,84.8,3736,https://ssd.userbenchmark.com/SpeedTest/4570/SAMSUNG-MZ7PD256HAFV-000H7
SSD,PX-512M6S,Plextor,M6S 512GB,398,84.8,109,https://ssd.userbenchmark.com/Plextor-M6S-512GB/Rating/3506
SSD,SSDSC2BB800G4,Intel,S3500 Series 800GB,399,84.7,475,https://ssd.userbenchmark.com/SpeedTest/30895/INTEL-SSDSC2BB800G4
SSD,TS512GSSD370,Transcend,SSD370 512GB,400,84.5,1585,https://ssd.userbenchmark.com/Transcend-SSD370-512GB/Rating/3472
SSD,ST480HM000,Seagate,600 480GB,401,84.5,1254,https://ssd.userbenchmark.com/SpeedTest/2966/ST480HM000-1G5162
SSD,MZ-MTE120BW,Samsung,840 Evo mSATA 120GB,402,84.5,661,https://ssd.userbenchmark.com/SpeedTest/5728/Samsung-SSD-840-EVO-120GB-mSATA
SSD,CT1050MX300SSD4,Crucial,MX300 SATA M.2 1TB,403,84.4,6822,https://ssd.userbenchmark.com/SpeedTest/182535/Crucial-CT1050MX300SSD4
SSD,CSSD-N480GBGTXB-BK,Corsair,Neutron GTX 480GB,404,84.4,512,https://ssd.userbenchmark.com/SpeedTest/9137/Corsair-Neutron-GTX-SSD
SSD,SDSSDHII-480G-G25,SanDisk,Ultra II 480GB,405,84.3,96641,https://ssd.userbenchmark.com/SanDisk-Ultra-II-480GB/Rating/3473
SSD,,Samsung,SM841 2.5" 7mm 512GB,406,84.2,576,https://ssd.userbenchmark.com/SpeedTest/6119/SAMSUNG-SSD-SM841-25--7mm-512GB
SSD,TS512GMTS800,Transcend,MTS800 M.2 512GB,407,84.2,698,https://ssd.userbenchmark.com/SpeedTest/22251/TS512GMTS800
SSD,ASX930SS3-120GM-C,Adata,XPG SX930 120GB,408,84.1,1628,https://ssd.userbenchmark.com/Adata-XPG-SX930-120GB/Rating/3635
SSD,SSDSC2BP240G410,Intel,730 Series 240GB,409,83.9,8417,https://ssd.userbenchmark.com/Intel-730-Series-240GB/Rating/2031
SSD,CT960M500SSD1,Crucial,M500 960GB,410,83.8,4389,https://ssd.userbenchmark.com/SpeedTest/2379/Crucial-CT960M500SSD1
SSD,ARC100-25SAT3-120G,OCZ,ARC 100 120GB,411,83.8,4735,https://ssd.userbenchmark.com/OCZ-ARC-100-120GB/Rating/3487
SSD,PX-128M5P,Plextor,M5 Pro 128GB,412,83.8,4476,https://ssd.userbenchmark.com/Plextor-M5-Pro-128GB/Rating/1893
SSD,CT250MX200SSD3,Crucial,MX200 mSATA 250GB,413,83.7,1245,https://ssd.userbenchmark.com/SpeedTest/29438/Crucial--CT250MX200SSD3
SSD,WDS250G2B0A,WD,Blue 3D 250GB,414,83.5,39839,https://ssd.userbenchmark.com/WD-Blue-3D-250GB/Rating/3948
SSD,ZTSSD-A5P-240G-PE,Zotac,Premium Edition 240GB,415,83.5,1367,https://ssd.userbenchmark.com/Zotac-Premium-Edition-240GB/Rating/3598
SSD,TS512GMTS600,Transcend,MTS600 M.2 512GB,416,83.4,154,https://ssd.userbenchmark.com/SpeedTest/13460/TS512GMTS600
SSD,HDTS251EZSTA,Toshiba,HG5d Q Series 512GB,417,83.3,514,https://ssd.userbenchmark.com/SpeedTest/5182/TOSHIBA-THNSNH512GBST
SSD,HDTS251XZSTA,Toshiba,HG5d Q Series 512GB,417,83.3,514,https://ssd.userbenchmark.com/SpeedTest/5182/TOSHIBA-THNSNH512GBST
SSD,THNSNH512GBST,Toshiba,HG5d Q Series 512GB,417,83.3,514,https://ssd.userbenchmark.com/SpeedTest/5182/TOSHIBA-THNSNH512GBST
SSD,,Liteonit,LCS-256L9S-11 2.5 7mm 256GB,418,83.3,4915,https://ssd.userbenchmark.com/SpeedTest/11259/LITEONIT-LCS-256L9S-11-25-7mm-256GB
SSD,TS256GSSD370S,Transcend,SSD370S 256GB,419,83.2,17672,https://ssd.userbenchmark.com/SpeedTest/26718/TS256GSSD370S
SSD,,Samsung,SM841N 2.5 7mm 256GB,420,83.2,2088,https://ssd.userbenchmark.com/SpeedTest/12586/SAMSUNG-SSD-SM841N-25-7mm-256GB
SSD,ARC100-25SAT3-480G,OCZ,ARC 100 480GB,421,83.1,2295,https://ssd.userbenchmark.com/OCZ-ARC-100-480GB/Rating/3471
SSD,CT480M500SSD1,Crucial,M500 480GB,422,83,9168,https://ssd.userbenchmark.com/SpeedTest/2643/Crucial-CT480M500SSD1
SSD,,Liteonit,LCS-256M6S 2.5 7mm 256GB,423,83,11477,https://ssd.userbenchmark.com/SpeedTest/2535/LITEONIT-LCS-256M6S-25-7mm-256GB
SSD,TRN150-25SAT3-960G,OCZ,Trion 150 960GB,424,83,4533,https://ssd.userbenchmark.com/OCZ-Trion-150-960GB/Rating/3621
SSD,VTX460-25SAT3-120G,OCZ,Vertex 460 120GB,425,83,1011,https://ssd.userbenchmark.com/OCZ-Vertex-460-120GB/Rating/3488
SSD,WDS100T1B0A,WD,Blue 1TB,426,82.9,9088,https://ssd.userbenchmark.com/SpeedTest/186717/WDC-WDS100T1B0A-00H9H0
SSD,MKNSSDST480GB,Mushkin,Striker 480GB,427,82.9,253,https://ssd.userbenchmark.com/SpeedTest/24686/MKNSSDST480GB
SSD,ASX930SS3-240GM-C,Adata,XPG SX930 240GB,428,82.9,2189,https://ssd.userbenchmark.com/Adata-XPG-SX930-240GB/Rating/3636
SSD,CT256MX100SSD1,Crucial,MX100 256GB,429,82.8,55768,https://ssd.userbenchmark.com/Crucial-MX100-256GB/Rating/2317
SSD,SSD7CS2211-240-RB,PNY,CS2211 240GB,430,82.7,2391,https://ssd.userbenchmark.com/PNY-CS2211-240GB/Rating/3629
SSD,SSD7CS2211-240-PB,PNY,CS2211 240GB,430,82.7,2391,https://ssd.userbenchmark.com/PNY-CS2211-240GB/Rating/3629
SSD,CT525MX300SSD1,Crucial,MX300 525GB,431,82.7,149235,https://ssd.userbenchmark.com/Crucial-MX300-525GB/Rating/3643
SSD,,Liteonit,LCS-512M6S 2.5 7mm 512GB,432,82.6,1038,https://ssd.userbenchmark.com/SpeedTest/4103/LITEONIT-LCS-512M6S-25-7mm-512GB
SSD,PI240GS325SSDR,Patriot,Ignite 240GB,433,82.6,3510,https://ssd.userbenchmark.com/Patriot-Ignite-240GB/Rating/3573
SSD,ST240HM000,Seagate,600 240GB,434,82.5,3595,https://ssd.userbenchmark.com/Seagate-600-240GB/Rating/1601
SSD,SHSS37A/240G,HyperX,Savage 240GB,435,82.5,69096,https://ssd.userbenchmark.com/HyperX-Savage-240GB/Rating/3494
SSD,,Plextor,PX-256M5S 256GB,436,82.4,2817,https://ssd.userbenchmark.com/SpeedTest/1304/PLEXTOR-PX-256M5S
SSD,VTR180-25SAT3-120G,OCZ,Vector 180 120GB,437,82.4,466,https://ssd.userbenchmark.com/OCZ-Vector-180-120GB/Rating/3495
SSD,HDTS312EZSTA,Toshiba,Q Series Pro 128GB,438,82.3,2808,https://ssd.userbenchmark.com/Toshiba-Q-Series-Pro-128GB/Rating/1943
SSD,HDTS312XZSTA,Toshiba,Q Series Pro 128GB,438,82.3,2808,https://ssd.userbenchmark.com/Toshiba-Q-Series-Pro-128GB/Rating/1943
SSD,VTR150-25SAT3-120G,OCZ,Vector 150 120GB,439,82.2,1360,https://ssd.userbenchmark.com/OCZ-Vector-150-120GB/Rating/2242
SSD,SDSSDHII-240G-G25,SanDisk,Ultra II 240GB,440,82.2,53931,https://ssd.userbenchmark.com/SanDisk-Ultra-II-240GB/Rating/2548
SSD,CSSD-F256GBLX,Corsair,Force LX 256GB,441,82.2,2404,https://ssd.userbenchmark.com/SpeedTest/13556/CORSAIR-FORCE-LX-SSD
SSD,,Apple,SM0256F 251GB,442,82.2,361,https://ssd.userbenchmark.com/SpeedTest/3466/APPLE-SSD-SM0256F
SSD,,Samsung,SM841 2.5" 7mm 256GB,443,82.2,2869,https://ssd.userbenchmark.com/SpeedTest/4650/SAMSUNG-SSD-SM841-25--7mm-256GB
SSD,VX500-25SAT3-256G,Toshiba,OCZ VX500 256GB,444,82.1,217,https://ssd.userbenchmark.com/SpeedTest/193061/TOSHIBA-VX500
SSD,MKNSSDRE1TB,Mushkin,Reactor 1TB,445,82.1,14413,https://ssd.userbenchmark.com/Mushkin-Reactor-1TB/Rating/3583
SSD,MKNSSDE3480GB,Mushkin,ECO3 480GB,446,82.1,2923,https://ssd.userbenchmark.com/SpeedTest/82715/MKNSSDE3480GB
SSD,ASP610SS3-256GM-C,Adata,Premier SP610 256GB,447,82,1898,https://ssd.userbenchmark.com/Adata-Premier-SP610-256GB/Rating/3281
SSD,SKC400S37/512G,Kingston,SSDNow KC400 512GB,448,82,3735,https://ssd.userbenchmark.com/SpeedTest/72936/KINGSTON-SKC400S37512G
SSD,WDS100T1B0B,WD,Blue SATA M.2 1TB,449,81.9,3097,https://ssd.userbenchmark.com/SpeedTest/199326/WDC-WDS100T1B0B-00AS40
SSD,VTR180-25SAT3-120G,Toshiba,OCZ VT180 120GB,450,81.8,54,https://ssd.userbenchmark.com/SpeedTest/172941/TOSHIBA-VT180
SSD,SSD7CS1311-480-RB,PNY,CS1311 480GB,451,81.8,18922,https://ssd.userbenchmark.com/PNY-CS1311-480GB/Rating/3616
SSD,CSSD-P256GBP-BK,Corsair,Performance Pro 256GB,452,81.8,318,https://ssd.userbenchmark.com/Corsair-Performance-Pro-256GB/Rating/45
SSD,CT250BX100SSD1,Crucial,BX100 250GB,453,81.7,70307,https://ssd.userbenchmark.com/Crucial-BX100-250GB/Rating/3145
SSD,HDTS225EZSTA,Toshiba,HG5d Q Series 256GB,454,81.7,3223,https://ssd.userbenchmark.com/Toshiba-HG5d-Q-Series-256GB/Rating/1624
SSD,HDTS225XZSTA,Toshiba,HG5d Q Series 256GB,454,81.7,3223,https://ssd.userbenchmark.com/Toshiba-HG5d-Q-Series-256GB/Rating/1624
SSD,SSD7SC240GOPT-RB,PNY,Optima 240GB,455,81.7,788,https://ssd.userbenchmark.com/SpeedTest/7567/SSD2SC240G1SA754D117-443
SSD,SSD2SC240G1SA754D117,PNY,Optima 240GB,455,81.7,788,https://ssd.userbenchmark.com/SpeedTest/7567/SSD2SC240G1SA754D117-443
SSD,SDSSDH3-250G-G25,SanDisk,Ultra 3D 250GB,456,81.6,10025,https://ssd.userbenchmark.com/SanDisk-Ultra-3D-250GB/Rating/3952
SSD,THNSNS240GBSP,Toshiba,THNSNS Series 240GB,457,81.6,95,https://ssd.userbenchmark.com/SpeedTest/4786/TOSHIBA-THNSNS240GBSP
SSD,SSDSC2BB480G4,Intel,S3500 Series 480GB,458,81.6,1718,https://ssd.userbenchmark.com/SpeedTest/16864/INTEL-SSDSC2BB480G4
SSD,SD8SB8U-1T00-1122,SanDisk,X400 1TB,459,81.5,2748,https://ssd.userbenchmark.com/SpeedTest/66487/SanDisk-SD8SB8U1T001122
SSD,SD6SB2M-256G-1022I,SanDisk,X210 256GB,460,81.5,229,https://ssd.userbenchmark.com/SpeedTest/2244/SanDisk-SD6SB2M256G1022I
SSD,,Plextor,PX-256M6M 256GB,461,81.5,264,https://ssd.userbenchmark.com/SpeedTest/9887/PLEXTOR-PX-256M6M
SSD,SDSSDHP-256G-G25,SanDisk,Ultra Plus 256GB,462,81.4,17545,https://ssd.userbenchmark.com/SanDisk-Ultra-Plus-256GB/Rating/1511
SSD,WDS500G1B0A,WD,Blue 500GB,463,81.4,33731,https://ssd.userbenchmark.com/SpeedTest/192687/WDC-WDS500G1B0A-00H9H0
SSD,SDSSDHII-960G-G25,SanDisk,Ultra II 960GB,464,81.3,51938,https://ssd.userbenchmark.com/SanDisk-Ultra-II-960GB/Rating/3582
SSD,VTX460A-25SAT3-120G,OCZ,Vertex 460A 120GB,465,81.2,1032,https://ssd.userbenchmark.com/OCZ-Vertex-460A-120GB/Rating/3490
SSD,,Samsung,MZ7PD128HAFV-000 128GB,466,81.2,1744,https://ssd.userbenchmark.com/SpeedTest/9510/SAMSUNG-MZ7PD128HAFV-000
SSD,,Toshiba,THNSNH512GCST 512GB,467,81.1,323,https://ssd.userbenchmark.com/SpeedTest/12185/TOSHIBA-THNSNH512GCST
SSD,TRN150-25SAT3-480G,OCZ,Trion 150 480GB,468,81.1,21032,https://ssd.userbenchmark.com/OCZ-Trion-150-480GB/Rating/3620
SSD,CT960BX200SSD1,Crucial,BX200 960GB,469,81.1,1707,https://ssd.userbenchmark.com/Crucial-BX200-960GB/Rating/3628
SSD,CSSD-N240GBGTXB-BK,Corsair,Neutron GTX 240GB,470,81,3421,https://ssd.userbenchmark.com/Corsair-Neutron-GTX-240GB/Rating/1404
SSD,SD6SB2M-512G-1022I,SanDisk,X210 512GB,471,80.8,2276,https://ssd.userbenchmark.com/SpeedTest/16627/SanDisk-SD6SB2M512G1022I
SSD,RADEON-R7SSD-120G,OCZ,AMD Radeon R7 120GB,472,80.8,1695,https://ssd.userbenchmark.com/OCZ-AMD-Radeon-R7-120GB/Rating/3492
SSD,,Plextor,PX-256M3P 256GB,473,80.8,128,https://ssd.userbenchmark.com/SpeedTest/3332/PLEXTOR-PX-256M3P
SSD,SH103S3/240G,Kingston,HyperX 3K 240GB,474,80.6,27495,https://ssd.userbenchmark.com/Kingston-HyperX-3K-240GB/Rating/1818
SSD,2AP97AA#ABL,HP,S700 Pro 128GB,475,80.4,966,https://ssd.userbenchmark.com/SpeedTest/300937/HP-SSD-S700-Pro
SSD,HDTS212EZSTA,Toshiba,HG5d Q Series 128GB,476,80.3,2624,https://ssd.userbenchmark.com/SpeedTest/2325/TOSHIBA-THNSNH128GBST
SSD,HDTS212XZSTA,Toshiba,HG5d Q Series 128GB,476,80.3,2624,https://ssd.userbenchmark.com/SpeedTest/2325/TOSHIBA-THNSNH128GBST
SSD,THNSNH128GBST,Toshiba,HG5d Q Series 128GB,476,80.3,2624,https://ssd.userbenchmark.com/SpeedTest/2325/TOSHIBA-THNSNH128GBST
SSD,SSD7CS900-960-RB,PNY,CS900 960GB,477,80.3,10550,https://ssd.userbenchmark.com/SpeedTest/443150/PNY-CS900-960GB-SSD
SSD,CT120BX300SSD1,Crucial,BX300 120GB,478,80.2,12616,https://ssd.userbenchmark.com/Crucial-BX300-120GB/Rating/3945
SSD,MKNSSDTR480GB,Mushkin,Triactor 480GB,479,80.1,2400,https://ssd.userbenchmark.com/SpeedTest/80762/MKNSSDTR480GB
SSD,,Adata,SP600 256GB,480,80,4724,https://ssd.userbenchmark.com/SpeedTest/8707/ADATA-SP600
SSD,TS256GSSD370,Transcend,SSD370 256GB,481,80,5249,https://ssd.userbenchmark.com/Transcend-SSD370-256GB/Rating/2701
SSD,GP-GSTFS30512GTTD,Gigabyte,UD PRO 512GB,482,79.9,4055,https://ssd.userbenchmark.com/SpeedTest/522549/GIGABYTE-GP-GSTFS30512GTTD
SSD,,Samsung,MZFLV128 NVMe PCIe M.2 128GB,483,79.9,2328,https://ssd.userbenchmark.com/SpeedTest/36806/NVMe-SAMSUNG-MZFLV128
SSD,TS256GMTS600,Transcend,MTS600 M.2 256GB,484,79.9,210,https://ssd.userbenchmark.com/SpeedTest/15991/TS256GMTS600
SSD,CT525MX300SSD4,Crucial,MX300 SATA M.2 525GB,485,79.8,27593,https://ssd.userbenchmark.com/SpeedTest/174014/Crucial-CT525MX300SSD4
SSD,WDS250G2B0B,WD,Blue 3D SATA M.2 250GB,486,79.8,19579,https://ssd.userbenchmark.com/SpeedTest/341807/WDC-WDS250G2B0B-00YS70
SSD,ASP550SS3-960GM-C,Adata,Premier SP550 960GB,487,79.7,1212,https://ssd.userbenchmark.com/Adata-Premier-SP550-960GB/Rating/3625
SSD,SKC400S37/256G,Kingston,SSDNow KC400 256GB,488,79.4,4012,https://ssd.userbenchmark.com/SpeedTest/79042/KINGSTON-SKC400S37256G
SSD,ASP920SS3-512GM-C,Adata,Premier Pro SP920 512GB,489,79.3,361,https://ssd.userbenchmark.com/SpeedTest/26813/ADATA-SP920SS
SSD,WDS250G1B0A,WD,Blue 250GB,490,79.3,47561,https://ssd.userbenchmark.com/SpeedTest/191455/WDC-WDS250G1B0A-00H9H0
SSD,HDTS425XZSTA,Toshiba,Q300 Pro 256GB,491,79.2,1412,https://ssd.userbenchmark.com/SpeedTest/35467/TOSHIBA-Q300-Pro
SSD,CSSD-N256GB3-BK,Corsair,Neutron 256GB,492,79.2,1100,https://ssd.userbenchmark.com/SpeedTest/2557/Corsair-Neutron-SSD
SSD,MKNSSDE3240GB,Mushkin,ECO3 240GB,493,79.2,1245,https://ssd.userbenchmark.com/SpeedTest/82991/MKNSSDE3240GB
SSD,SD6SB1M-256G-1022I,SanDisk,X110 256GB,494,79.1,4989,https://ssd.userbenchmark.com/SpeedTest/6828/SanDisk-SD6SB1M256G1022I
SSD,MTFDDAK480MBB,Micron,M500DC 480GB,495,79.1,293,https://ssd.userbenchmark.com/SpeedTest/21867/Micron-M500DC-MT
SSD,SHSS37A/120G,HyperX,Savage 120GB,496,79.1,8855,https://ssd.userbenchmark.com/HyperX-Savage-120GB/Rating/3496
SSD,PX-256M5M,Plextor,M5M mSATA 256GB,497,79.1,416,https://ssd.userbenchmark.com/Plextor-M5M-mSATA-256GB/Rating/1626
SSD,ASP920SS3-256GM-C,Adata,Premier Pro SP920 256GB,498,79,2823,https://ssd.userbenchmark.com/Adata-Premier-Pro-SP920-256GB/Rating/3454
SSD,SD7UB2Q-512G-1022,SanDisk,X300s SATA 512GB,499,79,90,https://ssd.userbenchmark.com/SpeedTest/16017/SanDisk-SD7UB2Q512G1122
SSD,SSDSC2KW010X6,Intel,540s Series 1TB,500,78.9,1843,https://ssd.userbenchmark.com/SpeedTest/123180/INTEL-SSDSC2KW010X6
SSD,,Samsung,SM841 mSATA 256GB,501,78.9,1284,https://ssd.userbenchmark.com/SpeedTest/4244/SAMSUNG-SSD-SM841-mSATA-256GB
SSD,CSSD-F240GBGS-BK,Corsair,Force GS 240GB,502,78.9,4179,https://ssd.userbenchmark.com/SpeedTest/2047/Corsair-Force-GS
SSD,SKC400S37/128G,Kingston,SSDNow KC400 128GB,503,78.8,1282,https://ssd.userbenchmark.com/SpeedTest/78104/KINGSTON-SKC400S37128G
SSD,THNSNJ128GCSU,Toshiba,HG6 128GB,504,78.8,5641,https://ssd.userbenchmark.com/SpeedTest/12239/TOSHIBA-THNSNJ128GCSU
SSD,SSDSC2BB300G4,Intel,S3500 Series 300GB,505,78.8,488,https://ssd.userbenchmark.com/SpeedTest/9352/INTEL-SSDSC2BB300G4
SSD,,PNY,SSD2SC120G709A104-432278 120GB,506,78.8,112,https://ssd.userbenchmark.com/SpeedTest/7030/SSD2SC120G709A104-432278
SSD,,Micron,M600 SATA M.2 256GB,507,78.8,3266,https://ssd.userbenchmark.com/SpeedTest/22043/Micron-M600-MTFDDAV256MBF
SSD,,Liteonit,LMT-256 256GB,508,78.6,163,https://ssd.userbenchmark.com/SpeedTest/6096/LITEONIT-LITEONIT-LMT-256
SSD,TS256GSSD340,Transcend,SSD340 256GB,509,78.5,1962,https://ssd.userbenchmark.com/SpeedTest/3495/TS256GSSD340
SSD,CT500MX200SSD1,Crucial,MX200 500GB,510,78.5,25343,https://ssd.userbenchmark.com/Crucial-MX200-500GB/Rating/3504
SSD,WDS500G1B0B,WD,Blue SATA M.2 500GB,511,78.4,8413,https://ssd.userbenchmark.com/SpeedTest/209713/WDC-WDS500G1B0B-00AS40
SSD,HDTS412XZSTA,Toshiba,Q300 Pro 128GB,512,78.4,280,https://ssd.userbenchmark.com/SpeedTest/41261/TOSHIBA-Q300-Pro
SSD,SSDSC2CW240A3,Intel,520 Series 240GB,513,78.4,12595,https://ssd.userbenchmark.com/SpeedTest/3641/INTEL-SSDSC2CW240A3
SSD,PX-256M3,Plextor,M3 256GB,514,78.4,237,https://ssd.userbenchmark.com/SpeedTest/3752/PLEXTOR-PX-256M3
SSD,SKC300S37A/240G,Kingston,SSDNow KC300 240GB,515,78.3,2054,https://ssd.userbenchmark.com/SpeedTest/8366/KINGSTON-SKC300S37A240G
SSD,CSSD-N120GBGTXB-BK,Corsair,Neutron GTX 120GB,516,78.2,2261,https://ssd.userbenchmark.com/SpeedTest/1081/Corsair-Neutron-GTX-SSD
SSD,,Liteonit,LCS-128L9S-11 2.5 7mm 128GB,517,78.2,504,https://ssd.userbenchmark.com/SpeedTest/8908/LITEON-IT-LCS-128L9S-11-25-7mm-128GB
SSD,ST240FP0021,Seagate,600 Pro 240GB,518,78.2,351,https://ssd.userbenchmark.com/SpeedTest/7447/ST240FP0021
SSD,,Plextor,PX-128M5 128GB,519,78.1,177,https://ssd.userbenchmark.com/SpeedTest/4068/PLEXTOR-PX-128M5
SSD,CSSD-F240GBGT-BK,Corsair,Force GT 240GB,520,78.1,4125,https://ssd.userbenchmark.com/SpeedTest/1132/Corsair-Force-GT
SSD,,Samsung,SM841 2.5" 7mm 128GB,521,78,4859,https://ssd.userbenchmark.com/SpeedTest/5663/SAMSUNG-SSD-SM841-25--7mm-128GB
SSD,MKNSSDST240GB,Mushkin,Striker 240GB,522,77.9,124,https://ssd.userbenchmark.com/SpeedTest/36396/MKNSSDST240GB
SSD,MKNSSDTR240GB,Mushkin,Triactor 240GB,523,77.9,626,https://ssd.userbenchmark.com/SpeedTest/76610/MKNSSDTR240GB
SSD,SHSS37A/480G,HyperX,Savage 480GB,524,77.8,210,https://ssd.userbenchmark.com/HyperX-Savage-480GB/Rating/3602
SSD,,Plextor,PX-128M3P 128GB,525,77.8,229,https://ssd.userbenchmark.com/SpeedTest/3527/PLEXTOR-PX-128M3P
SSD,VX500-25SAT3-128G,Toshiba,OCZ VX500 128GB,526,77.8,108,https://ssd.userbenchmark.com/SpeedTest/194663/TOSHIBA-VX500
SSD,,Liteonit,LMT-256L9M-11 MSATA 256GB,527,77.8,2178,https://ssd.userbenchmark.com/SpeedTest/12690/LITEONIT-LMT-256L9M-11-MSATA-256GB
SSD,SH100S3/240G,Kingston,HyperX 240GB,528,77.7,502,https://ssd.userbenchmark.com/Kingston-HyperX-240GB/Rating/1327
SSD,CSSD-N240GB3-BK,Corsair,Neutron (v0) 240GB,529,77.7,368,https://ssd.userbenchmark.com/Corsair-Neutron-v0-240GB/Rating/1405
SSD,SD7SB3Q-128G-1002,SanDisk,X300s Non-Secure 256GB,530,77.5,2886,https://ssd.userbenchmark.com/SpeedTest/20604/SanDisk-SD7SB3Q256G1002
SSD,VTX3-25SAT3-240G,OCZ,Vertex 3 240GB,531,77.4,4893,https://ssd.userbenchmark.com/SpeedTest/2653/OCZ-VERTEX3
SSD,,Geil,Zenith A3 240GB,532,77.2,82,https://ssd.userbenchmark.com/SpeedTest/22706/GeIL-ZENITH-A3-240GB
SSD,HDTS748XZSTA,Toshiba,Q300 480GB,533,77.2,7123,https://ssd.userbenchmark.com/SpeedTest/38603/TOSHIBA-Q300
SSD,HDTS748EZSTA,Toshiba,Q300 480GB,533,77.2,7123,https://ssd.userbenchmark.com/SpeedTest/38603/TOSHIBA-Q300
SSD,CT1000MX200SSD1,Crucial,MX200 1TB,534,77.2,4563,https://ssd.userbenchmark.com/Crucial-MX200-1TB/Rating/3578
SSD,,Liteonit,LMT-256M6M 256GB,535,77.1,528,https://ssd.userbenchmark.com/SpeedTest/5242/LITEONIT-LMT-256M6M
SSD,SD5SB2-512G,SanDisk,X100 512GB,536,77.1,120,https://ssd.userbenchmark.com/SpeedTest/21973/SanDisk-SD5SB2512G
SSD,SSDSC2BB240G4,Intel,S3500 Series 240GB,537,77,644,https://ssd.userbenchmark.com/SpeedTest/14275/INTEL-SSDSC2BB240G4
SSD,CSSD-F240GBLEB,Corsair,Force LE 240GB,538,77,25755,https://ssd.userbenchmark.com/SpeedTest/42143/Corsair-Force-LE-SSD
SSD,SD8SB8U-512G-1122,SanDisk,X400 512GB,539,77,10359,https://ssd.userbenchmark.com/SpeedTest/74118/SanDisk-SD8SB8U512G1122
SSD,,Apple,SD0256F 251GB,540,77,296,https://ssd.userbenchmark.com/SpeedTest/6365/APPLE-SSD-SD0256F
SSD,GP-GSTFS30256GTTD,Gigabyte,UD PRO 256GB,541,77,2861,https://ssd.userbenchmark.com/SpeedTest/514244/GIGABYTE-GP-GSTFS30256GTTD
SSD,MKNSSDRE256GB,Mushkin,Reactor 256GB,542,76.9,1294,https://ssd.userbenchmark.com/SpeedTest/30195/MKNSSDRE256GB
SSD,,PNY,SSD2SC240GD4DH08B-T 240GB,543,76.8,115,https://ssd.userbenchmark.com/SpeedTest/7546/SSD2SC240GD4DH08B-T
SSD,CT480M500SSD3,Crucial,M500 mSATA 480GB,544,76.8,390,https://ssd.userbenchmark.com/SpeedTest/5698/Crucial-CT480M500SSD3
SSD,TS256GMTS400,Transcend,MTS400 M.2 256GB,545,76.8,1167,https://ssd.userbenchmark.com/SpeedTest/18101/TS256GMTS400
SSD,SDSSDHP-128G-G25,SanDisk,Ultra Plus 128GB,546,76.8,16709,https://ssd.userbenchmark.com/SanDisk-Ultra-Plus-128GB/Rating/1887
SSD,SSDSC2CT240A4K5,Intel,335 Series 240GB,547,76.8,4220,https://ssd.userbenchmark.com/Intel-335-Series-240GB/Rating/1942
SSD,ASX900S3-256GM-C,Adata,XPG SX900 256GB,548,76.6,6726,https://ssd.userbenchmark.com/Adata-XPG-SX900-256GB/Rating/1819
SSD,CT240M500SSD1,Crucial,M500 240GB,549,76.6,31779,https://ssd.userbenchmark.com/Crucial-M500-240GB/Rating/1551
SSD,ASP550SS3-480GM-C,Adata,Premier SP550 480GB,550,76.4,12234,https://ssd.userbenchmark.com/Adata-Premier-SP550-480GB/Rating/3624
SSD,SD8SB8U-256G-1122,SanDisk,X400 256GB,551,76.4,3059,https://ssd.userbenchmark.com/SpeedTest/81834/SanDisk-SD8SB8U256G1122
SSD,PPSE240GS25SSDR,Patriot,Pyro SE 240GB,552,76.4,49,https://ssd.userbenchmark.com/SpeedTest/15337/Patriot-Pyro-SE
SSD,,Toshiba,THNSNH128GCST 128GB,553,76.3,1729,https://ssd.userbenchmark.com/SpeedTest/5795/TOSHIBA-THNSNH128GCST
SSD,,Samsung,SM841 mSATA 128GB,554,76.2,865,https://ssd.userbenchmark.com/SpeedTest/6657/SAMSUNG-SSD-SM841-mSATA-128GB
SSD,,Samsung,SM841N mSATA 256GB,555,76.2,633,https://ssd.userbenchmark.com/SpeedTest/17959/SAMSUNG-SSD-SM841N-mSATA
SSD,,Liteonit,LMT-128L9M-11 MSATA 128GB,556,76.2,544,https://ssd.userbenchmark.com/SpeedTest/12669/LITEONIT-LMT-128L9M-11-MSATA-128GB
SSD,SDSSDX-240G-G25,SanDisk,Extreme 240GB,557,76.2,7034,https://ssd.userbenchmark.com/SanDisk-Extreme-240GB/Rating/1328
SSD,R3SL480G,AMD,Radeon R3 480GB,558,76.1,653,https://ssd.userbenchmark.com/SpeedTest/134345/R3SL480G
SSD,SSDSC2KW480H6,Intel,540s Series 480GB,559,76.1,5500,https://ssd.userbenchmark.com/SpeedTest/128513/INTEL-SSDSC2KW480H6
SSD,SDSSDHII-120G-G25,SanDisk,Ultra II 120GB,560,76,9139,https://ssd.userbenchmark.com/SanDisk-Ultra-II-120GB/Rating/3486
SSD,CT128MX100SSD1,Crucial,MX100 128GB,561,75.9,9892,https://ssd.userbenchmark.com/Crucial-MX100-128GB/Rating/2618
SSD,,Apple,SM0512F 500GB,562,75.9,524,https://ssd.userbenchmark.com/SpeedTest/9630/APPLE-SSD-SM0512F
SSD,TRN150-25SAT3-240G,OCZ,Trion 150 240GB,563,75.9,27969,https://ssd.userbenchmark.com/OCZ-Trion-150-240GB/Rating/3619
SSD,SSD7CS1311-240-RB,PNY,CS1311 240GB,564,75.8,50216,https://ssd.userbenchmark.com/PNY-CS1311-240GB/Rating/3615
SSD,,Samsung,MZNTE512HMJH-000SO 512GB,565,75.8,348,https://ssd.userbenchmark.com/SpeedTest/7215/SAMSUNG-MZNTE512HMJH-000SO
SSD,SSD7CS900-480-RB,PNY,CS900 480GB,566,75.8,32225,https://ssd.userbenchmark.com/SpeedTest/195106/PNY-CS900-480GB-SSD
SSD,SSDSC2BW240A4,Intel,530 Series 240GB,567,75.7,16872,https://ssd.userbenchmark.com/SpeedTest/3104/INTEL-SSDSC2BW240A4
SSD,,Liteonit,LCT-256M3S 2.5 7mm 256GB,568,75.7,2208,https://ssd.userbenchmark.com/SpeedTest/2666/LITEONIT-LCT-256M3S-25-7mm-256GB
SSD,ASP550SS3-240GM-C,Adata,Premier SP550 240GB,569,75.6,52177,https://ssd.userbenchmark.com/Adata-Premier-SP550-240GB/Rating/3623
SSD,ST120HM000,Seagate,600 120GB,570,75.6,655,https://ssd.userbenchmark.com/Seagate-600-120GB/Rating/1891
SSD,CT275MX300SSD1,Crucial,MX300 275GB,571,75.6,103714,https://ssd.userbenchmark.com/Crucial-MX300-275GB/Rating/3642
SSD,THNSNJ128G8NU,Toshiba,HG6 SATA M.2 128GB,572,75.5,5880,https://ssd.userbenchmark.com/SpeedTest/14053/TOSHIBA-THNSNJ128G8NU
SSD,SD6SN1M-256G,SanDisk,X110 SATA M.2 256GB,573,75.5,2150,https://ssd.userbenchmark.com/SpeedTest/10522/SanDisk-SD6SN1M-256G-1006
SSD,VTX450-25SAT3-128G,OCZ,Vertex 450 128GB,574,75.5,1040,https://ssd.userbenchmark.com/OCZ-Vertex-450-128GB/Rating/1896
SSD,,Liteonit,LAT-256M3S 256GB,575,75.4,575,https://ssd.userbenchmark.com/SpeedTest/9087/LITEONIT-LAT-256M3S
SSD,SSDSC2BW240H601,Intel,535 Series 240GB,576,75.4,11166,https://ssd.userbenchmark.com/Intel-535-Series-240GB/Rating/3500
SSD,CSSD-P128GBP-BK,Corsair,Performance Pro 128GB,577,75.4,268,https://ssd.userbenchmark.com/SpeedTest/5273/Corsair-Performance-Pro
SSD,,Liteonit,LCM-256M3S 256GB,578,75.3,782,https://ssd.userbenchmark.com/SpeedTest/5988/LITEONIT-LCM-256M3S
SSD,,Toshiba,THNSNS120GBSP 120GB,579,75.3,90,https://ssd.userbenchmark.com/SpeedTest/7190/TOSHIBA-THNSNS120GBSP
SSD,,OCZ,VERTEX2 240GB,580,75.2,3,https://ssd.userbenchmark.com/SpeedTest/127/OCZ-VERTEX2
SSD,VTX3MI-25SAT3-240G,OCZ,Vertex 3 MAX IOPS 240GB,581,75.2,1284,https://ssd.userbenchmark.com/OCZ-Vertex-3-MAX-IOPS-240GB/Rating/376
SSD,CT240BX200SSD1,Crucial,BX200 240GB,582,75.1,65259,https://ssd.userbenchmark.com/Crucial-BX200-240GB/Rating/3626
SSD,CT480BX200SSD1,Crucial,BX200 480GB,583,75,16939,https://ssd.userbenchmark.com/Crucial-BX200-480GB/Rating/3627
SSD,,Samsung,MZ7TE512HMHP-000 512GB,584,75,3033,https://ssd.userbenchmark.com/SpeedTest/10608/SAMSUNG-MZ7TE512HMHP-000
SSD,THNSNJ256GMCU,Toshiba,HG6 mSATA 256GB,585,74.9,1754,https://ssd.userbenchmark.com/SpeedTest/10622/TOSHIBA-THNSNJ256GMCU
SSD,TS256GMTS800,Transcend,MTS800 M.2 256GB,586,74.9,2362,https://ssd.userbenchmark.com/SpeedTest/20255/TS256GMTS800
SSD,SD7SN3Q-256G-1002,SanDisk,X300s SATA M.2 256GB,587,74.8,916,https://ssd.userbenchmark.com/SpeedTest/25276/SanDisk-SD7SN3Q256G1002
SSD,PX-128M5M,Plextor,M5M mSATA 128GB,588,74.8,583,https://ssd.userbenchmark.com/SpeedTest/5214/PLEXTOR-PX-128M5M
SSD,SD7SB6S-256G-1122,SanDisk,X300 256GB,589,74.8,3404,https://ssd.userbenchmark.com/SpeedTest/19618/SanDisk-SD7SB6S256G1122
SSD,RVD3X2-FHPX4-240G,OCZ,RevoDrive 3 X2 PCIe 240GB,590,74.7,1088,https://ssd.userbenchmark.com/SpeedTest/6546/OCZ-REVODRIVE3-X2
SSD,MKNSSDCR240GB-DX,Mushkin,Chronos Deluxe 240GB,591,74.7,1826,https://ssd.userbenchmark.com/Mushkin-Chronos-Deluxe-240GB/Rating/1820
SSD,SA400S37/480G,Kingston,A400 480GB,592,74.7,415649,https://ssd.userbenchmark.com/SpeedTest/296710/KINGSTON-SA400S37480G
SSD,VTX3-25SAT3-256G,OCZ,Vertex 3 256GB,593,74.7,66,https://ssd.userbenchmark.com/SpeedTest/5486/OCZ-VERTEX3
SSD,WDS250G1B0B,WD,Blue SATA M.2 250GB,594,74.7,13463,https://ssd.userbenchmark.com/SpeedTest/190515/WDC-WDS250G1B0B-00AS40
SSD,TS256GSSD320,Transcend,SSD320 256GB,595,74.6,181,https://ssd.userbenchmark.com/SpeedTest/3357/TS256GSSD320
SSD,SSDSC2CT240A3,Intel,330 Series 240GB,596,74.4,1960,https://ssd.userbenchmark.com/SpeedTest/3643/INTEL-SSDSC2CT240A3
SSD,PX-128M6V,Plextor,M6V 128GB,597,74.4,405,https://ssd.userbenchmark.com/SpeedTest/31385/PLEXTOR-PX-128M6V
SSD,TS256GMSA370,Transcend,MSA370 mSATA 256GB,598,74.3,246,https://ssd.userbenchmark.com/SpeedTest/16272/TS256GMSA370
SSD,,Geil,Zenith S3 240GB,599,74.3,81,https://ssd.userbenchmark.com/SpeedTest/15208/GeIL-ZENITH-S3-240GB
SSD,CSSD-F128GBGS-BK,Corsair,Force GS 128GB,600,74.3,5048,https://ssd.userbenchmark.com/SpeedTest/3191/Corsair-Force-GS
SSD,,Liteonit,LCT-256M3S-41 7mm 256GB FDE,601,74.2,294,https://ssd.userbenchmark.com/SpeedTest/5825/LITEONIT-LCT-256M3S-41-7mm-256GB-FDE
SSD,TS256GSSD720,Transcend,SD720 256GB,602,74.2,312,https://ssd.userbenchmark.com/SpeedTest/11778/TS256GSS-TS256GSSD720
SSD,THNSNH128GMCT,Toshiba,HG5d Q Series mSATA 128GB,603,74.1,741,https://ssd.userbenchmark.com/SpeedTest/3134/TOSHIBA-THNSNH128GMCT
SSD,SH103S3/120G,Kingston,HyperX 3K 120GB,604,74.1,46066,https://ssd.userbenchmark.com/Kingston-HyperX-3K-120GB/Rating/1894
SSD,SSDSC2CW120A3,Intel,520 Series 120GB,605,74,19348,https://ssd.userbenchmark.com/Intel-520-Series-120GB/Rating/1935
SSD,ASP900S3-256GM-C,Adata,SP900 256GB,606,74,9430,https://ssd.userbenchmark.com/SpeedTest/3534/ADATA-SP900
SSD,,Liteonit,L8T-128L6G-HP 128GB,607,74,473,https://ssd.userbenchmark.com/SpeedTest/4986/LITEONIT-L8T-128L6G-HP
SSD,SSDSC2KW128G8,Intel,545s Series 128GB,608,73.8,3955,https://ssd.userbenchmark.com/SpeedTest/372338/INTEL-SSDSC2KW128G8
SSD,AS511S3-240GM-C,Adata,S511 240GB,609,73.7,59,https://ssd.userbenchmark.com/SpeedTest/2462/ADATA-SS-D-S511-240GB
SSD,ASU635SS-960GQ-R,Adata,SU635 960GB,610,73.5,2004,https://ssd.userbenchmark.com/SpeedTest/802076/ADATA-SU635
SSD,,Adata,SP600 128GB,611,73.4,8600,https://ssd.userbenchmark.com/SpeedTest/7306/ADATA-SP600
SSD,VTX3MI-25SAT3-120G,OCZ,Vertex 3 MAX IOPS 120GB,612,73.4,3124,https://ssd.userbenchmark.com/SpeedTest/1201/OCZ-VERTEX3-MI
SSD,SSDSC2BW180H601,Intel,535 Series 180GB,613,73.4,480,https://ssd.userbenchmark.com/SpeedTest/27834/INTEL-SSDSC2BW180H6
SSD,R3SL240G,AMD,Radeon R3 240GB,614,73.3,5544,https://ssd.userbenchmark.com/SpeedTest/134613/R3SL240G
SSD,PX-128M3,Plextor,M3 128GB,615,73.3,702,https://ssd.userbenchmark.com/SpeedTest/1301/PLEXTOR-PX-128M3
SSD,SD5SB2-128G-1006E,SanDisk,X100 128GB,616,73.2,1695,https://ssd.userbenchmark.com/SpeedTest/3767/SanDisk-SD5SB2-128G-1006E
SSD,MZ-7PC512B/WW,Samsung,830 512GB,617,73.2,1815,https://ssd.userbenchmark.com/SpeedTest/1612/SAMSUNG-SSD-830-Series
SSD,,SK,hynix SH920 2.5 256GB,618,73.1,2404,https://ssd.userbenchmark.com/SpeedTest/6594/SK--hynix-SH920-25
SSD,SD6SN1M-128G,SanDisk,X110 SATA M.2 128GB,619,73.1,770,https://ssd.userbenchmark.com/SpeedTest/9934/SanDisk-SD6SN1M128G1002
SSD,SSD2SC240GE2DA16B-T,PNY,XLR8 Pro 240GB,620,73.1,70,https://ssd.userbenchmark.com/SpeedTest/19864/SSD2SC240GE2DA16B-T
SSD,SD7UB3Q-128G-1122,SanDisk,X300s SATA 128GB,621,73.1,229,https://ssd.userbenchmark.com/SpeedTest/17035/SanDisk-SD7UB3Q128G1122
SSD,HDTS724XZSTA,Toshiba,Q300 240GB,622,73,6725,https://ssd.userbenchmark.com/SpeedTest/35974/TOSHIBA-Q300
SSD,HDTS724EZSTA,Toshiba,Q300 240GB,622,73,6725,https://ssd.userbenchmark.com/SpeedTest/35974/TOSHIBA-Q300
SSD,PX-128M5S,Plextor,M5S 128GB,623,73,5727,https://ssd.userbenchmark.com/Plextor-M5S-128GB/Rating/2261
SSD,CSSD-F180GBGS-BK,Corsair,Force GS 180GB,624,73,623,https://ssd.userbenchmark.com/SpeedTest/1010/Corsair-Force-GS
SSD,SSDSC2KW240H6,Intel,540s Series 240GB,625,72.9,11312,https://ssd.userbenchmark.com/SpeedTest/125849/INTEL-SSDSC2KW240H6
SSD,SD6SF1M-256G-1022,SanDisk,X110 mSATA 256GB,626,72.9,304,https://ssd.userbenchmark.com/SpeedTest/10872/SanDisk-SD6SF1M256G1022
SSD,SSDMCEAC240B301,Intel,525 Series mSATA 240GB,627,72.8,119,https://ssd.userbenchmark.com/Intel-525-Series-mSATA-240GB/Rating/1509
SSD,,SK,hynix SH920 2.5 128GB,628,72.8,854,https://ssd.userbenchmark.com/SpeedTest/12032/SK--hynix-SH920-25
SSD,SSDSC2CT180A4K5,Intel,335 Series 180GB,629,72.8,2872,https://ssd.userbenchmark.com/SpeedTest/1641/INTEL-SSDSC2CT180A4
SSD,,Samsung,SM841N mSATA 512GB,630,72.8,375,https://ssd.userbenchmark.com/SpeedTest/11367/SAMSUNG-SSD-SM841N-mSATA
SSD,,Samsung,SM841 mSATA 512GB,631,72.8,519,https://ssd.userbenchmark.com/SpeedTest/4000/SAMSUNG-SSD-SM841-mSATA-512GB
SSD,,Liteonit,LMT-256M6M mSATA 256GB,632,72.7,4013,https://ssd.userbenchmark.com/SpeedTest/2486/LITEONIT-LMT-256M6M-mSATA-256GB
SSD,,Team,XS3 SSD 240GB,633,72.4,22,https://ssd.userbenchmark.com/SpeedTest/8108/TEAM-XS3-SSD
SSD,AGT4-25SAT3-256G,OCZ,Agility 4 256GB,634,72.3,1416,https://ssd.userbenchmark.com/OCZ-Agility-4-256GB/Rating/1606
SSD,,Samsung,MZMTE512HMHP-00000 512GB,635,72.3,360,https://ssd.userbenchmark.com/SpeedTest/5246/SAMSUNG-MZMTE512HMHP-00000
SSD,CT275MX300SSD4,Crucial,MX300 SATA M.2 275GB,636,72.3,29169,https://ssd.userbenchmark.com/SpeedTest/159989/Crucial-CT275MX300SSD4
SSD,,,INTENSO 256GB,637,72.1,4055,https://ssd.userbenchmark.com/SpeedTest/6851/INTENSO
SSD,,Plextor,PX-128M2P 128GB,638,72,77,https://ssd.userbenchmark.com/SpeedTest/6634/PLEXTOR--PX-128M2P
SSD,SD8SB8U-128G-1122,SanDisk,X400 128GB,639,71.9,1439,https://ssd.userbenchmark.com/SpeedTest/68942/SanDisk-SD8SB8U128G1122
SSD,MZ-7PC256B/WW,Samsung,830 256GB,640,71.8,25763,https://ssd.userbenchmark.com/Samsung-830-256GB/Rating/1387
SSD,VTX4-25SAT3-64G,OCZ,Vertex 4 64GB,641,71.8,525,https://ssd.userbenchmark.com/SpeedTest/1650/OCZ-VERT-OCZ-VERTEX4
SSD,SVP200S3/240G,Kingston,SSDNow V+200 240GB,642,71.8,568,https://ssd.userbenchmark.com/Kingston-SSDNow-V-200-240GB/Rating/1445
SSD,,Toshiba,THNSNH256G8NT 256GB,643,71.8,345,https://ssd.userbenchmark.com/SpeedTest/12184/TOSHIBA-THNSNH256G8NT
SSD,,Samsung,SM841N mSATA 128GB,644,71.8,75,https://ssd.userbenchmark.com/SpeedTest/13601/SAMSUNG-SSD-SM841N-mSATA
SSD,SVP200S37A120G,Kingston,SSDNow V+200 Series 120GB,645,71.7,932,https://ssd.userbenchmark.com/SpeedTest/1218/KINGSTON-SVP200S3120G
SSD,MKNSSDCR240GB,Mushkin,Chronos 240GB,646,71.7,690,https://ssd.userbenchmark.com/Mushkin-Chronos-240GB/Rating/1622
SSD,CSSD-F180GBGT-BK,Corsair,Force GT 180GB,647,71.6,889,https://ssd.userbenchmark.com/SpeedTest/1126/Corsair-Force-GT
SSD,,Liteonit,LMT-128M6M mSATA 128GB,648,71.6,1674,https://ssd.userbenchmark.com/SpeedTest/5385/LITEONIT-LMT-128M6M-mSATA-128GB
SSD,SSDSC2CW180A3,Intel,520 Series 180GB,649,71.5,14258,https://ssd.userbenchmark.com/SpeedTest/4086/INTEL-SSDSC2CW180A3
SSD,SSD7CS900-240-RB,PNY,CS900 240GB,650,71.5,108258,https://ssd.userbenchmark.com/SpeedTest/180142/PNY-CS900-240GB-SSD
SSD,SKC300S37A/120G,Kingston,SSDNow KC300 120GB,651,71.5,2344,https://ssd.userbenchmark.com/Kingston-SSDNow-KC300-120GB/Rating/2264
SSD,SD6SP1M-256G-1012,SanDisk,X110 SATA M.2 256GB,652,71.4,378,https://ssd.userbenchmark.com/SpeedTest/8660/SanDisk-SD6SP1M256G1012
SSD,THNSNJ128GMCU,Toshiba,HG6 mSATA 128GB,653,71.4,3217,https://ssd.userbenchmark.com/SpeedTest/10610/TOSHIBA-THNSNJ128GMCU
SSD,SSDSC2BF240A4L,Intel,SSD Pro 1500 Series 240GB,654,71.4,4505,https://ssd.userbenchmark.com/SpeedTest/6255/INTEL-SS-DSC2BF240A4L
SSD,SSDSC2BF240A401,Intel,SSD Pro 1500 Series 240GB,654,71.4,4505,https://ssd.userbenchmark.com/SpeedTest/6255/INTEL-SS-DSC2BF240A4L
SSD,THNSNH256GMCT,Toshiba,HG5d Q Series mSATA 256GB,655,71.4,1242,https://ssd.userbenchmark.com/SpeedTest/5507/TOSHIBA-THNSNH256GMCT
SSD,CSSD-F128GBLX,Corsair,Force LX 128GB,656,71.4,1867,https://ssd.userbenchmark.com/SpeedTest/12531/CORSAIR-FORCE-LX-SSD
SSD,,Patriot,Blast 240GB,657,71.2,7552,https://ssd.userbenchmark.com/SpeedTest/33423/Patriot-Blast
SSD,ASP550SS3-120GM-C,Adata,Premier SP550 120GB,658,71.2,49493,https://ssd.userbenchmark.com/Adata-Premier-SP550-120GB/Rating/3622
SSD,SD6SB1M-128G-1022I,SanDisk,X110 128GB,659,71.1,11245,https://ssd.userbenchmark.com/SpeedTest/8226/SanDisk-SD6SB1M128G1022I
SSD,,Liteonit,LMT-19nmBGA-256G-DS 256GB,660,71.1,67,https://ssd.userbenchmark.com/SpeedTest/4373/LITEONIT-LMT-19nmBGA-256G-DS
SSD,SD7SB6S-128G-1122,SanDisk,X300 128GB,661,71.1,6745,https://ssd.userbenchmark.com/SpeedTest/20791/SanDisk-SD7SB6S128G1122
SSD,SSDSC2BW180A4,Intel,530 Series 180GB,662,71,4011,https://ssd.userbenchmark.com/SpeedTest/4282/INTEL-SSDSC2BW180A4
SSD,SSD7CS1311-120-RB,PNY,CS1311 120GB,663,71,29249,https://ssd.userbenchmark.com/PNY-CS1311-120GB/Rating/3614
SSD,,Liteonit,LMT-256M6M-HP 256GB,664,71,344,https://ssd.userbenchmark.com/SpeedTest/7110/LITEONIT-LMT-256M6M-HP
SSD,SKC300S37A/180G,Kingston,SSDNow KC300 180GB,665,70.9,410,https://ssd.userbenchmark.com/SpeedTest/5528/KINGSTON-SKC300S37A180G
SSD,,SanDisk,mSATA SD5SE2256G1002E 256GB,666,70.8,860,https://ssd.userbenchmark.com/SpeedTest/3945/SanDisk-SD5SE2256G1002E
SSD,SHFS37A/240G,HyperX,Fury 240GB,667,70.8,27826,https://ssd.userbenchmark.com/SpeedTest/13145/KINGSTON-SHFS37A240G
SSD,TS128GSSD370,Transcend,SSD370 128GB,668,70.8,4687,https://ssd.userbenchmark.com/Transcend-SSD370-128GB/Rating/2699
SSD,,Liteonit,LMT-128M6M 128GB,669,70.7,622,https://ssd.userbenchmark.com/SpeedTest/4933/LITEONIT-LMT-128M6M
SSD,ASP610SS3-128GM-C,Adata,Premier SP610 128GB,670,70.7,819,https://ssd.userbenchmark.com/SpeedTest/13709/ADATA-SP610
SSD,CT120BX100SSD1,Crucial,BX100 120GB,671,70.5,9866,https://ssd.userbenchmark.com/Crucial-BX100-120GB/Rating/3489
SSD,TRN150-25SAT3-120G,OCZ,Trion 150 120GB,672,70.4,6443,https://ssd.userbenchmark.com/OCZ-Trion-150-120GB/Rating/3618
SSD,TS240GSSD220S,Transcend,SSD220 240GB,673,70.2,21944,https://ssd.userbenchmark.com/SpeedTest/129705/TS240GSSD220S
SSD,ASU800SS-128GT-C,Adata,Ultimate SU800 128GB,674,70.2,68617,https://ssd.userbenchmark.com/Adata-Ultimate-SU800-128GB/Rating/3911
SSD,TRN100-25SAT3-960G,OCZ,Trion 100 960GB,675,70.2,1377,https://ssd.userbenchmark.com/SpeedTest/34219/OCZ-TRION100
SSD,RVD3-FHPX4-240G,OCZ,RevoDrive 3 PCIe 240GB,676,70.2,224,https://ssd.userbenchmark.com/SpeedTest/1346/OCZ-REVODRIVE3
SSD,SSD7SC120GOPT-RB,PNY,Optima 120GB,677,70.1,197,https://ssd.userbenchmark.com/SpeedTest/15456/SSD2SC120G1SA754D117-443
SSD,SSD2SC120G1SA754D117,PNY,Optima 120GB,677,70.1,197,https://ssd.userbenchmark.com/SpeedTest/15456/SSD2SC120G1SA754D117-443
SSD,SUV400S37/480G,Kingston,SSDNow UV400 480GB,678,70.1,46808,https://ssd.userbenchmark.com/SpeedTest/138433/KINGSTON-SUV400S37480G
SSD,,SK,hynix SH920 mSATA 256GB,679,70.1,756,https://ssd.userbenchmark.com/SpeedTest/5328/SK-hynix-SH920-mSATA-256GB
SSD,SD7SB3Q-128G-1002,SanDisk,X300s Non-Secure 128GB,680,70.1,1952,https://ssd.userbenchmark.com/SpeedTest/21087/SanDisk-SD7SB3Q128G1002
SSD,CSSD-N128GB3-BK,Corsair,Neutron 128GB,681,70,711,https://ssd.userbenchmark.com/SpeedTest/5914/Corsair-Neutron-SSD
SSD,,Liteonit,LCT-512M3S 512GB,682,69.9,161,https://ssd.userbenchmark.com/SpeedTest/5388/LITEONIT-LCT-512M3S
SSD,SUV400S37/240G,Kingston,SSDNow UV400 240GB,683,69.9,199852,https://ssd.userbenchmark.com/SpeedTest/137815/KINGSTON-SUV400S37240G
SSD,,Team,L3 SSD 240GB,684,69.9,463,https://ssd.userbenchmark.com/SpeedTest/6481/TEAM-L3-SSD-240GB
SSD,,OCZ,AGILITY4 128GB,685,69.7,1160,https://ssd.userbenchmark.com/SpeedTest/557/OCZ-AGILITY4
SSD,ASU650SS-480GT-C,Adata,SU650 480GB,686,69.7,34351,https://ssd.userbenchmark.com/SpeedTest/434166/ADATA-SU650
SSD,SD6SF1M-128G-1022,SanDisk,X110 mSATA 128GB,687,69.6,987,https://ssd.userbenchmark.com/SanDisk-X110-mSATA-128GB/Rating/2213
SSD,CT240M500SSD3,Crucial,M500 mSATA 240GB,688,69.6,1180,https://ssd.userbenchmark.com/SpeedTest/4823/Crucial--CT240M500SSD3
SSD,MZ-7TD250BW,Samsung,840 250GB,689,69.6,41998,https://ssd.userbenchmark.com/Samsung-840-250GB/Rating/1510
SSD,CSSD-F120GBGT-BK,Corsair,Force GT 120GB,690,69.4,13464,https://ssd.userbenchmark.com/SpeedTest/1263/Corsair-Force-GT
SSD,SD6SP1M-128G-1012,SanDisk,X110 SATA M.2 128GB,691,69.3,1560,https://ssd.userbenchmark.com/SpeedTest/20731/SanDisk-SD6SP1M128G1012
SSD,SDSSDHP-064-G25,SanDisk,Ultra Plus 64GB,692,69.2,1117,https://ssd.userbenchmark.com/SpeedTest/6401/SanDisk-SDSSDHP064G
SSD,SSDSC2BW120H601,Intel,535 Series 120GB,693,69.1,7485,https://ssd.userbenchmark.com/SpeedTest/28259/INTEL-SSDSC2BW120H6
SSD,SSDSC2BF180A4L,Intel,SSD Pro 1500 Series 180GB,694,69.1,7834,https://ssd.userbenchmark.com/SpeedTest/2904/INTEL-SSDSC2BF180A4L
SSD,SSDSC2BF180A401,Intel,SSD Pro 1500 Series 180GB,694,69.1,7834,https://ssd.userbenchmark.com/SpeedTest/2904/INTEL-SSDSC2BF180A4L
SSD,SD7SN3Q-128G-1002,SanDisk,X300s SATA M.2 128GB,695,69.1,784,https://ssd.userbenchmark.com/SpeedTest/25335/SanDisk-SD7SN3Q-128G-1006
SSD,,Samsung,PM851 mSATA 512GB,696,69,958,https://ssd.userbenchmark.com/SpeedTest/8717/SAMSUNG-SSD-PM851-mSATA-512GB
SSD,,PNY,SSD2SC240G3LC726B104-327 240GB,697,68.8,95,https://ssd.userbenchmark.com/SpeedTest/5640/SSD2SC240G3LC726B104-327
SSD,GP-GSTFS31240GNTD,Gigabyte,SSD 240GB,698,68.8,47060,https://ssd.userbenchmark.com/SpeedTest/554572/GIGABYTE-GP-GSTFS31240GNTD
SSD,R3SL120G,AMD,Radeon R3 120GB,699,68.7,5025,https://ssd.userbenchmark.com/SpeedTest/124132/R3SL120G
SSD,ASP900S3-128GM-C,Adata,Premier Pro SP900 128GB,700,68.6,2820,https://ssd.userbenchmark.com/Adata-Premier-Pro-SP900-128GB/Rating/1930
SSD,SSDSC2CT180A3,Intel,330 Series 180GB,701,68.6,5848,https://ssd.userbenchmark.com/SpeedTest/261/INTEL-SSDSC2CT180A3
SSD,VTX3-25SAT3-120G,OCZ,Vertex 3 120GB,702,68.6,25948,https://ssd.userbenchmark.com/OCZ-Vertex-3-120GB/Rating/1927
SSD,,Liteonit,LMT-19nmBGA-128G 128GB,703,68.6,387,https://ssd.userbenchmark.com/SpeedTest/4185/LITEONIT-LMT-19nmBGA-128G
SSD,,PNY,SSD2SC240G5LC726B104-298 240GB,704,68.6,160,https://ssd.userbenchmark.com/SpeedTest/10419/SSD2SC240G5LC726B104-298
SSD,SDSSDX-120G-G25,SanDisk,Extreme 120GB,705,68.5,11787,https://ssd.userbenchmark.com/SpeedTest/1102/SanDisk-SDSSDX120GG25
SSD,MKNSSDEC240GB,Mushkin,ECO2 240GB,706,68.5,437,https://ssd.userbenchmark.com/SpeedTest/24676/MKNSSDEC240GB
SSD,ASU650SS-240GT-C,Adata,SU650 240GB,707,68.5,81465,https://ssd.userbenchmark.com/SpeedTest/351933/ADATA-SU650
SSD,,Samsung,PM830 512GB,708,68.5,611,https://ssd.userbenchmark.com/SpeedTest/2045/SAMSUNG-SSD-PM830-25--7
SSD,ASP920SS3-128GM-C,Adata,Premier Pro SP920 128GB,709,68.1,3548,https://ssd.userbenchmark.com/SpeedTest/10618/ADATA-SP920SS
SSD,ASX900S3-128GM-C,Adata,XPG SX900 128GB,710,68.1,6500,https://ssd.userbenchmark.com/Adata-XPG-SX900-128GB/Rating/3491
SSD,TRN100-25SAT3-480G,OCZ,Trion 100 480GB,711,68,2364,https://ssd.userbenchmark.com/SpeedTest/32318/OCZ-TRION100
SSD,MKNSSDCR120GB-DX,Mushkin,Chronos Deluxe 120GB,712,68,368,https://ssd.userbenchmark.com/SpeedTest/4583/MKNSSDCR120GB-DX
SSD,HG5D,Toshiba,HG5d SATA M.2 128GB,713,68,410,https://ssd.userbenchmark.com/SpeedTest/6450/TOSHIBA-THNSNH128G8NT
SSD,THNSNH128G8NT,Toshiba,HG5d SATA M.2 128GB,713,68,410,https://ssd.userbenchmark.com/SpeedTest/6450/TOSHIBA-THNSNH128G8NT
SSD,HDTS712XZSTA,Toshiba,Q300 120GB,714,67.9,3456,https://ssd.userbenchmark.com/SpeedTest/35283/TOSHIBA-Q300
SSD,HDTS712EZSTA,Toshiba,Q300 120GB,714,67.9,3456,https://ssd.userbenchmark.com/SpeedTest/35283/TOSHIBA-Q300
SSD,CSSD-F240GBLS,Corsair,Force LS 240GB,715,67.9,4081,https://ssd.userbenchmark.com/Corsair-Force-LS-240GB/Rating/3340
SSD,SSDSC2CT120A3,Intel,330 Series 120GB,716,67.8,11188,https://ssd.userbenchmark.com/Intel-330-Series-120GB/Rating/1933
SSD,AS511S3-120GM-C,Adata,S511 120GB,717,67.8,604,https://ssd.userbenchmark.com/SpeedTest/4509/ADATA-SSD-S511-120GB
SSD,,Toshiba,THNSNF128GCSS 128GB,718,67.7,2061,https://ssd.userbenchmark.com/SpeedTest/5540/TOSHIBA-THNSNF128GCSS
SSD,CT960BX500SSD1,Crucial,BX500 960GB,719,67.5,19670,https://ssd.userbenchmark.com/SpeedTest/666214/CT960BX500SSD1
SSD,,Apple,SM256E 251GB,720,67.4,850,https://ssd.userbenchmark.com/SpeedTest/1438/APPLE-SSD-SM256E
SSD,PW120GS25SSDR,Patriot,Wildfire 120GB,721,67.4,279,https://ssd.userbenchmark.com/Patriot-Wildfire-120GB/Rating/2235
SSD,SSDSC2BW120A401,Intel,530 Series 120GB,722,67.4,15015,https://ssd.userbenchmark.com/Intel-530-Series-120GB/Rating/1934
SSD,,,HFS128G3AMNB-2200A 128GB,723,67.3,1805,https://ssd.userbenchmark.com/SpeedTest/5987/HFS128G3AMNB-2200A
SSD,,Liteonit,LCT-128M3S 128GB,724,67.2,2346,https://ssd.userbenchmark.com/SpeedTest/4678/LITEONIT-LCT-128M3S
SSD,TS128GSSD720,Transcend,SSD720 128GB,725,67.2,494,https://ssd.userbenchmark.com/SpeedTest/8724/TS128GSSD720
SSD,,,MXSSD3MDSF-120G 120GB,726,67.1,14,https://ssd.userbenchmark.com/SpeedTest/10325/MXSSD3MDSF-120G
SSD,SH100S3/120G,Kingston,HyperX 120GB,727,67.1,3401,https://ssd.userbenchmark.com/SpeedTest/1716/KINGSTON-SH100S3120G
SSD,TS128GSSD340,Transcend,SSD340 128GB,728,67.1,2082,https://ssd.userbenchmark.com/SpeedTest/5472/TS128GSSD340
SSD,SMS200S3/120G,Kingston,SSDNow mS200 mSATA 120GB,729,67,901,https://ssd.userbenchmark.com/SpeedTest/536/KINGSTON-SMS200S3120G
SSD,2DP99AA#ABC,HP,S700 500GB,730,67,23731,https://ssd.userbenchmark.com/SpeedTest/337629/HP-SSD-S700-500GB
SSD,CT512M4SSD2,Crucial,M4 512GB,731,66.9,4600,https://ssd.userbenchmark.com/SpeedTest/144/M4-CT512M4SSD2
SSD,THNSNS128GMCP,Toshiba,THNSNS Series mSATA PCI-E 128GB ,732,66.9,614,https://ssd.userbenchmark.com/SpeedTest/3823/TOSHIBA-THNSNS128GMCP
SSD,,Apple,SM512E 500GB,733,66.8,514,https://ssd.userbenchmark.com/SpeedTest/2941/APPLE-SSD-SM512E
SSD,SD6SB1M-064G,SanDisk,X110 64GB,734,66.8,656,https://ssd.userbenchmark.com/SpeedTest/8361/SanDisk-SD6SB1M064G
SSD,,Geil,Zenith A3 120GB,735,66.8,118,https://ssd.userbenchmark.com/SpeedTest/16792/GeIL-ZENITH-A3-120GB
SSD,,OCZ,AGILITY4 512GB,736,66.8,145,https://ssd.userbenchmark.com/SpeedTest/11959/OCZ-AGILITY4
SSD,SD8SBAT-256G-1122,SanDisk,Z400s 256GB,737,66.8,15763,https://ssd.userbenchmark.com/SpeedTest/34116/SanDisk-SD8SBAT256G1122
SSD,TS128GMTS400,Transcend,MTS400 M.2 128GB,738,66.6,647,https://ssd.userbenchmark.com/SpeedTest/12551/TS128GMTS400
SSD,,Adata,S510 120GB,739,66.6,690,https://ssd.userbenchmark.com/SpeedTest/1908/ADATA-SSD-S510-120GB
SSD,PPSE120GS25SSDR,Patriot,Pyro SE 120GB,740,66.3,346,https://ssd.userbenchmark.com/Patriot-Pyro-SE-120GB/Rating/2233
SSD,SSDSC2KW120H6,Intel,540s Series 120GB,741,66.2,6180,https://ssd.userbenchmark.com/SpeedTest/127931/INTEL-SSDSC2KW120H6
SSD,,Geil,Zenith S3 120GB,742,66.2,246,https://ssd.userbenchmark.com/SpeedTest/18730/GeIL-ZENITH-S3-120GB
SSD,SSDMCEAC180B301,Intel,525 Series mSATA 180GB,743,66.1,55,https://ssd.userbenchmark.com/SpeedTest/14110/INTEL-SSDMCEAC180B3
SSD,SSDSC2BF240A5L,Intel,SSD Pro 2500 Series 240GB,744,66,2785,https://ssd.userbenchmark.com/SpeedTest/21454/INTEL-SSDSC2BF240A5L
SSD,SSDSC2BF240H501,Intel,SSD Pro 2500 Series 240GB,744,66,2785,https://ssd.userbenchmark.com/SpeedTest/21454/INTEL-SSDSC2BF240A5L
SSD,CT120M500SSD1,Crucial,M500 120GB,745,66,15430,https://ssd.userbenchmark.com/Crucial-M500-120GB/Rating/1888
SSD,SD5SF2-128G,SanDisk,X100 mSATA 128GB,746,66,179,https://ssd.userbenchmark.com/SpeedTest/7539/SanDisk-SD5SF2128G
SSD,GP-GSTFS31120GNTD,Gigabyte,SSD 120GB,747,65.9,34131,https://ssd.userbenchmark.com/SpeedTest/547719/GIGABYTE-GP-GSTFS31120GNTD
SSD,MZ7PC256HAFU,Samsung,PM830 256GB,748,65.8,2468,https://ssd.userbenchmark.com/SpeedTest/5924/SAMSUNG-MZ7PC256HAFU-000H1
SSD,OCZSSDPX-1RVD0240,OCZ,RevoDrive PCIe 240GB,749,65.7,99,https://ssd.userbenchmark.com/SpeedTest/3328/OCZ-REVODRIV
SSD,PP240GS25SSDR,Patriot,Pyro 240GB,750,65.7,345,https://ssd.userbenchmark.com/SpeedTest/9501/Patriot-Pyro-SSD
SSD,MKNSSDCR120GB,Mushkin,Chronos 120GB,751,65.7,775,https://ssd.userbenchmark.com/SpeedTest/3690/MKNSSDCR120GB
SSD,SKC300S37A/60G,Kingston,SSDNow KC300 60GB,752,65.6,675,https://ssd.userbenchmark.com/SpeedTest/8566/KINGSTON-SKC300S37A60G
SSD,TRN100-25SAT3-240G,OCZ,Trion 100 240GB,753,65.6,15109,https://ssd.userbenchmark.com/OCZ-Trion-100-240GB/Rating/3501
SSD,SUV400S37/120G,Kingston,SSDNow UV400 120GB,754,65.4,169464,https://ssd.userbenchmark.com/SpeedTest/137022/KINGSTON-SUV400S37120G
SSD,,PNY,SSD2SC120GE2DA08B-T 120GB,755,65.3,109,https://ssd.userbenchmark.com/SpeedTest/6740/SSD2SC120GE2DA08B-T
SSD,,Goodram,C50 240GB,756,65.2,35,https://ssd.userbenchmark.com/SpeedTest/7031/GOODRAM-C50
SSD,ASU635SS-480GQ-R,Adata,SU635 480GB,757,65.2,9785,https://ssd.userbenchmark.com/SpeedTest/764320/ADATA-SU635
SSD,SM2280S3/120G,Kingston,SM2280S3 SATA M.2 120GB,758,65.1,1644,https://ssd.userbenchmark.com/SpeedTest/14411/KINGSTON-SM2280S3120G
SSD,SSDSC2BB120G4,Intel,S3500 Series 120GB,759,65.1,365,https://ssd.userbenchmark.com/SpeedTest/10755/INTEL-SSDSC2BB120G4
SSD,,Samsung,PM851 mSATA 256GB,760,65,6648,https://ssd.userbenchmark.com/SpeedTest/8695/SAMSUNG-SSD-PM851-mSATA-256GB
SSD,CSSD-F90GBGT-BK,Corsair,Force GT 90GB,761,64.8,764,https://ssd.userbenchmark.com/SpeedTest/2377/Corsair-Force-GT
SSD,,Adata,SX910 128GB,762,64.7,344,https://ssd.userbenchmark.com/SpeedTest/444/ADATA-SX910
SSD,,Samsung,MZMTE256HMHP-000L1 256GB,763,64.6,1116,https://ssd.userbenchmark.com/SpeedTest/12653/SAMSUNG-MZMTE256HMHP-000L1
SSD,,Toshiba,THNSNF128GMCS 128GB,764,64.5,1277,https://ssd.userbenchmark.com/SpeedTest/1596/TOSHIBA-THNSNF128GMCS
SSD,PX-64M5M,Plextor,M5M mSATA 64GB,765,64.5,128,https://ssd.userbenchmark.com/SpeedTest/1638/PLEXTOR-PX-64M5M
SSD,,Samsung,MZ7TD512HAGM-000L1 512GB,766,64.4,531,https://ssd.userbenchmark.com/SpeedTest/3479/SAMSUNG-MZ7TD512HAGM-000L1
SSD,,OCZ,VERTEX3 90GB,767,64.3,979,https://ssd.userbenchmark.com/SpeedTest/1586/OCZ-VERTEX3
SSD,,Liteonit,LMT-128M3M 128GB,768,64.3,542,https://ssd.userbenchmark.com/SpeedTest/3187/LITEONIT-LMT-128M3M
SSD,,Mushkin,MKNSSDCR120GB-MX 120GB,769,64.1,213,https://ssd.userbenchmark.com/SpeedTest/1448/MKNSSDCR120GB-MX
SSD,SV300S37A/240G,Kingston,SSDNow V300 240GB,770,64.1,176713,https://ssd.userbenchmark.com/Kingston-SSDNow-V300-240GB/Rating/1817
SSD,RVD3-FHPX4-120G,OCZ,RevoDrive 3 PCIe 120GB,771,64,560,https://ssd.userbenchmark.com/SpeedTest/3116/OCZ-REVODRIVE3
SSD,,Samsung,MZNTD512HAGL-000L1 512GB,772,64,246,https://ssd.userbenchmark.com/SpeedTest/6200/SAMSUNG-MZNTD512HAGL-000L1
SSD,,,HFS256G3AMNB-2200A 256GB,773,63.8,1478,https://ssd.userbenchmark.com/SpeedTest/4739/HFS256G3AMNB-2200A
SSD,SSD7CS900-120-RB,PNY,CS900 120GB,774,63.7,84687,https://ssd.userbenchmark.com/SpeedTest/175702/PNY-CS900-120GB-SSD
SSD,SHFS37A/120G,HyperX,Fury 120GB,775,63.7,11403,https://ssd.userbenchmark.com/HyperX-Fury-120GB/Rating/2586
SSD,,Apple,SD512E 500GB,776,63.7,264,https://ssd.userbenchmark.com/SpeedTest/6934/APPLE-SSD-SD512E
SSD,,Goodram,C100 120GB,777,63.6,360,https://ssd.userbenchmark.com/SpeedTest/5675/GOODRAM-C100
SSD,SVP200S37A60G,Kingston,SSDNow V+200 Series 60GB,778,63.5,127,https://ssd.userbenchmark.com/SpeedTest/10560/KINGSTON-SVP200S37A60G
SSD,,Samsung,PM830 mSATA 256GB,779,63.3,9379,https://ssd.userbenchmark.com/SpeedTest/3903/SAMSUNG-SSD-PM830-mSATA-256GB
SSD,,Samsung,PM841 2.5" 256GB,780,63.3,1340,https://ssd.userbenchmark.com/SpeedTest/5077/SAMSUNG-SSD-PM841-25--7
SSD,,Adata,SX300 256GB,781,63.3,100,https://ssd.userbenchmark.com/SpeedTest/3900/ADATA-SX300
SSD,,Kingston,SKC100S3120G 120GB,782,63.2,285,https://ssd.userbenchmark.com/SpeedTest/5074/KINGSTON-SKC100S3120G
SSD,SSDMCEAC120B301,Intel,525 Series mSATA 120GB,783,63.2,655,https://ssd.userbenchmark.com/SpeedTest/5314/INTEL-SSDMCEAC120B3
SSD,,Sandisk,SD5SG2256G1052E 256GB,784,63.1,638,https://ssd.userbenchmark.com/SpeedTest/2816/SanDisk-SD5SG2256G1052E
SSD,MZ-7PC128B/WW,Samsung,830 128GB,785,63,37250,https://ssd.userbenchmark.com/Samsung-830-128GB/Rating/1926
SSD,SA400S37/240G,Kingston,A400 240GB,786,63,697294,https://ssd.userbenchmark.com/Kingston-A400-240GB/Rating/3953
SSD,TS128GMTS800,Transcend,MTS800 M.2 128GB,787,63,5863,https://ssd.userbenchmark.com/SpeedTest/22385/TS128GMTS800
SSD,,Toshiba,THNSNF256GMCS 256GB,788,63,846,https://ssd.userbenchmark.com/SpeedTest/5493/TOSHIBA-THNSNF256GMCS
SSD,PP120GS25SSDR,Patriot,Pyro 120GB,789,63,158,https://ssd.userbenchmark.com/Patriot-Pyro-120GB/Rating/2234
SSD,SSDSCKGF180A4L,Intel,SSD Pro 1500 Series 180GB,790,62.8,195,https://ssd.userbenchmark.com/SpeedTest/6511/INTEL-SSDSCKGF180A4L
SSD,,Intel,SS DSC2BW180A3H 180GB,791,62.7,50,https://ssd.userbenchmark.com/SpeedTest/9583/INTEL-SS-DSC2BW180A3H
SSD,,Samsung,MZ7TE128HMGR-000L1 128GB,792,62.3,5980,https://ssd.userbenchmark.com/SpeedTest/9061/SAMSUNG-MZ7TE128HMGR-000L1
SSD,2DP98AA#ABC,HP,S700 250GB,793,62.2,16055,https://ssd.userbenchmark.com/SpeedTest/332066/HP-SSD-S700-250GB
SSD,CT480BX500SSD1,Crucial,BX500 480GB,794,62.1,162746,https://ssd.userbenchmark.com/SpeedTest/579817/CT480BX500SSD1
SSD,SSDSC2CW060A3,Intel,520 Series 60GB,795,62,1135,https://ssd.userbenchmark.com/SpeedTest/7251/INTEL-SSDSC2CW060A3
SSD,SSDSC2CW480A3,Intel,520 Series 480GB,796,61.9,1770,https://ssd.userbenchmark.com/SpeedTest/9939/INTEL-SSDSC2CW480A3
SSD,,Samsung,MZMTE256HMHP-000MV 256GB,797,61.8,2854,https://ssd.userbenchmark.com/SpeedTest/12210/SAMSUNG-MZMTE256HMHP-000MV
SSD,TL100-25SAT3-240G,Toshiba,OCZ TL100 240GB,798,61.8,14361,https://ssd.userbenchmark.com/SpeedTest/182236/TOSHIBA-TL100
SSD,,Apple,SM768E 751GB,799,61.7,163,https://ssd.userbenchmark.com/SpeedTest/4350/APPLE-SSD-SM768E
SSD,CSSD-F480GBGS-BK,Corsair,Force GS 480GB,800,61.5,593,https://ssd.userbenchmark.com/SpeedTest/7580/Corsair-Force-GS
SSD,TRN100-25SAT3-120G,OCZ,Trion 100 120GB,801,61.5,5492,https://ssd.userbenchmark.com/SpeedTest/32000/OCZ-TRION100
SSD,MZ-7TD120BW,Samsung,840 120GB,802,61.4,51792,https://ssd.userbenchmark.com/Samsung-840-120GB/Rating/2263
SSD,,Samsung,MZ7TD256HAFV-000L7 256GB,803,61.4,6630,https://ssd.userbenchmark.com/SpeedTest/2342/SAMSUNG-MZ7TD256HAFV-000L7
SSD,,Samsung,MZNTD256HAGL-00000 256GB,804,61.4,1302,https://ssd.userbenchmark.com/SpeedTest/396/SAMSUNG-MZNTD256HAGL-00000
SSD,,Apple,SM128E 121GB,805,61.4,294,https://ssd.userbenchmark.com/SpeedTest/8955/APPLE-SSD-SM128E
SSD,SH103S3/90G,Kingston,HyperX 3K 90GB,806,61.2,444,https://ssd.userbenchmark.com/SpeedTest/3217/KINGSTON-SH103S390G
SSD,MZ7PC128HAFU,Samsung,PM830 128GB,807,61.1,13767,https://ssd.userbenchmark.com/SpeedTest/3368/SAMSUNG-MZ7PC128HAFU-000H1
SSD,,Goodram,C40 240GB,808,61.1,479,https://ssd.userbenchmark.com/SpeedTest/13085/GOODRAM-C40
SSD,ASU635SS-240GQ-R,Adata,SU635 240GB,809,61.1,24325,https://ssd.userbenchmark.com/SpeedTest/722603/ADATA-SU635
SSD,PB240GS25SSDR,Patriot,Blaze 240GB,810,61,1779,https://ssd.userbenchmark.com/SpeedTest/19971/Patriot-Blaze
SSD,MKNSSDCR60GB,Mushkin,Chronos 60GB,811,60.8,105,https://ssd.userbenchmark.com/SpeedTest/1564/MKNSSDCR60GB
SSD,CT256M4SSD2,Crucial,M4 256GB,812,60.8,17938,https://ssd.userbenchmark.com/Crucial-M4-256GB/Rating/372
SSD,SMS200S3/60G,Kingston,SSDNow mS200 mSATA 60GB,813,60.7,164,https://ssd.userbenchmark.com/SpeedTest/5751/KINGSTON-SMS200S360G
SSD,,Mushkin,MKNSSDAT240GB-DX 240GB,814,60.7,135,https://ssd.userbenchmark.com/SpeedTest/85/MKNSSDAT240GB-DX
SSD,ASU650SS-120GT-C,Adata,SU650 120GB,815,60.6,79339,https://ssd.userbenchmark.com/SpeedTest/359434/ADATA-SU650
SSD,,OCZ,VERTEX3 60GB,816,60.5,3574,https://ssd.userbenchmark.com/SpeedTest/1912/OCZ-VERTEX3
SSD,,Intel,SSDSC2CT080A4 80GB,817,60,377,https://ssd.userbenchmark.com/SpeedTest/6435/INTEL-SSDSC2CT080A4
SSD,MKNSSDEC120GB,Mushkin,ECO2 120GB,818,60,391,https://ssd.userbenchmark.com/SpeedTest/24915/MKNSSDEC120GB
SSD,CT128M4SSD2,Crucial,M4 128GB,819,59.8,34516,https://ssd.userbenchmark.com/Crucial-M4-128GB/Rating/1929
SSD,,Samsung,MZMTD512HAGL-00000 512GB,820,59.8,439,https://ssd.userbenchmark.com/SpeedTest/298/SAMSUNG-MZMTD512HAGL-00000
SSD,SH103S3/480G,Kingston,HyperX 3K 480GB,821,59.7,1827,https://ssd.userbenchmark.com/SpeedTest/8665/KINGSTON-KINGSTON-SH103S3
SSD,,Adata,SP600 64GB,822,59.7,663,https://ssd.userbenchmark.com/SpeedTest/6806/ADATA-SP600
SSD,,Mushkin,MKNSSDAT120GB-DX 120GB,823,59.5,222,https://ssd.userbenchmark.com/SpeedTest/6436/MKNSSDAT120GB-DX
SSD,SSDSC2BF120A5,Intel,SSD Pro 2500 Series 120GB,824,59.4,357,https://ssd.userbenchmark.com/SpeedTest/23404/INTEL-SSDSC2BF120A5
SSD,SSDSC2BF120H501,Intel,SSD Pro 2500 Series 120GB,824,59.4,357,https://ssd.userbenchmark.com/SpeedTest/23404/INTEL-SSDSC2BF120A5
SSD,CSSD-F60GBGT-BK,Corsair,Force GT 60GB,825,59.3,1562,https://ssd.userbenchmark.com/SpeedTest/1231/Corsair-Force-GT
SSD,,Spcc,Solid State Disk 120GB,826,59.2,22489,https://ssd.userbenchmark.com/SpeedTest/12061/SPCC-Solid-State-Disk
SSD,PT240GS25SSDR,Patriot,Torch 240GB,827,59.1,69,https://ssd.userbenchmark.com/SpeedTest/18783/Patriot-Torch
SSD,,Samsung,MZMTE256HMHP-000SO 256GB,828,59.1,23,https://ssd.userbenchmark.com/SpeedTest/12855/SAMSUNG-MZMTE256HMHP-000SO
SSD,CT256M4SSD3,Crucial,M4 256GB mSATA,829,58.7,22,https://ssd.userbenchmark.com/SpeedTest/5098/M4-CT256-M4-CT256M4SSD3
SSD,SD8SBAT-128G-1122,SanDisk,Z400s 128GB,830,58.7,15991,https://ssd.userbenchmark.com/SpeedTest/34216/SanDisk-SD8SBAT128G1122
SSD,CT120M500SSD3,Crucial,M500 mSATA 120GB,831,58.7,916,https://ssd.userbenchmark.com/SpeedTest/6146/Crucial-CT120M500SSD3
SSD,ASX900S3-512GM-C,Adata,XPG SX900 512GB,832,58.6,1547,https://ssd.userbenchmark.com/SpeedTest/5993/ADATA-SX900
SSD,VTX3-25SAT3-480G,OCZ,Vertex 3 480GB,833,58.6,181,https://ssd.userbenchmark.com/SpeedTest/4908/OCZ-VERTEX3
SSD,,Team,XS3 SSD 120GB,834,58.5,236,https://ssd.userbenchmark.com/SpeedTest/7195/TEAM-XS3--SSD
SSD,,PNY,XLR8 Pro 480GB,835,58.4,29,https://ssd.userbenchmark.com/SpeedTest/23219/SSD2SC480GC4DA16T-T
SSD,SSDSC2BW480H601,Intel,535 Series 480GB,836,58.3,3761,https://ssd.userbenchmark.com/SpeedTest/29709/INTEL-SSDSC2BW480H6
SSD,SA400S37/120G,Kingston,A400 120GB,837,58.3,357569,https://ssd.userbenchmark.com/SpeedTest/229920/KINGSTON-SA400S37120G
SSD,,PNY,SSD2SC120G5LC709B121-510 120GB,838,58.2,277,https://ssd.userbenchmark.com/SpeedTest/11896/SSD2SC120G5LC709B121-510
SSD,,Intel,510 Series 250GB,839,58.2,777,https://ssd.userbenchmark.com/SpeedTest/2447/INTEL-SSDSC2MH250A2
SSD,SSDSCMMW240A3L,Intel,521 Series 240GB,840,57.9,515,https://ssd.userbenchmark.com/SpeedTest/6283/INTEL-SSDSCMMW240A3L
SSD,,Intel,SSDMCEAW120A4 120GB,841,57.9,177,https://ssd.userbenchmark.com/SpeedTest/8790/INTEL-SSDMCEAW120A4
SSD,SDSSDX-480G-G25,SanDisk,Extreme 480GB,842,57.9,1286,https://ssd.userbenchmark.com/SpeedTest/9517/SanDisk-SDSSDX48
SSD,SKC300S37A/480G,Kingston,SSDNow KC300 480GB,843,57.7,712,https://ssd.userbenchmark.com/SpeedTest/13063/KINGSTON-SKC300S37A480G
SSD,CSSD-F480GBGT-BK,Corsair,Force GT 480GB,844,57.6,252,https://ssd.userbenchmark.com/SpeedTest/12025/Corsair-Force-GT
SSD,SDSSDA-960G-G25,SanDisk,SSD Plus 960GB,845,57.5,3368,https://ssd.userbenchmark.com/SpeedTest/206516/SanDisk-SDSSDA960G
SSD,SDSSDA-960G-G26,SanDisk,SSD Plus 960GB,845,57.5,3368,https://ssd.userbenchmark.com/SpeedTest/206516/SanDisk-SDSSDA960G
SSD,,Samsung,MZMTD256HAGM-000L1 256GB,846,57.3,987,https://ssd.userbenchmark.com/SpeedTest/505/SAMSUNG-MZMTD256HAGM-000L1
SSD,SSDSC2CT060A3,Intel,330 Series 60GB,847,57.3,2582,https://ssd.userbenchmark.com/SpeedTest/2796/INTEL-SSDSC2CT060A3
SSD,SDSSDA-240G-G25,SanDisk,SSD Plus 240GB,848,57.3,197240,https://ssd.userbenchmark.com/SpeedTest/25612/SanDisk-SDSSDA240G
SSD,SDSSDA-240G-G26,SanDisk,SSD Plus 240GB,848,57.3,197240,https://ssd.userbenchmark.com/SpeedTest/25612/SanDisk-SDSSDA240G
SSD,2DP97AA#ABC,HP,S700 120GB,849,57.2,7375,https://ssd.userbenchmark.com/SpeedTest/307263/HP-SSD-S700-120GB
SSD,ASX900S3-64GM-C,Adata,XPG SX900 64GB,850,57.2,593,https://ssd.userbenchmark.com/SpeedTest/3799/ADATA-SX900
SSD,SD8SNAT-128G,SanDisk,X400s SATA M.2 128GB,851,57,73,https://ssd.userbenchmark.com/SpeedTest/33396/SanDisk-SD8SNAT128G
SSD,SD6SF1M-064G-1022,SanDisk,X110 mSATA 64GB,852,57,32,https://ssd.userbenchmark.com/SpeedTest/15608/SanDisk-SD6SF1M064G1022
SSD,,Kingston,RBU-SMS100S3128GA 128GB,853,56.9,304,https://ssd.userbenchmark.com/SpeedTest/10832/KINGSTON-RBU-SMS100S3128GA
SSD,,Samsung,MZMPC256HBGJ-000H1 256GB,854,56.8,517,https://ssd.userbenchmark.com/SpeedTest/2935/SAMSUNG-MZMPC256HBGJ-000H1
SSD,CTFDDAC256MAG,Crucial,RealSSD C300 256GB,855,56.8,785,https://ssd.userbenchmark.com/Crucial-RealSSD-C300-256GB/Rating/370
SSD,SDSSDA-120G-G25,SanDisk,SSD Plus 120GB,856,56.8,142417,https://ssd.userbenchmark.com/SpeedTest/24452/SanDisk-SDSSDA120G
SSD,SDSSDA-120G-G26,SanDisk,SSD Plus 120GB,856,56.8,142417,https://ssd.userbenchmark.com/SpeedTest/24452/SanDisk-SDSSDA120G
SSD,,Toshiba,THNSNS064GMCP 64GB,857,56.5,71,https://ssd.userbenchmark.com/SpeedTest/11198/TOSHIBA-THNSNS064GMCP
SSD,CSSD-N64GB3-BK,Corsair,Neutron 64GB,858,56.5,211,https://ssd.userbenchmark.com/SpeedTest/4447/Corsair-Neutron-SSD
SSD,CSSD-F360GBGS-BK,Corsair,Force GS 360GB,859,56.5,529,https://ssd.userbenchmark.com/SpeedTest/6890/Corsair-Force-GS
SSD,,Liteonit,LMT-19nmBGA-64G 64GB,860,56.5,124,https://ssd.userbenchmark.com/SpeedTest/7220/LITEONIT-LMT-19nmBGA-64G
SSD,,Adata,SX300 128GB,861,56.3,249,https://ssd.userbenchmark.com/SpeedTest/4472/ADATA-SX300
SSD,,Samsung,MZMPC128HBFU-000L1 128GB,862,56,1498,https://ssd.userbenchmark.com/SpeedTest/157/SAMSUNG-MZMPC128HBFU-000L1
SSD,,Samsung,PM830 64GB,863,56,23,https://ssd.userbenchmark.com/SpeedTest/3969/SAMSUNG-SSD-PM83
SSD,C400-MTFDDAK128MAM,Micron,C400 RealSSD 128GB,864,55.8,11312,https://ssd.userbenchmark.com/SpeedTest/4661/C400-MTFDDAK128MAM
SSD,,Kingston,SVP100S296G 96GB,865,55.7,12,https://ssd.userbenchmark.com/SpeedTest/2336/KINGSTON-SVP100S296G
SSD,CSSD-F60GBLS,Corsair,Force LS 60GB,866,55.5,3190,https://ssd.userbenchmark.com/SpeedTest/4499/Corsair-Force-LS-SSD
SSD,C400-MTFDDAK256MAM,Micron,C400 RealSSD 256GB,867,55.4,11652,https://ssd.userbenchmark.com/SpeedTest/5949/C400-MTFDDAK256MAM
SSD,MZMTE128HMGR-00000,Samsung,PM851 mSATA 128GB,868,55.4,2513,https://ssd.userbenchmark.com/SpeedTest/13404/SAMSUNG-MZMTE128HMGR-000
SSD,MKNSSDCR480GB-DX,Mushkin,Chronos Deluxe 480GB,869,55.3,114,https://ssd.userbenchmark.com/SpeedTest/7111/MKNSSDCR480GB-DX
SSD,TS128GMSA340,Transcend,MSA340 mSATA 128GB,870,55.2,27,https://ssd.userbenchmark.com/SpeedTest/20186/TS128GMSA340
SSD,,Samsung,MZ7TD128HAFV-000L1 128GB,871,55.2,4607,https://ssd.userbenchmark.com/SpeedTest/2753/SAMSUNG-MZ7TD128HAFV-000L1
SSD,SV310S37A/960G,Kingston,SSDNow V310 960GB,872,55.1,196,https://ssd.userbenchmark.com/SpeedTest/15065/KINGSTON-SV310S37A960G
SSD,,PNY,SSD2SC240G726A104-474-27753 240GB,873,55,79,https://ssd.userbenchmark.com/SpeedTest/5288/SSD2SC240G726A104-474-27753
SSD,ASP900S3-064GM-C,Adata,SP900 64GB,874,55,416,https://ssd.userbenchmark.com/SpeedTest/1593/ADATA-SP900
SSD,TS64GSSD370,Transcend,SSD370 64GB,875,55,501,https://ssd.userbenchmark.com/SpeedTest/17734/TS64GSSD370
SSD,TL100-25SAT3-120G,Toshiba,OCZ TL100 120GB,876,54.8,2916,https://ssd.userbenchmark.com/SpeedTest/184159/TOSHIBA-TL100
SSD,CT064M4SSD2,Crucial,M4 64GB,877,54.5,7336,https://ssd.userbenchmark.com/SpeedTest/1215/M4-CT064M4SSD2
SSD,TS64GMSA370,Transcend,MSA370 mSATA 64GB,878,54.5,142,https://ssd.userbenchmark.com/SpeedTest/23905/TS64GMSA370
SSD,,Samsung,PM830 mSATA 128GB,879,54.3,663,https://ssd.userbenchmark.com/SpeedTest/5211/SAMSUNG-SSD-PM830-mSATA-128GB
SSD,,Kingston,SS200S330G 30GB,880,54.3,159,https://ssd.userbenchmark.com/SpeedTest/8275/KINGSTON-SS200S330G
SSD,MKNSSDCR60GB-DX,Mushkin,Chronos Deluxe 60GB,881,54,100,https://ssd.userbenchmark.com/SpeedTest/5641/MKNSSDCR60GB-DX
SSD,,Team,L3 SSD 120GB,882,54,863,https://ssd.userbenchmark.com/SpeedTest/9314/TEAM-L3-SSD-120GB
SSD,CSSD-F120GBLS,Corsair,Force LS 120GB,883,53.9,9315,https://ssd.userbenchmark.com/SpeedTest/5526/Corsair-Force-LS-SSD
SSD,CT128M4SSD3,Crucial,M4 128GB mSATA,884,53.9,390,https://ssd.userbenchmark.com/SpeedTest/6566/M4-CT128M4SSD3
SSD,TS128GMSA720,Transcend,MSA720 mSATA 128GB,885,53.9,160,https://ssd.userbenchmark.com/SpeedTest/18688/TS128GMSA720
SSD,SSDSC2MH120A2,Intel,510 Series 120GB,886,53.7,2171,https://ssd.userbenchmark.com/SpeedTest/1357/INTEL-SSDSC2MH120A2
SSD,SSDSCMMW180A3L,Intel,521 Series 180GB,887,53.7,294,https://ssd.userbenchmark.com/SpeedTest/11361/INTEL-SSDSCMMW180A3L
SSD,SV300S37A/120G,Kingston,SSDNow V300 120GB,888,53.6,339020,https://ssd.userbenchmark.com/Kingston-SSDNow-V300-120GB/Rating/1892
SSD,MZ-7PC064B/WW,Samsung,830 64GB,889,53.4,4094,https://ssd.userbenchmark.com/SpeedTest/1525/SAMSUNG-SSD-830-Series
SSD,,Crucial,C300-CTFDDAC128MAG 128GB,890,53.3,2094,https://ssd.userbenchmark.com/SpeedTest/3591/C300-CTFDDAC128MAG
SSD,WDS120G1G0A,WD,Green 120GB (2016),891,53.3,39607,https://ssd.userbenchmark.com/SpeedTest/201586/WDC-WDS120G1G0A-00SS50
SSD,SSD9SC240GMDA-RB,PNY,XLR8 240GB,892,53.2,552,https://ssd.userbenchmark.com/SpeedTest/4356/SSD2SC240GC2DH16T-T
SSD,SSD2SC240GC2DH16T,PNY,XLR8 240GB,892,53.2,552,https://ssd.userbenchmark.com/SpeedTest/4356/SSD2SC240GC2DH16T-T
SSD,,Adata,XM11 128GB,893,53.1,150,https://ssd.userbenchmark.com/SpeedTest/6599/ADATA-XM11-128GB
SSD,TS64GSSD340,Transcend,SSD340 64GB,894,52.8,207,https://ssd.userbenchmark.com/SpeedTest/10576/TS64GSSD-340
SSD,AGT3-25SAT3-240G,OCZ,Agility 3 240GB,895,52.4,10165,https://ssd.userbenchmark.com/OCZ-Agility-3-240GB/Rating/369
SSD,SDSSDA-480G-G25,SanDisk,SSD Plus 480GB,896,52.3,25348,https://ssd.userbenchmark.com/SpeedTest/131770/SanDisk-SDSSDA480G
SSD,SDSSDA-480G-G26,SanDisk,SSD Plus 480GB,896,52.3,25348,https://ssd.userbenchmark.com/SpeedTest/131770/SanDisk-SDSSDA480G
SSD,CSSD-F240GB3-BK,Corsair,Force 3 240GB,897,52.2,6637,https://ssd.userbenchmark.com/Corsair-Force-3-240GB/Rating/1454
SSD,SV300S37A/480G,Kingston,SSDNow V300 480GB,898,52.2,15510,https://ssd.userbenchmark.com/Kingston-SSDNow-V300-480GB/Rating/3480
SSD,,Liteonit,LMS-32L6M mSATA 32GB,899,51.9,305,https://ssd.userbenchmark.com/SpeedTest/5079/LITEONIT-LMS-32L6M-mSATA-32GB
SSD,CT240BX500SSD1,Crucial,BX500 240GB,900,51.9,266898,https://ssd.userbenchmark.com/SpeedTest/578496/CT240BX500SSD1
SSD,,Samsung,MZNTD128HAGM-00000 128GB,901,51.8,882,https://ssd.userbenchmark.com/SpeedTest/4106/SAMSUNG-MZNTD128HAGM-00000
SSD,MTFDDAT256MAM-1K2,Micron,C400 RealSSD mSATA 256GB,902,51.8,486,https://ssd.userbenchmark.com/SpeedTest/4639/MTFDDAT256MAM-1K2
SSD,,Samsung,PM830 mSATA 64GB,903,51.2,296,https://ssd.userbenchmark.com/SpeedTest/4586/SAMSUNG-SSD-PM830-mSATA-64GB
SSD,,Adata,XM11 128GB,904,51.1,171,https://ssd.userbenchmark.com/SpeedTest/8415/ADATA-XM11-128GB
SSD,WDS240G1G0A,WD,Green 240GB (2016),905,50.9,36031,https://ssd.userbenchmark.com/SpeedTest/204096/WDC-WDS240G1G0A-00SS50
SSD,WDS120G1G0B,WD,Green SATA M.2 120GB,906,50.4,8293,https://ssd.userbenchmark.com/SpeedTest/203345/WDC-WDS120G1G0B-00RC30
SSD,CT120BX500SSD1,Crucial,BX500 120GB,907,50.4,77711,https://ssd.userbenchmark.com/SpeedTest/576784/CT120BX500SSD1
SSD,,Liteonit,DMT-80 11GB,908,50.4,1226,https://ssd.userbenchmark.com/SpeedTest/5740/LITEONIT-DMT-80
SSD,MKNSSDCR480GB,Mushkin,Chronos 480GB,909,49.9,235,https://ssd.userbenchmark.com/SpeedTest/2434/MKNSSDCR480GB
SSD,,PNY,SSD2SC120G3LC726B104-370P 120GB,910,49.8,68,https://ssd.userbenchmark.com/SpeedTest/8341/SSD2SC120G3LC726B104-370P
SSD,WDS240G1G0B,WD,Green SATA M.2 240GB,911,49.8,6910,https://ssd.userbenchmark.com/SpeedTest/211712/WDC-WDS240G1G0B-00RC30
SSD,PB120GS25SSDR,Patriot,Blaze 120GB,912,49.8,2058,https://ssd.userbenchmark.com/SpeedTest/16087/Patriot-Blaze-SSD
SSD,MTFDDAT128MAM-1J2,Micron,C400 RealSSD mSATA 128GB,913,49.7,644,https://ssd.userbenchmark.com/SpeedTest/6355/MTFDDAT128MAM-1J2
SSD,,Liteonit,LAT-256M2S 256GB,914,49.1,534,https://ssd.userbenchmark.com/SpeedTest/8201/LITEONIT-LAT-256M2S
SSD,,OCZ,OCTANE 128GB,915,48.9,321,https://ssd.userbenchmark.com/SpeedTest/5496/OCZ-OCTANE
SSD,,Samsung,MZMPC064HBDR-000L1 64GB,916,48.8,113,https://ssd.userbenchmark.com/SpeedTest/5687/SAMSUNG-MZMPC064HBDR-000L1
SSD,AGT3-25SAT3-120G,OCZ,Agility 3 120GB,917,48.7,38562,https://ssd.userbenchmark.com/OCZ-Agility-3-120GB/Rating/2262
SSD,PT60GS25SSDR,Patriot,Torch 60GB,918,48.2,176,https://ssd.userbenchmark.com/SpeedTest/24101/Patriot-Torch
SSD,SV300S37A/60G,Kingston,SSDNow V300 60GB,919,48,24219,https://ssd.userbenchmark.com/SpeedTest/1905/KINGSTON-SV300S37A60G
SSD,AS511S3-60GM-C,Adata,S511 60GB,920,47.9,22,https://ssd.userbenchmark.com/SpeedTest/5776/ADATA-SS-D-S511-60GB
SSD,CSSD-F120GB3-BK,Corsair,Force 3 120GB,921,47.8,22358,https://ssd.userbenchmark.com/Corsair-Force-3-120GB/Rating/2243
SSD,,OCZ,SOLID3 120GB,922,47.5,1720,https://ssd.userbenchmark.com/SpeedTest/1435/OCZ-SOLID3
SSD,,Samsung,MZMTD128HAFV-000L1 128GB,923,47.4,2350,https://ssd.userbenchmark.com/SpeedTest/3377/SAMSUNG-MZMTD128HAFV-000L1
SSD,,Crucial,C300-CTFDDAC128M 128GB,924,47.2,288,https://ssd.userbenchmark.com/SpeedTest/2610/C300-CTFDDAC128M
SSD,,Plextor,PX-128M2S 128GB,925,47.1,198,https://ssd.userbenchmark.com/SpeedTest/5774/PLEXTOR--PX-128M2S
SSD,,Intel,SSDSCIHF120A4H 120GB,926,46.9,227,https://ssd.userbenchmark.com/SpeedTest/12016/INTEL-SSDSCIHF120A4H
SSD,,OCZ,AGILITY3 128GB,927,46.8,513,https://ssd.userbenchmark.com/SpeedTest/5791/OCZ-AGILITY3
SSD,TS64GMSA720,Transcend,MSA720 mSATA 64GB,928,46.6,7,https://ssd.userbenchmark.com/SpeedTest/16849/TS64GMSA720
SSD,,Liteonit,LMT-32L3M 32GB,929,46.3,254,https://ssd.userbenchmark.com/SpeedTest/2902/LITEONIT-LMT-32L3M
SSD,TS128GSSD320,Transcend,SSD320 128GB,930,46.2,1687,https://ssd.userbenchmark.com/SpeedTest/5322/TS128GSSD320
SSD,,Crucial,C300-CTFDDAC064MAG 64GB,931,46.2,1591,https://ssd.userbenchmark.com/SpeedTest/3513/C300-CTFDDAC064MAG
SSD,CSSD-F180GB3-BK,Corsair,Force 3 180GB,932,46.1,1204,https://ssd.userbenchmark.com/SpeedTest/3275/Corsair-Force-3-SSD
SSD,,Liteonit,LSS-24L6G 24GB,933,45.9,219,https://ssd.userbenchmark.com/SpeedTest/1985/LITEONIT-LSS-24L6G
SSD,SSDSA2BZ300G3,Intel,710 Series 300GB,934,45.9,68,https://ssd.userbenchmark.com/SpeedTest/17911/INTEL-SSDSA2BZ300G3S
SSD,SSDSA2CW300G3,Intel,320 Series 300GB,935,45.8,2154,https://ssd.userbenchmark.com/SpeedTest/3362/INTEL-SSDSA2CW300G3
SSD,PT120GS25SSDR,Patriot,Torch 120GB,936,45.7,173,https://ssd.userbenchmark.com/SpeedTest/24105/Patriot-Torch
SSD,CSSD-F90GB3-BK,Corsair,Force 3 90GB,937,45.4,1943,https://ssd.userbenchmark.com/SpeedTest/4312/Corsair-Force-3-SSD
SSD,,PNY,SSD2SC120G726A104-475-27796 120GB,938,45.2,248,https://ssd.userbenchmark.com/SpeedTest/5173/SSD2SC120G726A104-475-27796
SSD,PB60GS25SSDR,Patriot,Blaze 60GB,939,45,751,https://ssd.userbenchmark.com/SpeedTest/18273/Patriot-Blaze
SSD,,Liteonit,LAT-128M2S 128GB,940,45,477,https://ssd.userbenchmark.com/SpeedTest/3797/LITEONIT-LAT-128M2S
SSD,,OCZ,AGILITY4 64GB,941,44.6,379,https://ssd.userbenchmark.com/SpeedTest/5686/OCZ-AGILITY4
SSD,,,SiImage 50GB,942,44.2,43,https://ssd.userbenchmark.com/SpeedTest/5297/SiImage
SSD,,,FM-25S3-120GBP3 120GB,943,44.2,416,https://ssd.userbenchmark.com/SpeedTest/8614/FM-25S3-120GBP3
SSD,CSSD-F120GB2,Corsair,Force 120GB,944,44.1,1958,https://ssd.userbenchmark.com/SpeedTest/1321/Corsair-CSSD-F120GB2
SSD,MKNSSDCL120GB-DX,Mushkin,Callisto Deluxe 120GB,945,44.1,107,https://ssd.userbenchmark.com/SpeedTest/4237/MKNSSDCL120GB-DX
SSD,,OCZ,AGILITY3 90GB,946,44.1,1142,https://ssd.userbenchmark.com/SpeedTest/2120/OCZ-AGILITY3
SSD,WDS240G2G0A,WD,Green 240GB (2018),947,43.9,294121,https://ssd.userbenchmark.com/SpeedTest/377351/WDC-WDS240G2G0A-00JH30
SSD,C400-MTFDDAT064MAM,Micron,C400 RealSSD mSATA 64GB,948,43.8,220,https://ssd.userbenchmark.com/SpeedTest/6723/C400-MTFDDAT064MAM
SSD,,OCZ,AGILITY3 180GB,949,43.6,435,https://ssd.userbenchmark.com/SpeedTest/1341/OCZ-AGILITY3
SSD,SSDSA2BZ200G3,Intel,710 Series 200GB,950,43.1,114,https://ssd.userbenchmark.com/SpeedTest/25022/INTEL-SSDSA2BZ200G3
SSD,,Ocz-vertex2,3.5 120GB,951,43,4046,https://ssd.userbenchmark.com/SpeedTest/736/OCZ-VERTEX2-35
SSD,,Adata,SX300 64GB,952,42.9,66,https://ssd.userbenchmark.com/SpeedTest/3295/ADATA-SX300
SSD,WDS120G2G0A,WD,Green 120GB (2018),953,42.9,125530,https://ssd.userbenchmark.com/SpeedTest/411798/WDC-WDS120G2G0A-00JH
SSD,CSSD-F60GB3-BK,Corsair,Force 3 60GB,954,42.3,4789,https://ssd.userbenchmark.com/SpeedTest/2139/Corsair-Force-3-SSD
SSD,PI240GS25SSDR,Patriot,Inferno 240GB,955,42.1,26,https://ssd.userbenchmark.com/SpeedTest/21776/Patriot-Inferno-240GB-SSD
SSD,,Samsung,470 Series SSD 128GB,956,42,915,https://ssd.userbenchmark.com/SpeedTest/4655/SAMSUNG-470-Series-SSD
SSD,,OCZ,AGILITY3 60GB,957,41.8,14293,https://ssd.userbenchmark.com/SpeedTest/1654/OCZ-AGILITY3
SSD,SSDSA2CW160G3,Intel,320 Series 160GB,958,41.8,13029,https://ssd.userbenchmark.com/SpeedTest/1192/INTEL-SSDSA2CW160G3
SSD,SVP200S390G,Kingston,SSDNow V+200 Series 90GB,959,41.5,681,https://ssd.userbenchmark.com/SpeedTest/3742/KINGSTON-SVP200S390G
SSD,,,SandForce[290900] 240GB,960,41.5,11,https://ssd.userbenchmark.com/SpeedTest/3886/SandForce-290900-
SSD,SV200S3256G,Kingston,SSDNow V Series 256GB,961,41.3,54,https://ssd.userbenchmark.com/SpeedTest/110/KINGSTON-SV200S3256G
SSD,SDSSDP-128G-G25,SanDisk,SSD 128GB,962,41.3,8513,https://ssd.userbenchmark.com/SpeedTest/330/SanDisk-SDSSDP128G
SSD,SSDSA2BZ100G3,Intel,710 Series 100GB,963,41.3,278,https://ssd.userbenchmark.com/SpeedTest/9161/INTEL-SSDSA2BZ100G3
SSD,,Samsung,PM810 2.5" 7mm 256GB,964,41.1,2811,https://ssd.userbenchmark.com/SpeedTest/1708/SAMSUNG-SSD-PM810-25--7mm-256GB
SSD,SDSSDP-256G-G25,SanDisk,SSD 256GB,965,41,2567,https://ssd.userbenchmark.com/SpeedTest/1151/SanDisk-SDSSDP256G
SSD,,Intel,SSDSA2VP020G2 20GB,966,40.9,37,https://ssd.userbenchmark.com/SpeedTest/12923/INTEL-SSDSA2VP020G2
SSD,,OCZ,SOLID3 60GB,967,40.8,1153,https://ssd.userbenchmark.com/SpeedTest/3568/OCZ-SOLID3
SSD,,Samsung,PM830 mSATA 32GB,968,40.8,860,https://ssd.userbenchmark.com/SpeedTest/2575/SAMSUNG-SSD-PM830-mSATA-32GB
SSD,,Ocz-vertex2,3.5 240GB,969,40.6,127,https://ssd.userbenchmark.com/SpeedTest/5514/OCZ-VERTEX2-35
SSD,SSDSA2CW120G3,Intel,320 Series 120GB,970,40.4,9651,https://ssd.userbenchmark.com/Intel-320-Series-120GB/Rating/1936
SSD,,PNY,SSD2SC240G3LC709B104-495 240GB,971,40.3,25,https://ssd.userbenchmark.com/SpeedTest/10642/SSD2SC240G3LC709B104-495
SSD,,Samsung,MZ7PA128HMCD-010 128GB,972,40.2,3175,https://ssd.userbenchmark.com/SpeedTest/3873/SAMSUNG-MZ7PA128HMCD-010
SSD,,PNY,SSD2SC240G3LC709B121-460P 240GB,973,40,421,https://ssd.userbenchmark.com/SpeedTest/10292/SSD2SC240G3LC709B121-460P
SSD,,Samsung,MZMPC032HBCD-000L1 32GB,974,39.8,515,https://ssd.userbenchmark.com/SpeedTest/1737/SAMSUNG-MZMPC032HBCD-000L1
SSD,,Adata,S510 60GB,975,39.5,525,https://ssd.userbenchmark.com/SpeedTest/5619/ADATA-SSD-S510-60GB
SSD,CSSD-F60GB2,Corsair,Force 60GB,976,39.3,1468,https://ssd.userbenchmark.com/SpeedTest/301/Corsair-CSSD-F60GB2
SSD,,,FM-25S2S-120GBP2 120GB,977,39.2,310,https://ssd.userbenchmark.com/SpeedTest/3396/FM-25S2S-120GBP2
SSD,,Apple,TS256C 251GB,978,38.6,638,https://ssd.userbenchmark.com/SpeedTest/1701/APPLE-SSD-TS256C
SSD,SDSSDP-064G-G25,SanDisk,SSD 64GB,979,38.5,3862,https://ssd.userbenchmark.com/SpeedTest/1471/SanDisk-SDSSDP064G
SSD,,Ocz-vertex2,3.5 115GB,980,38.3,2637,https://ssd.userbenchmark.com/SpeedTest/3209/OCZ-VERTEX2-35
SSD,,Kingston,SVP100S2128G 128GB,981,38.3,578,https://ssd.userbenchmark.com/SpeedTest/2509/KINGSTON-SVP100S2128G
SSD,,Crucial,MTFDBAK128MAG-1G1 128GB,982,38.1,1036,https://ssd.userbenchmark.com/SpeedTest/1244/MTFDBAK128MAG-1G1
SSD,,Samsung,PM810 2.5" 7mm 128GB,983,38.1,4365,https://ssd.userbenchmark.com/SpeedTest/6796/SAMSUNG-SSD-PM810-25--7mm-128GB
SSD,PP60GS25SSDR,Patriot,Pyro 60GB,984,38,630,https://ssd.userbenchmark.com/SpeedTest/3406/Patriot-Pyro
SSD,SSDSA2CW080G3,Intel,320 Series 80GB,985,37.9,4402,https://ssd.userbenchmark.com/SpeedTest/2723/INTEL-SSDSA2CW080G3
SSD,,Corsair,Performance3 SSD 64GB,986,37.9,18,https://ssd.userbenchmark.com/SpeedTest/5387/Corsair-Performance3-SSD
SSD,SDSSDH120GG25,SanDisk,Ultra 120GB,987,37.7,552,https://ssd.userbenchmark.com/SpeedTest/2141/SanDisk-SDSSDH120GG25
SSD,,Kingston,SVP100S264G 64GB,988,37.7,282,https://ssd.userbenchmark.com/SpeedTest/3007/KINGSTON-SVP100S264G
SSD,,,FM-25S2S-60GBP2 60GB,989,37.5,206,https://ssd.userbenchmark.com/SpeedTest/6020/FM-25S2S-60GBP2
SSD,,Sandisk,U100 128GB,990,37.5,2261,https://ssd.userbenchmark.com/SpeedTest/2827/SanDisk-SSD-U100-128GB
SSD,,OCZ,VERTEX2 100GB,991,37.5,640,https://ssd.userbenchmark.com/SpeedTest/2400/OCZ-VERTEX2
SSD,PI100GS25SSDR,Patriot,Inferno 100GB,992,37.4,22,https://ssd.userbenchmark.com/SpeedTest/22519/Patriot-Inferno-100GB-SSD
SSD,SDSA6GM-128G-1122,SanDisk,U110 128GB,993,37.1,1185,https://ssd.userbenchmark.com/SpeedTest/11039/SanDisk-SSD-U110-128GB
SSD,MKNSSDCL60GB-DX,Mushkin,Callisto Deluxe 60GB,994,37,238,https://ssd.userbenchmark.com/SpeedTest/9311/Mushkin-MKNSSDCL60GB-DX
SSD,,Team,XS2 SSD 60GB,995,36.9,60,https://ssd.userbenchmark.com/SpeedTest/9202/TEAM-XS2-SSD
SSD,SSDMCEAC030B301,Intel,525 Series mSATA 30GB,996,36.6,50,https://ssd.userbenchmark.com/SpeedTest/1644/INTEL-SSDMCEAC030B3
SSD,,Samsung,PM81 128GB,997,36.5,69,https://ssd.userbenchmark.com/SpeedTest/1277/SAMSUNG-SSD-PM81
SSD,SSDSA2M120G2GC,Intel,X25-M 120GB,998,36.3,1606,https://ssd.userbenchmark.com/SpeedTest/993/INTEL-SSDSA2M120G2GC
SSD,SSDSA2M160G2GC,Intel,X25-M 160GB,999,36.3,7078,https://ssd.userbenchmark.com/SpeedTest/2803/INTEL-SSDSA2M160G2GC
SSD,,OCZ,VERTEX2 60GB,1000,36.2,4861,https://ssd.userbenchmark.com/SpeedTest/1338/OCZ-VERTEX2
SSD,,Ocz-vertex2,3.5 90GB,1001,36.2,648,https://ssd.userbenchmark.com/SpeedTest/2397/OCZ-VERTEX2-35
SSD,,Sandisk,SC032G 32GB,1002,36,542,https://ssd.userbenchmark.com/SpeedTest/9220/SanDisk-SDSSDRC032G
SSD,,OCZ,AGILITY2 115GB,1003,35.9,250,https://ssd.userbenchmark.com/SpeedTest/4561/OCZ-AGILITY2
SSD,,Corsair,CSSD-V128GB2 128GB,1004,35.9,221,https://ssd.userbenchmark.com/SpeedTest/6077/Corsair-CSSD-V128GB2
SSD,,Sandisk,U100 256GB,1005,35.8,440,https://ssd.userbenchmark.com/SpeedTest/6688/SanDisk-SSD-U100-256GB
SSD,CSSD-F115GB2,Corsair,Force 115GB,1006,35.7,222,https://ssd.userbenchmark.com/SpeedTest/455/Corsair-CSSD-F115GB2-A
SSD,,PNY,SSD2SC120G3LC709B121-460P 120GB,1007,35.7,507,https://ssd.userbenchmark.com/SpeedTest/9690/SSD2SC120G3LC709B121-460P
SSD,PI60GS25SSDR,Patriot,Inferno 60GB,1008,35.5,158,https://ssd.userbenchmark.com/SpeedTest/2811/Patriot-Inferno-60GB-SSD
SSD,,Ocz-vertex2,3.5 180GB,1009,35.5,138,https://ssd.userbenchmark.com/SpeedTest/2608/OCZ-VERTEX2-35
SSD,CSSD-F480GB3-BK,Corsair,Force 3 480GB,1010,35.4,173,https://ssd.userbenchmark.com/SpeedTest/16050/Corsair-Force-3-SSD
SSD,,Sandisk,U100 64GB,1011,35.4,381,https://ssd.userbenchmark.com/SpeedTest/1019/SanDisk-SSD-U100-64GB
SSD,,Toshiba,THNS512GG8BBAA 512GB,1012,35.3,85,https://ssd.userbenchmark.com/SpeedTest/5630/TOSHIBA-THNS512GG8BBAA
SSD,,,CRUCIAL-CT28M225 128GB,1013,35.1,10,https://ssd.userbenchmark.com/SpeedTest/6964/CRUCIAL-CT28M225
SSD,,Sandisk,U100 252GB,1014,34.7,177,https://ssd.userbenchmark.com/SpeedTest/7207/SanDisk-SSD-U100-252GB
SSD,,OCZ,VERTEX2 50GB,1015,34.4,332,https://ssd.userbenchmark.com/SpeedTest/3237/OCZ-VERTEX2
SSD,,Samsung,PM810 mSATA 128GB,1016,34.4,361,https://ssd.userbenchmark.com/SpeedTest/10016/SAMSUNG-SSD-PM810-mSATA-128GB
SSD,CSSD-F40GB2,Corsair,Force 40GB,1017,34.3,346,https://ssd.userbenchmark.com/SpeedTest/7389/Corsair-CSSD-F40GB2-A
SSD,,Samsung,470 Series SSD 64GB,1018,34.2,753,https://ssd.userbenchmark.com/SpeedTest/7582/SAMSUNG-470-Series-SSD
SSD,,OCZ,VERTEX2 160GB,1019,34.1,104,https://ssd.userbenchmark.com/SpeedTest/8902/OCZ-VERTEX2
SSD,,OCZ,AGILITY3 480GB,1020,34.1,804,https://ssd.userbenchmark.com/SpeedTest/5217/OCZ-AGILITY3
SSD,SSDSA2M080G2GC,Intel,X25-M 80GB,1021,34,12660,https://ssd.userbenchmark.com/SpeedTest/1145/INTEL-SSDSA2M080G2GC
SSD,SNV325S2,Kingston,SSDNow V+ Series 128GB,1022,33.6,720,https://ssd.userbenchmark.com/SpeedTest/7304/KINGSTON-SNV325S2
SSD,,Sandisk,U100 124GB,1023,32.7,246,https://ssd.userbenchmark.com/SpeedTest/6235/SanDisk-SSD-U100-124GB
SSD,SNVP325S264GB,Kingston,SSDNow V+ Series 64GB,1024,32.6,526,https://ssd.userbenchmark.com/SpeedTest/2589/KINGSTON-SNVP325S264GB
SSD,,Corsair,CSSD-F80GBP2 90GB,1025,32.3,154,https://ssd.userbenchmark.com/SpeedTest/7896/Corsair-CSSD-F80GBP2
SSD,,Samsung,MZMPA128HMFU-000H1 128GB,1026,32,908,https://ssd.userbenchmark.com/SpeedTest/4995/SAMSUNG-MZMPA128HMFU-000H1
SSD,,Sandisk,U100 SMG2 126GB,1027,31.9,318,https://ssd.userbenchmark.com/SpeedTest/2375/SanDisk-SSD-U100-SMG2
SSD,,Toshiba,THNS128GG4BBAA 128GB,1028,31.4,436,https://ssd.userbenchmark.com/SpeedTest/3481/TOSHIBA-THNS128GG4BBAA
SSD,,OCZ,VERTEX PLUS 120GB,1029,31.3,765,https://ssd.userbenchmark.com/SpeedTest/5805/OCZ-VERTEX-PLUS
SSD,NOC-MSATA-60G,OCZ,Nocti Series mSATA 60GB,1030,31.1,62,https://ssd.userbenchmark.com/SpeedTest/4546/OCZ-NOCTI
SSD,,OCZ,VERTEX 128GB,1031,31.1,494,https://ssd.userbenchmark.com/SpeedTest/2560/OCZ-VERTEX
SSD,,Intel,SSDSA2CT040G3 40GB,1032,31,1759,https://ssd.userbenchmark.com/SpeedTest/5899/INTEL-SSDSA2CT040G3
SSD,,Sandisk,U100 24GB,1033,30.9,1395,https://ssd.userbenchmark.com/SpeedTest/3926/SanDisk-SSD-U100-24GB
SSD,CSSD-V60GB2A,Corsair,Nova 2 60GB,1034,30.9,164,https://ssd.userbenchmark.com/SpeedTest/8360/Corsair-Nova-2-SSD
SSD,,Sandisk,U110 24GB,1035,30.6,3,https://ssd.userbenchmark.com/SpeedTest/11223/SanDisk-SSD-U110-24GB
SSD,,OCZ,VERTEX-PLUS 120GB,1036,30.6,265,https://ssd.userbenchmark.com/SpeedTest/4685/OCZ-VERTEX-PLUS
SSD,SSDSA2M040G2GC,Intel,X25-M 40GB,1037,30.4,1808,https://ssd.userbenchmark.com/SpeedTest/5085/INTEL-SSDSA2M040G2GC
SSD,SSDSA1M160G2HP,Intel,X18-M 160GB,1038,30.3,441,https://ssd.userbenchmark.com/SpeedTest/3864/INTEL-SSDSA1M160G2HP
SSD,,Toshiba,THNS064GG2BNAA 64GB,1039,30.1,38,https://ssd.userbenchmark.com/SpeedTest/6726/TOSHIBA-THNS064GG2BNAA
SSD,SV200S3128G,Kingston,SSDNow V Series 128GB,1040,29.8,244,https://ssd.userbenchmark.com/SpeedTest/2473/KINGSTON-SV200S3128G
SSD,,Samsung,MZMPA064HMDR-000 64GB,1041,29.4,28,https://ssd.userbenchmark.com/SpeedTest/5090/SAMSUNG-MZMPA064HMDR-000
SSD,SV200S364G,Kingston,SSDNow V Series 64GB,1042,29.4,1215,https://ssd.userbenchmark.com/SpeedTest/3816/KINGSTON-SV200S364G
SSD,,OCZ,VERTEX2 80GB,1043,29.1,233,https://ssd.userbenchmark.com/SpeedTest/4175/OCZ-VERTEX2
SSD,,Patriot,Torqx 2 64GB SSD,1044,28.7,323,https://ssd.userbenchmark.com/SpeedTest/5143/Patriot-Torqx-2-64GB-SSD
SSD,,Corsair,CSSD-V64GB2 64GB,1045,28.7,219,https://ssd.userbenchmark.com/SpeedTest/5429/Corsair-CSSD-V64GB2
SSD,,Sandisk,i100 24GB,1046,28,942,https://ssd.userbenchmark.com/SpeedTest/2946/SanDisk-SSD-i100-24GB
SSD,,Toshiba,THNS128GG4BAAA-NonFDE 128GB,1047,28,379,https://ssd.userbenchmark.com/SpeedTest/5893/TOSHIBA-THNS128GG4BAAA-NonFDE
SSD,,Toshiba,THNSNW128GMCP 128GB,1048,27.7,95,https://ssd.userbenchmark.com/SpeedTest/5430/Toshiba-THNSNW128GMCP
SSD,,OCZ,AGILITY3 360GB,1049,27.6,211,https://ssd.userbenchmark.com/SpeedTest/3757/OCZ-AGILITY3
SSD,V4-CT256V4SSD2,Crucial,V4 256GB,1050,27.6,208,https://ssd.userbenchmark.com/SpeedTest/4100/V4-CT256V4SSD2
SSD,NOC-MSATA-120G,OCZ,Nocti Series mSATA 120GB,1051,27.1,174,https://ssd.userbenchmark.com/SpeedTest/2316/OCZ-NOCTI
SSD,V4-CT128V4SSD2,Crucial,V4 128GB,1052,27,204,https://ssd.userbenchmark.com/SpeedTest/5400/V4-CT128V4SSD2
SSD,,Patriot,Torqx 2 32GB SSD,1053,27,181,https://ssd.userbenchmark.com/SpeedTest/4330/Patriot-Torqx-2-32GB-SSD
SSD,,OCZ,VERTEX-PLUS 60GB,1054,26.7,771,https://ssd.userbenchmark.com/SpeedTest/5101/OCZ-VERTEX-PLUS
SSD,,Samsung,MZMPA032HMCD-000 32GB,1055,26.6,18,https://ssd.userbenchmark.com/SpeedTest/13406/SAMSUNG-MZMPA032HMCD-000
SSD,,Samsung,MMDOE56G5MXP-0VB 256GB,1056,26.4,137,https://ssd.userbenchmark.com/SpeedTest/2430/SAMSUNG-MMDOE56G5MXP-0VB
SSD,,OCZ,VERTEX 64GB,1057,26.4,558,https://ssd.userbenchmark.com/SpeedTest/2798/OCZ-VERTEX
SSD,,OCZ,VERTEX-TURBO 32GB,1058,26.3,63,https://ssd.userbenchmark.com/SpeedTest/10536/OCZ-VERTEX-TURBO
SSD,,OCZ,NOCTI 30GB,1059,26.1,71,https://ssd.userbenchmark.com/SpeedTest/6687/OCZ-NOCTI
SSD,CSSD-V30GB2A,Corsair,Nova 2 30GB,1060,25.4,122,https://ssd.userbenchmark.com/SpeedTest/15718/Corsair-Nova-2-SSD
SSD,,Corsair,CMFSSD-64GBG2D 64GB,1061,25.4,240,https://ssd.userbenchmark.com/SpeedTest/1848/CORSAIR-CMFSSD-64GBG2D
SSD,,Corsair,CMFSSD-256GBG2D 256GB,1062,25.3,180,https://ssd.userbenchmark.com/SpeedTest/4873/CORSAIR-CMFSSD-256GBG2D
SSD,,OCZ,SUMMIT 128GB,1063,25.2,62,https://ssd.userbenchmark.com/SpeedTest/4737/OCZ-SUMMIT
SSD,,Kingston,SV100S2128G 128GB,1064,24.6,1081,https://ssd.userbenchmark.com/SpeedTest/2099/KINGSTON-SV100S2128G
SSD,,Samsung,PM800 Series 2.5" 256GB,1065,24.5,1200,https://ssd.userbenchmark.com/SpeedTest/5330/SAMSUNG-SSD-PM800-Series-25--256GB
SSD,,Samsung,MZMPA024HMCD-000L1 24GB,1066,24.2,163,https://ssd.userbenchmark.com/SpeedTest/12709/SAMSUNG-MZMPA024HMCD-000L1
SSD,,OCZ,PETROL 64GB,1067,23.9,62,https://ssd.userbenchmark.com/SpeedTest/9027/OCZ-PETROL
SSD,,,CSSD-V60GB2 60GB,1068,23.8,141,https://ssd.userbenchmark.com/SpeedTest/2886/CSSD-V60GB2
SSD,,Samsung,PM800 2.5" 128GB,1069,23.5,1159,https://ssd.userbenchmark.com/SpeedTest/4482/SAMSUNG-SSD-PM800-25--128GB
SSD,,Samsung,PB22-JS3 FDE 2.5" 256GB,1070,23.4,247,https://ssd.userbenchmark.com/SpeedTest/4863/SAMSUNG-SSD-PB22-JS3-FDE-25--256GB
SSD,,Samsung,PB22-JS3 FDE 2.5" 128GB,1071,23.4,813,https://ssd.userbenchmark.com/SpeedTest/4180/SAMSUNG-SSD-PB22-JS3-FDE-25--128GB
SSD,,Kingston,SV100S2 256GB,1072,23,146,https://ssd.userbenchmark.com/SpeedTest/3014/KINGSTON-SV100S2
SSD,,Corsair,CMFSSD-128D1 128GB,1073,22.7,87,https://ssd.userbenchmark.com/SpeedTest/1549/Corsair-CMFSSD-128D1
SSD,,Sandisk,U100 16GB,1074,22.7,448,https://ssd.userbenchmark.com/SpeedTest/9035/SanDisk-SSD-U100-16GB
SSD,,Corsair,CSSD-V32GB2 32GB,1075,22.6,117,https://ssd.userbenchmark.com/SpeedTest/13318/Corsair-CSSD-V32GB2
SSD,,Samsung,MMCRE28G8MXP-0VBL1 128GB,1076,22.4,556,https://ssd.userbenchmark.com/SpeedTest/3630/SAMSUNG-MMCRE28G8MXP-0VBL1
SSD,,Kingston,SMS100S232G 32GB,1077,22.3,36,https://ssd.userbenchmark.com/SpeedTest/7090/KINGSTON-SMS100S232G
SSD,,Samsung,PM800 TH 64GB,1078,22.1,438,https://ssd.userbenchmark.com/SpeedTest/7563/SAMSUNG-SSD-PM800-TH-64GB
SSD,,Sandisk,i100 16GB,1079,21.6,165,https://ssd.userbenchmark.com/SpeedTest/6521/SanDisk-SSD-i100-16GB
SSD,,Transcend,TS128GSSD25S-M 128GB,1080,21.2,357,https://ssd.userbenchmark.com/SpeedTest/5489/TS128GSSD25S-M
SSD,,Kingston,SV100S264G 64GB,1081,21.1,1876,https://ssd.userbenchmark.com/SpeedTest/5192/KINGSTON-SV100S264G
SSD,SNV425S2128GB,Kingston,SSDNow SNV Series 128GB,1082,20.2,1098,https://ssd.userbenchmark.com/SpeedTest/3487/KINGSTON-SNV425S2128GB
SSD,,Samsung,PM800 mSATA 64GB,1083,19.4,6,https://ssd.userbenchmark.com/SpeedTest/9744/SAMSUNG-SSD-PM800-mSATA
SSD,,Samsung,MCG8GC 63GB,1084,18.8,366,https://ssd.userbenchmark.com/SpeedTest/2089/Samsung-MCG8GC
SSD,,Transcend,TS64GSSD25S-M 64GB,1085,18.5,139,https://ssd.userbenchmark.com/SpeedTest/5160/TS64GSSD25S-M
SSD,SNV425S264GB,Kingston,SSDNow SNV Series 64GB,1086,18.1,1596,https://ssd.userbenchmark.com/SpeedTest/2043/KINGSTON-SNV425S264GB
SSD,,Patriot,Warp V2 64GB SSD,1087,17.5,7,https://ssd.userbenchmark.com/SpeedTest/11678/Patriot-Warp-V2-64GB-SSD
SSD,,Toshiba,THNSNB128GMCJ 128GB,1088,15.9,582,https://ssd.userbenchmark.com/SpeedTest/3691/TOSHIBA-THNSNB128GMCJ
SSD,,Samsung,RBX Series 128GB M,1089,15.8,354,https://ssd.userbenchmark.com/SpeedTest/6409/SAMSUNG-SSD-RBX-Series-128GB-M
SSD,,Samsung,MMCQE28G8MUP-0VA 128GB,1090,14.5,156,https://ssd.userbenchmark.com/SpeedTest/6149/SAMSUNG-MMCQE28G8MUP-0VA
SSD,,Sandisk,iSSD P4 8GB,1091,13.2,294,https://ssd.userbenchmark.com/SpeedTest/3309/SanDisk-iSSD-P4-8GB
SSD,,,OS 500GB,1092,9.75,9,https://ssd.userbenchmark.com/SpeedTest/12673/OS
SSD,,,HTS545050A7E380 500GB,1093,8.84,161,https://ssd.userbenchmark.com/SpeedTest/7371/HTS545050A7E380
SSD,,Toshiba,THNS128GE8BBDC 128GB,1094,8.74,61,https://ssd.userbenchmark.com/SpeedTest/6170/TOSHIBA-THNS128GE8BBDC
SSD,,Samsung,MBG4GC 31GB,1095,0,0,https://ssd.userbenchmark.com/SpeedTest/6544/Samsung-MBG4GC
